kepid,kepoi_name,koi_period,koi_time0bk,koi_duration,label
10797460,K00752.01,9.48803557,170.53875,2.9575,1
10797460,K00752.02,54.4183827,162.51384,4.507,1
10848459,K00754.01,1.736952453,170.307565,2.40641,0
10854555,K00755.01,2.525591777,171.59555,1.6545,1
10872983,K00756.01,11.09432054,171.20116,4.5945,1
10872983,K00756.02,4.13443512,172.97937,3.1402,1
10872983,K00756.03,2.56658897,179.55437,2.429,1
6721123,K00114.01,7.36178958,132.25053,5.022,0
10910878,K00757.01,16.06864674,173.621937,3.5347,1
11446443,K00001.01,2.470613377,122.763305,1.74319,1
10666592,K00002.01,2.204735417,121.3585417,3.88864,1
6922244,K00010.01,3.522498429,121.1194228,3.19843,1
10984090,K00112.02,3.709214104,133.98318,2.6302,1
10419211,K00742.01,11.521446064,170.839688,3.6399,0
10464078,K00743.01,19.40393776,172.484253,12.2155,0
10480982,K00744.01,19.221388942,184.5521637,4.79843,0
10485250,K00745.01,16.46983774,180.881761,9.4378,0
10526549,K00746.01,9.27358173,173.258155,3.2875,1
10583066,K00747.01,6.02930329,171.602959,1.5821,1
10583180,K00748.01,2.696370652,170.73769,3.6129,0
10601284,K00749.01,5.349553819,171.80694,3.0278,1
10601284,K00749.02,3.94105221,136.08662,2.5984,1
10601284,K00749.03,8.10904807,132.8031,3.596,1
2306756,K00113.01,386.6030528,166.342079,6.8057,0
10662202,K00750.01,21.67699193,171.53594,3.4555,1
10682541,K00751.01,4.99677968,171.74208,2.1717,1
11460018,K00769.01,4.280963604,171.89659,2.875,1
11463211,K00770.01,1.50635409,170.998064,1.5155,0
11465813,K00771.01,670.645531,209.04355,53.412,0
11493732,K00772.01,61.2563628,173.83826,7.633,0
11507101,K00773.01,38.3775486,172.82048,5.588,1
10910878,K00757.02,41.19725502,165.00404,4.6297,1
10910878,K00757.03,6.252962249,171.30126,2.5819,1
10987985,K00758.01,16.01308419,176.3608,3.2554,1
11018648,K00759.01,32.62876672,194.1019,4.7971,1
11018648,K00759.02,91.7732862,193.8378,6.473,1
11138155,K00760.01,4.959319244,172.2585292,2.22739,1
11152159,K00761.01,2.701287801,170.69579,3.3827,0
11153539,K00762.01,4.49876511,171.34905,3.7362,1
11242721,K00763.01,19.651209505,179.401981,5.2514,0
9579641,K00115.01,5.412203927,133.143089,2.9472,1
11304958,K00764.01,41.43958662,208.93203,10.5989,1
11391957,K00765.01,8.35389523,171.63257,2.2514,1
11403044,K00766.01,4.125543472,169.752585,3.1744,1
11414511,K00767.01,2.816504904,170.9676846,2.50587,1
11442465,K00768.01,33.93373447,186.67608,14.561,0
12110942,K00786.01,3.689920099,170.36571,2.6557,1
12366084,K00787.01,4.431238488,171.015,3.15,1
12366084,K00787.02,11.37936986,133.84992,2.6255,1
12404086,K00788.01,26.39432897,176.05459,3.573,1
8395660,K00116.01,13.57078281,136.279194,3.3539,1
9579641,K00115.02,7.12594387,139.00492,3.0014,1
11656840,K00774.01,7.442652004,169.9717797,2.3078,0
11754553,K00775.01,16.38489988,172.72782,3.0249,1
11754553,K00775.02,7.8774163,176.3759,2.0805,1
11754553,K00775.03,36.4454001,151.60125,4.007,1
11812062,K00776.01,3.728732147,171.793255,2.683,1
11853255,K00778.01,2.243380573,170.679233,1.1196,1
11909839,K00779.01,10.405998015,177.197466,6.5036,0
11918099,K00780.01,2.337437946,171.761982,1.9982,1
11923270,K00781.01,11.59822233,180.395376,2.5237,1
11960862,K00782.01,6.575315881,173.634044,4.3084,1
12020329,K00783.01,7.275040844,169.994217,7.5377,1
12066335,K00784.01,19.27153892,186.77093,2.7594,1
12066335,K00784.02,10.06524317,136.28906,1.369,1
12070811,K00785.01,12.3935651,178.74725,3.8896,1
8395660,K00116.02,43.84439721,151.93538,6.802,1
3120431,K00798.01,3.341913228,171.63943,3.813,0
3246984,K00799.01,1.626630225,169.820171,2.1145,0
3342970,K00800.01,2.711504086,170.03417,3.0099,1
3342970,K00800.02,7.21203748,172.81782,4.0491,1
12459725,K00789.01,14.1798187,171.50237,2.505,0
12470844,K00790.01,8.47237911,174.16212,2.7245,1
12470844,K00790.02,60.4189369,181.16367,5.039,1
12644822,K00791.01,12.611904345,180.892284,5.1497,1
2440757,K00792.01,1.433769925,170.403536,1.8868,0
2445129,K00793.01,10.31872301,173.31543,3.836,0
2713049,K00794.01,2.539183147,169.67494,2.4282,1
3114167,K00795.01,6.770300385,170.57662,2.0844,1
3114661,K00796.01,0.444291966,169.865406,2.0792,0
4139816,K00812.02,20.06036336,147.46554,3.3203,1
4139816,K00812.03,46.1842039,165.23729,4.758,1
8395660,K00116.04,23.9800854,147.537,5.351,1
4139816,K00812.04,7.82502168,136.54995,2.186,1
4275191,K00813.01,3.895936525,170.527552,2.3111,1
4476123,K00814.01,22.36646466,175.45862,5.228,1
3351888,K00801.01,1.625522174,170.8266564,2.38963,1
3554600,K00803.01,7.544039,171.7982,6.222,0
3641726,K00804.01,9.02930689,177.20422,3.1449,1
3734868,K00805.01,10.328035714,174.581054,7.7915,0
3832474,K00806.01,143.2063047,154.23552,8.9302,1
8395660,K00116.03,6.164876,135.63916,3.262,1
3832474,K00806.02,60.32494216,243.892578,6.6188,1
3832474,K00806.03,29.1598615,150.69922,4.803,1
3836375,K00807.01,1.540397253,170.50479,2.1541,0
3838486,K00808.01,2.99025443,171.9834,5.414,0
3935914,K00809.01,1.594745374,170.6483505,1.9604,1
3940418,K00810.01,4.783002698,170.508434,2.335,1
4049131,K00811.01,20.50588921,181.43428,4.0595,1
4139816,K00812.01,3.340218842,171.979062,1.9104,1
5287983,K00828.01,2.507089906,171.002455,2.0067,0
5358241,K00829.01,18.64932728,174.771,4.4056,1
10875245,K00117.02,4.90144976,138.60548,4.1654,1
5358241,K00829.02,9.75192101,138.78608,4.793,1
5358241,K00829.03,38.5576546,163.85063,5.794,1
5358624,K00830.01,3.525632539,170.0479951,2.59959,1
4664847,K00816.01,7.748094239,174.997206,3.5957,1
4725681,K00817.01,23.96793669,186.22182,3.827,1
4725681,K00817.02,8.29561738,135.79284,1.3421,1
4913852,K00818.01,8.11437482,176.33968,2.2736,1
4932348,K00819.01,38.036729482,196.934947,4.34617,0
11913073,K00011.01,3.747838198,171.66504,5.0642,0
10875245,K00117.01,14.74914825,138.77799,6.0995,1
5021899,K00821.01,21.81295996,174.01085,4.3791,1
5077629,K00822.01,7.91936937,172.181092,3.3148,0
5164255,K00824.01,15.37562369,173.61402,3.3169,1
5252423,K00825.01,8.10363271,176.9486,3.161,1
5252423,K00825.02,4.71510843,134.96178,2.506,1
5272878,K00826.01,6.365839713,171.13575,2.9721,1
5283542,K00827.01,5.97581754,174.77602,3.065,0
5649215,K00839.01,2.446737317,170.66951,4.7211,0
5651104,K00840.01,3.04033046,169.9490106,1.8411,1
5792202,K00841.01,15.33528675,174.00278,3.897,1
10875245,K00117.04,7.95825328,137.80219,4.377,1
5792202,K00841.02,31.33046135,153.43031,5.176,1
5370302,K00831.01,3.9043425,173.393734,3.831,0
5372966,K00832.01,9.286358079,171.8214689,3.49949,0
5376067,K00833.01,3.951405455,173.276125,2.1862,0
5436502,K00834.01,23.65369415,171.376107,8.2183,1
5436502,K00834.02,13.23352214,140.32196,6.7372,1
5436502,K00834.03,6.15560285,134.81656,4.9843,1
5436502,K00834.04,2.090811305,134.17462,3.388,1
10875245,K00117.03,3.180027898,133.49863,3.5797,1
5436502,K00834.05,50.4467417,178.5014,7.159,1
5456651,K00835.01,11.76307164,180.93613,2.9076,1
5456651,K00835.02,56.2279271,132.29259,3.57,1
5481416,K00836.01,2.384052875,171.58362,3.0918,0
5531576,K00837.01,7.953547,174.66224,2.6312,1
5531576,K00837.02,4.14451656,135.92831,2.3421,1
5534814,K00838.01,4.859386384,173.011469,2.2757,0
6291653,K00850.01,10.526294577,176.522462,2.5211,1
6392727,K00851.01,4.583520948,169.973972,2.7055,1
6422070,K00852.01,3.76181843,171.90364,3.5176,1
6428700,K00853.01,8.20396958,169.69138,2.9667,1
6428700,K00853.02,14.49645186,143.41659,4.016,1
5792202,K00841.03,6.54626149,133.85964,2.75,1
5794379,K00842.01,12.71809866,175.35526,3.0957,1
5794379,K00842.02,36.06588163,198.58423,4.3246,1
5881688,K00843.01,4.190425659,171.44122,2.8589,1
6022556,K00844.01,3.709870784,171.987982,3.0694,1
6032497,K00845.01,16.3297527,177.29506,6.271,1
6061119,K00846.01,27.807566216,186.713552,4.21587,1
6191521,K00847.01,80.8723469,203.895,11.195,1
6267425,K00848.01,3.166465862,172.002627,2.9381,0
3531558,K00118.01,24.99324319,138.68167,5.9409,1
6276477,K00849.01,10.35533116,170.93729,3.1775,1
6863998,K00867.01,16.08518937,180.28319,3.984,1
6948054,K00869.01,7.49018305,174.95037,2.7297,1
6948054,K00869.02,36.2761238,201.2869,4.7865,1
6948054,K00869.03,17.46087931,137.26594,2.2641,1
6435936,K00854.01,56.0560754,201.16578,4.685,1
6522242,K00855.01,41.408316686,195.78745,5.0264,1
6587280,K00857.01,5.715425977,174.87931,2.5242,1
9471974,K00119.01,49.18394185,141.911924,11.3364,1
6587280,K00857.02,20.0261412,146.91109,1.611,1
6675056,K00859.01,10.44331991,175.4046,2.743,0
6685526,K00861.01,2.237489571,170.81914,1.8119,1
6756669,K00862.01,5.851520671,173.8228336,3.11058,0
6784235,K00863.01,3.167893418,172.147959,2.1814,1
6849310,K00864.01,4.311780262,173.576483,2.7251,1
6849310,K00864.02,20.0504494,188.08821,4.556,1
6849310,K00864.03,9.76734503,186.57718,1.6585,1
9471974,K00119.02,190.3200468,312.68498,15.284,1
6862603,K00866.01,2.861159894,171.648106,1.8832,0
7366258,K00880.01,26.44439337,194.12074,3.9783,1
7366258,K00880.02,51.53997972,174.055011,6.3994,1
7366258,K00880.03,5.902245782,136.78393,2.9003,1
7366258,K00880.04,2.382951591,135.080841,1.8876,1
7373451,K00881.01,21.02250608,207.67593,4.1072,1
6948054,K00869.04,3.219814777,133.00406,2.0642,1
6949607,K00870.01,5.912273234,172.184012,2.3254,1
6949607,K00870.02,8.98581901,175.68418,2.8606,1
11869052,K00120.01,20.5452375,137.91394,2.517,0
7109675,K00872.01,33.60123371,186.680343,4.4056,1
7109675,K00872.02,6.76652928,138.0637,2.9004,1
7118364,K00873.01,4.347288783,172.23343,2.1024,1
7134976,K00874.01,4.601811819,169.98108,2.2607,1
7134976,K00874.02,11.18719905,137.17814,3.252,1
7135852,K00875.01,4.220965778,170.622433,3.0854,1
7270230,K00876.01,6.998099523,171.898913,2.0488,0
7287995,K00877.01,5.95489993,170.955871,2.3892,1
7287995,K00877.02,12.03987488,181.22536,2.7363,1
7287995,K00877.03,20.83762895,132.08488,2.3734,1
3247396,K00121.01,8.8111022,136.4568,5.0683,0
7303253,K00878.01,23.58917143,173.81994,5.073,1
5094751,K00123.01,6.481633073,122.977657,3.784,1
7678434,K00892.01,10.37168928,172.61729,3.035,1
7678434,K00892.02,3.96996298,137.75447,1.1757,1
7685981,K00893.01,4.40841331,172.18582,5.012,1
7708215,K00894.01,7.9426176,174.52563,6.703,0
7373451,K00881.02,226.8904775,207.35971,7.558,1
7377033,K00882.01,1.956811408,170.694208,2.1958,0
7434875,K00884.01,9.439459486,177.186096,2.8979,1
8349582,K00122.01,11.523067458,131.969055,3.8757,1
7434875,K00884.02,20.47748843,178.66786,2.8364,1
7434875,K00884.03,3.336123113,135.31623,1.9616,1
7455287,K00886.01,8.01078456,170.20739,2.312,1
7455287,K00886.02,12.07134205,143.45948,4.3224,1
7455287,K00886.03,20.99587872,152.31554,2.6333,1
7458762,K00887.01,7.41113177,175.34754,2.5242,1
7552344,K00888.01,1.000747038,169.974229,0.9967,0
757450,K00889.01,8.884922995,169.991686,2.07004,1
7585481,K00890.01,8.09888906,176.623731,4.20241,1
7663691,K00891.01,10.00653012,176.96898,5.344,1
5812701,K00012.01,17.855221681,146.596466,7.41287,1
8039892,K00903.01,5.007316661,173.433997,4.2362,1
8150320,K00904.01,2.211116989,170.150139,1.6485,1
8150320,K00904.02,27.9541337,178.73791,3.95,1
11086270,K00124.01,12.69104387,137.12594,3.7727,1
7767559,K00895.01,4.409409243,171.89433,3.8636,0
7825899,K00896.01,16.23947096,175.569907,4.0374,1
7825899,K00896.02,6.308201629,174.047661,2.9785,1
7849854,K00897.01,2.052349884,169.890622,2.0778,1
7870390,K00898.01,9.7704486,175.71372,2.4517,1
7870390,K00898.02,5.169804269,172.63153,2.153,1
5094751,K00123.02,21.22261195,137.57403,6.5093,1
7870390,K00898.03,20.09017037,147.97788,4.154,1
7907423,K00899.01,7.11373257,174.32351,2.1764,1
7907423,K00899.02,3.306551643,134.37211,1.8177,1
7907423,K00899.03,15.36845737,147.38965,2.4714,1
7938496,K00900.01,13.81020318,172.33533,3.048,1
8490993,K00911.01,4.093578461,171.00954,2.5833,1
8490993,K00911.02,105.145959,178.367,8.593,1
8505670,K00912.01,10.8484518,171.80584,2.9993,1
8505670,K00912.02,6.66833241,137.43988,1.915,1
8544996,K00913.01,4.082274889,169.6375652,3.23015,1
8150320,K00904.03,42.1406089,139.0604,5.083,1
8150320,K00904.04,4.617490562,135.04909,2.2618,1
8150320,K00904.05,10.19849255,137.92067,2.4283,1
8180063,K00905.01,5.795063956,172.697467,3.2496,0
8226994,K00906.01,7.15681552,174.13511,2.5882,1
8226994,K00906.02,17.64830851,133.54533,2.0873,1
8226994,K00906.03,4.14810719,133.3881,2.535,1
8247638,K00907.01,16.51410989,176.11686,4.1575,1
8247638,K00907.02,30.1329298,190.38336,5.172,1
8247638,K00907.03,4.79090809,136.31106,2.603,1
11086270,K00124.02,31.71981013,142.82083,4.819,1
8247638,K00907.04,99.6415962,198.68664,4.448,1
8255887,K00908.01,4.708326451,171.446507,3.16114,1
8256049,K00909.01,16.37198661,172.75926,3.8449,0
8414716,K00910.01,5.392026903,171.72707,2.9804,1
9141746,K00929.01,6.491682808,174.633553,4.301,1
9159275,K00930.01,3.044770796,172.01916,10.0134,0
9166862,K00931.01,3.855603916,170.6787843,3.2179,1
9166870,K00932.01,3.855599139,170.67957,3.183,0
11449844,K00125.01,38.47876629,151.852812,5.04169,1
8605074,K00915.01,37.601661282,194.713383,8.30604,0
8628973,K00916.01,3.314947362,171.313058,1.8007,1
8655354,K00917.01,6.71969089,173.35776,3.0231,0
8672910,K00918.01,39.6431552,206.596798,6.5292,1
8686150,K00919.01,51.42598578,173.535933,16.9422,0
8689031,K00920.01,21.80451611,190.49737,3.4097,1
8689373,K00921.01,10.28194593,175.33988,3.4366,1
8689373,K00921.02,18.11993039,182.61535,4.2309,1
8689373,K00921.03,3.78402867,133.28133,1.9012,1
8826878,K00922.01,5.15448142,171.6389,3.228,1
5897826,K00126.01,33.80364366,202.259731,11.4813,0
8883593,K00923.01,5.743469797,174.898924,3.4412,1
9016295,K00925.01,19.974485239,171.6300909,4.23479,0
9077124,K00926.01,3.166353562,170.966145,3.3129,1
9097120,K00927.01,23.899634407,188.982797,3.81881,0
9466668,K00939.01,3.388012244,170.5336,2.6849,1
9466668,K00939.02,5.83909761,132.09261,3.1915,1
9466668,K00939.03,1.620467654,132.06388,2.1888,1
9466668,K00939.04,10.6816951,131.55082,3.605,1
9479273,K00940.01,6.104849417,169.573477,4.6912,1
8359498,K00127.01,3.578780566,134.0304187,2.91089,1
9171801,K00933.01,3.187067566,171.64976,3.119,0
9334289,K00934.01,5.826657508,173.011411,2.9183,1
9334289,K00934.02,12.41216347,142.54039,3.739,1
9334289,K00934.03,18.74649011,147.13074,3.895,1
9347899,K00935.01,20.86021229,180.017757,5.1937,1
9347899,K00935.02,42.63427848,141.16954,6.1998,1
9347899,K00935.03,87.6476068,134.94222,8.871,1
9388479,K00936.01,9.467821474,178.415842,2.4327,1
9388479,K00936.02,0.893040969,134.540342,1.0981,1
11359879,K00128.01,4.942783419,136.3294353,3.25346,1
9406990,K00937.01,20.83426731,176.58569,4.0454,1
9415172,K00938.01,9.94602357,171.70192,3.3862,1
9415172,K00938.02,1.04562195,133.91912,1.8955,1
9415172,K00938.03,5.71462396,132.63866,2.336,1
9904059,K00145.01,102.9641952,158.07473,15.735,0
3231341,K01102.02,8.14515981,140.56811,5.073,1
3231341,K01102.03,18.9985279,144.74157,4.529,1
3231341,K01102.04,4.24439049,137.06643,3.282,1
7626506,K00150.02,28.5742692,143.8315,4.9427,1
10482160,K01170.01,7.34373964,137.29874,1.1784,1
10485069,K01171.01,0.445277068,133.52312,3.539,0
3233043,K00966.01,0.379463865,170.2480164,0.86896,0
6579806,K00967.01,9.88047978,173.608672,2.78458,0
3560301,K00968.01,4.6484156,261.09395,38.1939,0
4044005,K00969.01,17.512014768,174.282592,1.8248,0
5802246,K01044.01,0.525154153,133.744359,2.1441,0
6066403,K01045.01,1.303861044,134.212059,4.0541,0
6209637,K01046.01,0.73452496,133.43108,6.7,0
5988031,K01047.01,2.55549176,134.50078,9.083,0
7684873,K00014.01,2.947376671,171.522978,2.0911,0
8559644,K00139.01,224.7789355,142.095338,11.1899,1
2851100,K01104.01,0.890110752,133.2647,0.8774,0
3130300,K01105.01,5.76573396,133.30941,2.924,0
3240158,K01106.01,7.42608123,139.90039,3.6379,1
3240158,K01106.02,15.9868932,137.5964,4.158,1
3228959,K01107.01,0.73094589,133.68876,4.32,0
3218908,K01108.01,18.92537246,149.49558,3.9835,1
10341913,K01172.01,0.933749106,134.31831,4.256,0
10480921,K01173.01,2.037440623,133.59962,3.442,0
10350571,K01175.01,31.5925809,142.9649,13.566,1
10350571,K01175.02,17.157236,133.68951,11.284,1
3749365,K01176.01,1.97376085,178.6894194,1.82542,1
11013201,K00972.01,13.118962443,261.539434,4.3045,1
11673674,K00133.01,4.618767792,133.386535,5.9957,0
3632418,K00975.01,2.785821236,260.83731,3.5599,1
3441784,K00976.01,52.56901867,184.971267,6.7507,0
5820218,K01048.01,3.411758679,133.18086,3.158,0
5876368,K01049.01,0.525426427,133.187901,1.0801,0
5809890,K01050.01,1.269091415,133.343682,1.4647,1
5809890,K01050.02,2.853133997,133.79678,1.465,1
6131236,K01051.01,6.79685353,138.11324,3.1702,1
9048161,K00146.01,8.667822346,137.341841,4.9658,0
3218908,K01108.02,1.475323222,131.83272,2.3155,1
3218908,K01108.03,4.15246118,134.57991,2.5755,1
3235672,K01109.01,6.7210783,134.7775984,7.46,0
2837111,K01110.01,8.7348852,135.0818,4.49,1
3120276,K01111.01,10.26547688,136.49663,3.733,0
3547091,K01177.01,3.305577989,180.68154,2.5903,0
3869825,K01178.01,4.800653901,134.365782,9.0419,0
3655332,K01179.01,15.06649901,140.654788,5.9885,0
4042026,K01180.01,34.82008158,163.015559,11.1711,0
3344419,K01181.01,0.651784374,133.111707,2.0141,0
11192141,K00977.01,1.353771892,261.43662,7.012,0
11494130,K00978.01,18.95491633,262.46677,24.249,0
5648449,K00979.01,4.348866254,262.72768,3.2797,0
12167361,K00980.01,47.93094546,179.096467,2.6897,0
8607720,K00981.01,3.99751422,261.7243,3.686,0
1433962,K00982.01,1.592633181,133.9243804,5.5605,0
9032900,K00134.01,67.5923754,151.75056,12.249,1
5956342,K01052.01,17.02902786,143.33395,4.645,1
5956342,K01052.02,6.84619236,132.17265,3.529,1
5956342,K01052.03,67.8321638,125.881,7.358,1
5956342,K01052.04,43.1312147,166.26105,3.198,1
5956656,K01053.01,1.224866441,133.20824,1.7086,1
3109930,K01112.01,37.8102649,158.35799,8.733,1
2854914,K01113.01,25.93406406,149.76273,4.6142,1
2854914,K01113.02,83.4463485,158.68061,6.536,1
3337425,K01114.01,7.04710032,139.79737,2.926,0
3116412,K01115.01,12.99204853,136.32016,6.0175,1
3865567,K01182.01,11.11620211,133.100575,4.211,0
3544689,K01183.01,1.922861499,134.658644,3.5734,0
4037164,K01184.01,0.635445336,134.184037,1.8592,0
3443790,K01185.01,1.665784138,133.863028,1.8946,0
3966912,K01186.01,55.6639167,156.35017,23.546,0
8394721,K00152.01,52.09081627,158.744665,8.6388,1
11607193,K00983.01,7.1548608,266.04847,7.694,0
1161345,K00984.01,4.28746668,262.06245,1.5693,1
10227501,K00985.01,2.002779769,261.95791,2.231,0
2854698,K00986.01,8.18739443,260.86931,3.0472,1
2854698,K00986.02,76.0498163,161.71445,7.158,1
8559644,K00139.02,3.341799486,141.35472,2.9254,1
6032981,K01054.01,3.3226948,134.444,3.568,0
5866099,K01055.01,36.97708808,133.62681,4.737,0
5964985,K01056.01,1.851409163,133.17995,10.232,0
6066416,K01057.01,1.303859704,134.21201,2.8239,0
1996679,K00147.01,145.5624926,146.0588,5.4126,0
2849805,K01116.01,3.749105745,135.10837,1.9826,1
3114811,K01117.01,11.08956602,141.76142,6.2877,1
3003992,K01119.01,7.24476126,139.10497,2.3145,0
3554031,K01194.01,8.70798309,363.05638,2.4904,1
3554031,K01194.03,4.17634276,352.99674,2.335,1
8394721,K00152.02,27.40229859,133.6284,6.8491,1
7295235,K00987.01,3.179267286,261.841607,1.0246,1
2302548,K00988.01,10.38122447,268.02421,2.715,1
2302548,K00988.02,24.5709023,135.87209,3.587,1
10743597,K00989.01,81.221876,184.26164,4.1135,0
10743597,K00989.02,0.817026268,132.835239,2.0799,0
9818381,K00135.01,3.024092505,132.4168573,2.8021,1
6124941,K01058.01,5.670155713,136.201739,0.9361,0
6060203,K01059.01,1.022678654,133.45422,1.3712,1
5880320,K01060.01,12.10968709,140.21258,6.3461,1
5880320,K01060.02,4.75796103,137.69636,4.66,1
5880320,K01060.03,20.4972755,147.43894,8.536,1
3003992,K01119.02,13.55480534,139.81609,2.288,0
6307537,K01120.01,29.74454668,172.386652,23.2842,0
6359798,K01121.01,14.15402428,140.698466,4.47001,0
6311681,K01122.01,0.844786082,134.216987,3.5289,0
6365321,K01123.01,0.848483947,133.585301,1.4451,0
6301035,K01124.01,11.99097576,143.28437,5.7401,0
3859079,K01199.01,53.5292702,147.86464,5.668,1
3557493,K01200.01,0.393726813,133.310396,2.95,0
4061149,K01201.01,2.757584622,133.05017,0.9267,1
3444588,K01202.01,0.928310036,133.80358,1.1899,1
8394721,K00152.03,13.48457668,136.61808,5.0197,1
3962243,K01203.01,31.8841473,160.20696,6.122,1
10015516,K00990.01,67.69213907,138.534171,51.349,0
10154388,K00991.01,12.06222962,138.22229,2.0584,1
1432789,K00992.01,9.93146307,136.49128,5.678,1
1718189,K00993.01,21.85362905,144.32031,3.439,1
5880320,K01060.04,8.19345065,138.99617,5.234,1
5130369,K00140.01,19.97867,137.17061,10.168,0
6037187,K01061.01,41.8059544,142.81919,6.057,1
6147122,K01062.01,15.45158184,142.21096,2.406,0
8257407,K01063.01,89.698168533,176.3060152,5.5418,0
8218274,K01064.01,1.187352427,133.465454,4.999,0
3964562,K00015.01,3.012476582,135.259271,3.1424,0
5735762,K00148.01,4.77800306,124.061465,2.7361,1
6292162,K01125.01,7.814839231,357.519981,3.0122,0
6307521,K01126.01,29.7452499,157.38519,22.695,0
6359320,K01127.01,5.32667299,357.12617,3.4045,1
3848972,K01187.01,0.741057213,131.947273,1.05299,0
3860441,K01188.01,2.988085455,133.27252,3.68,0
3765771,K01189.01,2.783883492,133.227846,2.4546,0
3557341,K01190.01,0.393727296,178.587454,3.02,0
3859628,K01191.01,8.17242644,361.20157,3.902,1
1718189,K00993.02,13.0607936,137.63148,3.215,1
3858949,K00995.01,25.9518461,154.88212,14.581,0
3858824,K00996.01,25.9518536,154.88278,14.755,0
2157247,K00997.01,5.68628739,135.89269,17.573,0
7601633,K00136.01,15.663886949,147.395712,2.4775,0
8242681,K01065.01,4.020628573,133.638478,4.4085,0
8246781,K01067.01,185.02288222,273.185533,4.87326,0
8264070,K01068.01,2.897432135,450.75739,3.1793,0
8222813,K01069.01,8.70420525,357.55941,2.9385,1
6359320,K01127.02,8.1280933,358.68367,3.727,1
6362874,K01128.01,0.974868896,133.076265,1.6191,1
6272413,K01129.01,4.89721006,133.39852,1.812,1
8279765,K01130.01,2.757794163,135.232863,2.7644,0
8330548,K01132.01,1.914158508,134.644919,3.2917,0
3348082,K01196.01,3.98216698,135.52749,2.396,0
3853673,K01197.01,0.643794198,133.984483,1.5662,0
3447722,K01198.01,16.08832318,139.49184,5.731,1
3447722,K01198.02,10.30067919,142.74251,4.885,1
3447722,K01198.03,35.6757453,145.00717,7.381,1
1432214,K00998.01,161.78832712,214.039,5.31,0
2165002,K00999.01,16.56806842,146.15285,4.2647,1
2165002,K00999.02,47.3329299,151.41614,2.708,1
2441728,K01000.01,0.856895349,133.67521,1.3078,0
1871056,K01001.01,40.8065333,155.71586,13.135,1
8222813,K01069.02,2.46697039,354.93093,1.6345,1
8240904,K01070.01,6.61836309,360.36694,3.6813,1
8240904,K01070.02,107.7214092,354.19522,8.042,1
8374494,K01133.01,5.251916208,357.321883,4.9095,0
5735762,K00148.02,9.673958488,125.339418,3.2641,1
8414907,K01134.01,100.3039228,277.0607,8.702,0
8414907,K01134.02,200.61103346,456.84444,7.13,0
8397446,K01135.01,0.986620248,448.5959,3.9722,0
8386035,K01136.01,1.63484631,134.512115,6.11,0
3962243,K01203.02,14.12847677,142.8971,3.685,1
3962243,K01203.03,48.6478543,172.1271,5.464,1
3438507,K01204.01,8.39842977,136.31152,6.344,1
3869014,K01205.01,8.63847391,139.94684,5.4566,1
1871056,K01001.02,140.10765,216.21749,18.503,1
1865042,K01002.01,3.4815917,132.98828,1.8069,1
2438502,K01003.01,8.360616221,172.264978,7.5385,0
2309585,K01004.01,1.838514968,352.72266,2.7391,0
5780460,K01005.01,35.61760233,197.03573,8.4559,1
8244190,K01071.01,1.09206833,133.19403,1.8596,0
8229696,K01072.01,10.12805158,139.1159,3.517,1
8262210,K01073.01,1.613001111,178.52846,2.394,0
10272640,K01074.01,3.770551475,357.11836,3.8077,1
10232123,K01075.01,1.343767797,133.275862,1.9405,0
10223616,K01076.01,29.12436474,142.16154,3.4209,0
8415745,K01138.01,31.82814583,366.704854,2.917,0
8378634,K01139.01,3.629442796,134.70066,5.63,0
8397675,K01140.01,0.553261874,133.446605,0.8875,0
8346392,K01141.01,5.72812616,135.18066,2.0295,1
8288947,K01142.01,3.75574267,133.4333,2.2911,1
8312852,K01143.01,7.44042933,134.76331,2.991,0
9480189,K00941.01,6.581477136,174.787814,3.0896,1
11974540,K00129.01,24.669192732,132.864236,7.03515,1
9480189,K00941.02,2.382652873,170.66626,1.8888,1
9480189,K00941.03,24.66461416,189.02031,2.8579,1
9512687,K00942.01,11.51517167,174.85855,2.006,1
8644288,K00137.01,7.641567589,135.407564,3.41018,1
5738346,K01006.01,30.6113932,374.6216,3.576,0
1725016,K01007.01,7.40742502,355.49652,3.675,1
1722276,K01008.01,569.934135,248.94045,4.1904,0
892772,K01009.01,5.09246539,357.53594,3.659,0
1027438,K01010.01,110.61576622,145.83537,5.0,0
10268907,K01077.01,1.103971357,354.58216,0.926,0
5446285,K00142.01,10.916108342,133.009227,3.6496,1
10166274,K01078.01,3.353732008,134.869597,1.4598,1
10166274,K01078.02,6.877446033,132.08426,1.3692,1
10166274,K01078.03,28.46464804,158.03986,2.6657,1
10153827,K01079.01,0.293630085,133.584241,2.3857,0
5735762,K00148.03,42.89645024,146.0613,5.6897,1
8302450,K01144.01,2.44199803,134.57095,2.759,0
8351704,K01146.01,7.09712124,136.34514,2.1059,1
8299955,K01147.01,2.6827683,134.25535,2.957,0
9513865,K00943.01,3.601465336,171.99184,2.2753,1
9595686,K00944.01,3.108251172,170.244566,2.5048,0
9605514,K00945.01,25.8474958,188.874,5.985,1
9605514,K00945.02,40.715561,146.36485,6.894,1
9661877,K00946.01,20.42720701,176.71737,3.447,0
5728283,K01011.01,6.198273591,183.3731434,7.53837,0
8127639,K01012.01,1.023471798,354.8182,2.3499,0
6047498,K01013.01,0.51872711,133.676312,1.252,0
8125580,K01014.01,17.31711739,142.36094,3.1518,1
8158127,K01015.01,9.42889884,140.1046,4.4481,1
10158990,K01080.01,1.096583368,133.61436,2.1188,0
10141900,K01082.01,6.50327035,135.26657,2.591,1
10141900,K01082.02,4.09667624,133.09833,2.19,1
10141900,K01082.03,1.196548464,132.53363,1.2592,1
8410727,K01148.01,11.47609015,135.39622,5.046,1
8410727,K01148.02,25.2630467,134.18397,6.22,1
8349405,K01149.01,7.1688266,136.23827,1.29,0
8278371,K01150.01,0.677374687,133.94573,1.8361,1
8280511,K01151.01,10.43547031,134.82462,3.4167,1
8280511,K01151.02,7.41084314,135.75425,3.245,1
9710326,K00947.01,28.59914031,189.92667,3.6567,1
9761882,K00948.01,24.58716355,173.70572,3.984,1
5297298,K00130.01,34.193600311,155.2966351,5.41382,0
9766437,K00949.01,12.53248222,170.76535,4.0168,1
9775938,K00951.01,13.19720694,171.545479,3.4872,1
8644288,K00137.02,14.85890852,128.154869,3.5252,1
8158127,K01015.02,4.08897299,135.76402,3.585,1
8176653,K01016.01,2.866680334,134.066374,1.1264,0
8174625,K01017.01,17.44486016,141.6802,4.445,1
8183911,K01018.01,8.30697421,137.08254,2.76,0
8179973,K01019.01,2.49705175,135.3072596,3.79,0
10157458,K01083.01,7.33685101,138.5829,3.548,1
4649305,K00143.01,22.65117451,140.337593,3.6895,0
10148521,K01084.01,1.204274435,134.05838,1.3362,0
10118816,K01085.01,7.71790675,139.15725,1.84,1
10122255,K01086.01,27.6652847,144.8714,6.633,1
3124412,K01087.01,0.948950734,134.368152,4.0245,0
3835670,K00149.01,14.55730897,145.095012,7.7643,1
10287248,K01152.01,4.722254104,178.243313,3.451,0
10351767,K01153.01,0.635069939,134.0209283,2.07171,0
10342041,K01155.01,0.933746515,133.387415,6.6522,0
10514770,K01156.01,1.872421727,134.366162,1.5261,0
9775938,K00951.02,33.6528474,147.8025,3.9616,1
9787239,K00952.01,5.90127815,171.40674,2.1979,1
9787239,K00952.02,8.75209691,170.63671,2.3742,1
9787239,K00952.03,22.78078241,155.20408,3.3002,1
9787239,K00952.04,2.896005211,133.61228,1.6776,1
9787239,K00952.05,0.742957911,133.27936,0.6688,1
2309719,K01020.01,54.35635067,164.070221,6.4345,0
2558363,K01021.01,0.54624855,178.5614,2.0543,0
2716853,K01022.01,18.82744023,196.19088,4.664,1
2445154,K01023.01,8.4120069,139.64745,3.923,0
2715135,K01024.01,5.747711909,133.29939,1.8923,1
8644288,K00137.03,3.504691252,133.511941,1.9811,1
3113266,K01088.01,0.995861402,132.346819,1.1507,0
3247268,K01089.01,86.67856052,175.597013,10.1289,1
3247268,K01089.02,12.21828097,140.321095,2.6969,1
3232859,K01090.01,8.387210055,138.903759,1.6477,0
3098184,K01091.01,15.2384539,369.56902,19.292,0
2720309,K01092.01,0.413334492,133.212225,2.3808,0
10342065,K01157.01,0.93374614,133.388153,6.551,0
10352945,K01158.01,6.47179275,356.38477,6.788,0
10354039,K01159.01,64.617518,166.14425,5.796,1
10330115,K01160.01,13.21409607,140.58492,3.5641,1
10426656,K01161.01,6.05729966,135.92756,3.7419,1
9820483,K00953.01,3.584101048,170.427829,2.7316,1
9941662,K00013.01,1.763587535,120.5659254,3.16877,1
7778437,K00131.01,5.014234733,133.174289,4.589,1
9823457,K00954.01,8.11528727,174.52257,3.211,1
9823457,K00954.02,36.9250409,174.22246,4.9381,1
2574201,K01025.01,37.4783492,157.31713,5.317,0
2166206,K01028.01,8.09695764,140.74216,3.319,0
2164169,K01029.01,32.3122867,133.867,6.569,1
2574338,K01030.01,9.22961384,138.43961,2.235,1
2584163,K01031.01,14.5598556,135.95038,5.624,1
4180280,K00144.01,4.176254191,133.090415,3.6716,1
3239636,K01093.01,0.528755447,133.38227,5.714,0
2721030,K01094.01,6.10027621,135.58656,4.7476,1
3340070,K01097.01,10.9110487,142.52714,7.033,0
7626506,K00150.01,8.408878137,134.006366,3.4967,1
10426656,K01161.02,10.93725572,136.98549,3.0822,1
10426656,K01161.03,2.97136658,134.38662,2.716,1
10528068,K01162.01,158.6850022,173.94993,11.5372,1
10468940,K01163.01,2.936527336,135.71829,1.771,1
9825625,K00955.01,7.03902016,175.73059,3.8633,1
9875711,K00956.01,8.360870704,175.64459,2.7144,1
7661409,K00957.01,3.14051153,178.4691,8.2806,0
1026957,K00958.01,21.76129812,166.540438,1.243,1
10002261,K00959.01,12.713794177,175.0725677,2.44093,0
8176650,K00960.01,15.801100028,177.1533515,6.37505,0
5899544,K01034.01,1.739428983,354.889074,2.4894,0
5963222,K01035.01,1.217266418,133.328666,3.3208,0
5982353,K01036.01,19.563092517,134.3548284,6.9547,0
6205468,K01037.01,3.7228551,179.30315,12.8164,0
8506766,K00138.01,48.93786896,140.76639,6.5868,0
3240706,K01098.01,5.48990788,134.10438,4.02,0
2853093,K01099.01,161.5278347,198.00137,3.6734,1
3228824,K01100.01,0.73093905,355.90306,2.8437,0
3245969,K01101.01,11.39102358,137.70864,2.303,1
3231341,K01102.01,12.33343853,137.58782,6.221,1
10468940,K01163.02,8.01500821,134.8277,3.0137,1
10341831,K01164.01,0.933749941,133.38422,6.606,0
10337517,K01165.01,7.053934488,136.357253,1.7244,1
10337517,K01165.02,4.29263699,134.80018,2.7,1
10351231,K01166.01,7.6746614,133.22431,1.9374,1
10485179,K01167.01,0.445275074,133.971372,2.276,0
8561063,K00961.01,1.213770423,170.483645,0.5532,1
8561063,K00961.02,0.453287416,133.869741,0.4445,1
8892910,K00132.01,10.810132734,132.95157,4.4618,0
8561063,K00961.03,1.865114193,133.792344,0.4279,1
10657664,K00964.01,3.273699006,171.2385098,3.07626,0
3337351,K00965.01,7.047103499,175.03337,3.3208,0
6153201,K01038.01,0.530300102,354.985736,2.8502,0
5802486,K01039.01,1.073917869,177.924088,2.4305,0
5817553,K01040.01,4.206096814,136.44854,10.7381,0
5982368,K01041.01,19.56313723,369.11182,6.8575,0
5816811,K01042.01,2.227718792,134.452638,4.9699,0
5816165,K01043.01,0.591914504,355.353791,1.0225,0
7102227,K01360.01,36.7704935,164.29112,4.42,1
7102227,K01360.02,14.58932429,141.93498,2.4184,1
7102227,K01360.03,0.764017553,132.2214,1.103,1
6960913,K01361.01,59.8780258,151.1847,4.8027,1
11122894,K01426.02,74.92768653,124.99266,4.74,1
11122894,K01426.03,150.0189511,224.685714,4.3823,1
11129738,K01427.01,2.613020421,133.11283,1.9588,1
11401182,K01428.01,0.927859786,133.905978,1.4279,1
11030711,K01429.01,205.912735,252.74129,9.992,1
11512246,K00168.03,7.10695741,138.32271,5.1462,1
6690082,K01240.01,2.1395563,133.65392,2.0678,1
6690082,K01240.02,4.807103254,134.640371,0.9393,1
6448890,K01241.01,21.4054422,147.08981,11.721,1
6448890,K01241.02,10.5007712,135.6479,14.522,1
10730034,K01305.01,2.633852528,134.56431,2.0206,1
10730034,K01305.02,6.18670882,136.63308,2.909,1
10858691,K01306.01,1.796320953,133.33662,1.9139,1
10858691,K01306.02,3.468073,136.00831,2.361,1
10858691,K01306.03,5.9142668,133.49193,2.661,1
8107380,K00162.01,14.00640392,142.20885,4.6919,1
6936909,K01363.01,3.546531809,134.90127,2.2746,1
6936909,K01363.02,5.70070626,132.69229,1.6408,1
6962977,K01364.01,20.8341497,186.03921,4.522,1
6962977,K01364.02,7.0556584,181.91205,3.0479,1
11176127,K01430.01,10.47548084,152.64165,2.3024,1
11176127,K01430.02,22.92886314,143.86271,2.0831,1
11176127,K01430.03,77.4740991,184.24533,4.168,1
11014932,K01432.01,6.88595222,138.40761,4.148,1
6677256,K01243.01,3.125814002,356.41184,1.7895,0
8030148,K00155.01,5.660669429,137.416045,4.6483,1
6692833,K01244.01,10.80487163,134.09498,2.7215,0
6693640,K01245.01,13.71938426,140.74483,5.5677,1
10858691,K01306.04,29.2214959,139.32807,4.014,1
10973814,K01307.01,44.8520997,172.46196,3.5729,1
10973814,K01307.02,20.34237838,137.6952,2.3351,1
6541920,K00157.05,118.3786735,287.28744,9.5574,1
10586208,K01308.01,23.58444746,145.95798,5.5545,1
6962977,K01364.03,11.97884409,178.96957,3.751,1
6962977,K01364.04,3.71545593,169.78318,2.558,1
6962977,K01364.05,2.58083264,171.56048,2.1729,1
7174351,K01365.01,1.487084251,133.97746,1.3233,0
6932987,K01366.01,19.25404023,164.78424,4.6509,1
11014932,K01432.02,15.0549356,144.575,4.801,1
11014932,K01432.03,2.92721119,133.82725,2.545,1
11014932,K01432.04,38.2856338,143.2984,6.512,1
11288505,K01433.01,19.80787763,139.37983,3.453,1
11493431,K01434.01,2.343230566,133.20732,2.0424,1
8801343,K01247.01,2.73987398,134.5503077,4.15886,0
8488878,K01248.01,5.801880653,357.453464,4.2608,0
8560285,K01249.01,85.34092607,386.211642,10.6141,0
8620565,K01250.01,0.782045734,134.0214,1.7945,0
10854768,K01309.01,10.1171684,137.44489,4.6677,1
10964440,K01310.01,19.12947603,139.4353,3.9622,1
10713616,K01311.01,83.5781976,202.45865,7.2487,1
10963242,K01312.01,6.1469956,135.07385,3.3153,1
10785538,K01313.01,0.522457732,133.751976,0.8907,0
6932987,K01366.02,54.1558384,172.36559,4.432,1
8191672,K00018.01,3.548465446,122.9014315,4.56904,1
6851425,K00163.01,11.1199028,139.753524,3.3759,1
6934291,K01367.01,0.567856484,134.063088,1.0258,1
7357531,K01368.01,251.0597249,230.027745,5.1095,0
6185711,K00169.01,11.70219638,151.13414,2.6658,0
11037335,K01435.01,40.7150498,146.56647,8.587,1
11037335,K01435.02,10.44635944,133.27821,2.749,1
11389771,K01436.01,2.508553286,135.0112,2.2664,1
11389771,K01436.02,13.75129636,144.61389,3.853,1
8737796,K01252.01,0.885747456,134.486834,4.4788,0
8462258,K01253.01,3.611541977,357.25064,8.6068,0
10925104,K00156.01,8.041347775,143.038292,2.6332,1
8454250,K01254.01,5.082722475,137.26075,5.9139,0
8848271,K01256.01,9.991625291,137.447816,3.8552,0
10585852,K01314.01,8.57504983,140.14063,8.653,1
10794087,K01316.01,7.64970832,138.33113,6.625,1
6541920,K00157.06,10.30401132,138.50377,4.2246,1
4275739,K01317.01,2.171827838,355.083686,3.2205,0
7287415,K01369.01,3.016182013,133.88395,2.8349,1
6924203,K01370.01,6.8833761,135.26522,2.2702,1
6878167,K01371.01,0.833980196,133.68304,1.756,0
6880531,K01372.01,69.62754202,176.3098622,11.07,0
6863839,K01373.01,1.926353494,133.68077,2.5305,0
7296086,K01374.01,0.890737359,134.56707,1.9257,0
11389771,K01436.03,5.41908491,131.6422,2.3379,1
11599038,K01437.01,7.01733571,133.90592,3.567,1
11193263,K01438.01,6.91134223,136.64878,5.6743,1
11027624,K01439.01,394.6249514,177.84534,24.108,1
11032227,K01440.01,7.19304935,136.05065,3.407,1
8751933,K01257.01,86.64764448,173.794641,4.2326,1
8630788,K01258.01,36.33750453,160.39806,7.06,1
8630788,K01258.02,14.64613058,136.5227,5.688,1
8630788,K01258.03,148.272013,138.00557,4.192,1
8823426,K01259.01,1.506507172,178.18515,4.5346,0
4070376,K01318.01,1.634614356,133.96855,3.4422,0
4078157,K01319.01,16.025018977,367.693328,3.8828,0
4164994,K01320.01,10.50682978,360.082152,3.7769,1
4480676,K01321.01,0.711966971,134.223486,2.0221,0
4079535,K01322.01,17.72724392,356.795528,4.1073,0
6766634,K01375.01,321.2124365,206.930556,4.012,1
6774826,K01376.01,7.13895376,184.24569,4.568,0
5652237,K00164.01,4.4645454,132.31538,2.8823,0
7211469,K01377.01,11.29689442,134.57233,4.623,1
7375795,K01378.01,19.30112039,133.35614,6.0752,0
7255336,K00019.01,1.20320092,133.929836,1.9197,0
7831264,K00171.01,5.968724048,137.158607,3.651,1
7802136,K01449.01,10.980246199,137.1376073,3.74464,0
7532973,K01450.01,2.144632238,133.984128,6.2701,1
9632895,K01451.01,27.32204488,159.7472774,5.6716,0
7449844,K01452.01,1.152216965,133.277861,2.2245,0
8766222,K01260.01,5.2972293,177.95111,3.799,0
8678594,K01261.01,133.460999,216.04334,11.4997,1
10925104,K00156.02,5.188563677,145.362252,2.3683,1
8678594,K01261.02,15.19423359,142.73422,3.106,1
8703884,K01262.01,14.17098745,359.82956,3.4804,0
8560840,K01263.01,31.9734169,133.86598,13.262,0
4076098,K01323.01,3.990105908,355.840837,2.4108,1
4551328,K01324.01,0.52205862,133.138446,2.0847,0
4282872,K01325.01,10.035381809,137.471481,3.4062,1
4639868,K01326.01,53.100942624,135.9717179,2.2868,0
10555375,K00158.01,5.80181368,137.57807,4.119,0
4372768,K01327.01,15.6402515,359.07991,6.222,0
7375795,K01378.02,0.691666384,135.94927,1.9603,0
7211221,K01379.01,5.62154315,136.89013,2.4143,1
7025526,K01380.01,1.074106954,133.84323,1.9797,0
9451127,K01381.01,5.117401517,134.586518,4.3056,0
9446824,K01382.01,4.20233673,179.533899,3.6973,0
11356260,K01441.01,8.50698069,134.64421,2.938,1
11044770,K00170.01,15.60865244,144.29934,6.26,0
11600889,K01442.01,0.669310092,134.131388,1.6274,1
11197126,K01443.01,4.494498254,134.77583,1.9742,0
11043167,K01444.01,44.9306706,140.2077,6.539,1
8612847,K01264.01,14.13175309,142.26044,4.0136,1
8552583,K01265.01,1.061934816,133.84801,3.2551,0
8547140,K01266.01,11.41926141,137.66894,3.9908,1
8519253,K01267.01,5.93821065,136.52839,2.5128,0
8757910,K01269.01,0.655001616,133.176794,1.8136,0
4072526,K01329.01,33.1996355,153.66086,5.022,1
4150539,K01330.01,8.65306587,134.30886,4.486,0
4455231,K01332.01,19.30581662,373.18998,4.2902,1
8953257,K01383.01,3.221785738,136.141517,3.3411,0
8971432,K01384.01,0.6243875,133.0436541,1.92102,0
9278553,K01385.01,18.610092584,139.0850449,4.98308,0
9527915,K00165.01,13.22175358,139.570627,2.7884,1
9143254,K01386.01,1.137525054,133.805565,2.68228,0
8949247,K01387.01,23.799939273,152.5654761,5.02319,0
11336883,K01445.01,7.16893064,135.67854,4.6766,1
12506351,K01446.01,1.22775877,133.78679,2.7545,0
7622486,K01447.01,40.24649897,161.306577,6.0203,0
7622486,K01447.02,2.27999662,133.640649,5.7777,0
9705459,K01448.01,2.48658617,134.110364,2.7189,0
8564587,K01270.01,5.729317577,138.559971,1.1816,1
10925104,K00156.03,11.776132317,142.705753,2.8971,1
8564587,K01270.02,11.60908533,133.99324,2.2603,1
8552498,K01272.01,0.530967162,133.849416,3.3659,0
8806072,K01273.01,40.05881661,169.91063,5.595,1
4455231,K01332.02,6.09747233,354.05919,3.431,1
4455231,K01332.03,56.637918,135.51975,6.172,1
4285107,K01333.01,2.243016513,133.45086,2.721,0
4150624,K01334.01,8.6531216,134.30147,4.39,0
8972058,K00159.01,8.99088621,136.73923,4.2447,1
9346253,K01388.01,34.064566412,150.452048,9.6114,0
9002237,K01389.01,4.350087749,134.800238,2.6428,0
9288786,K01390.01,1.744101106,134.50867,1.5497,0
8958035,K01391.01,7.981187121,133.802114,1.8071,0
9040849,K01392.01,4.118775582,357.261244,3.76,0
7842610,K01453.01,0.971933156,133.853925,1.9265,0
7830637,K01454.01,121.5991278,137.27469,15.1596,0
7832356,K01456.01,7.886632468,360.514132,5.2147,1
9643874,K01457.01,8.027681123,360.171355,3.0942,1
8800954,K01274.01,704.962626,492.77178,18.003,1
8583696,K01275.01,50.28635977,167.63351,6.3212,1
8804283,K01276.01,22.79020351,138.68515,5.0394,1
8804283,K01276.02,13.26079792,139.0988,3.912,1
8552565,K01277.01,1.061932545,133.850441,2.1429,0
4155328,K01335.01,127.8334997,293.41845,10.914,1
4077526,K01336.01,10.21864532,136.8622,3.802,1
4077526,K01336.02,15.573637,132.44282,5.326,1
4077526,K01336.03,40.1015561,132.71244,5.246,1
4077526,K01336.04,4.45814897,134.39743,2.867,1
8937021,K01394.01,5.663621501,133.89009,1.2968,0
8935810,K01395.01,6.230335,181.29566,1.6493,1
2441495,K00166.01,12.49340725,138.462232,2.2614,1
9455556,K01396.01,6.62643441,183.98789,3.1752,1
9455556,K01396.02,3.70122061,180.27172,2.523,1
3732821,K01207.01,13.73474071,142.32752,2.769,1
3962357,K01210.01,14.55387488,134.11669,6.973,1
9110357,K00016.01,0.895277575,133.411986,2.711,0
8394721,K00152.04,81.0637895,139.53492,3.001,1
8609450,K01278.01,24.8056775,145.07526,6.148,1
6541920,K00157.01,13.02493307,138.176157,4.5706,1
8609450,K01278.02,44.3471936,161.31738,6.43,1
8609450,K01278.03,9.2207691,138.0072,4.907,1
8609450,K01278.04,13.6396648,141.7301,5.425,1
4243911,K01337.01,1.922799706,134.50174,1.8604,1
4466677,K01338.01,3.222975318,178.0701,2.9247,1
4135665,K01339.01,4.16811839,134.89621,2.8084,1
9269281,K01398.01,5.82348911,354.99602,2.2441,1
9157908,K01400.01,9.41475056,142.32936,4.736,0
9030447,K01401.01,0.56669006,133.81294,2.1674,0
9034103,K01402.01,7.13969705,137.18652,3.981,1
9214942,K01403.01,18.75470238,141.7172,3.0331,1
3858704,K01211.01,3.00363219,135.64129,3.732,0
3749134,K01212.01,11.30123036,134.91855,4.022,1
3556220,K01213.01,0.796722833,133.07985,2.4551,0
3660924,K01214.01,4.24153629,133.45522,2.971,1
3939150,K01215.01,17.32419108,142.09977,8.045,1
8628758,K01279.01,14.37457572,138.20189,4.7892,1
8628758,K01279.02,9.65188331,132.15947,4.296,1
8509361,K01280.01,6.0990118,135.52357,3.6112,0
8742590,K01281.01,49.4781446,141.82465,2.493,1
8822366,K01282.01,30.8639476,162.88077,8.864,1
8972058,K00159.02,2.403640701,134.73065,1.4012,1
4386059,K01340.01,2.90060781,179.83386,2.563,0
4650674,K01341.01,4.51436096,134.0293,3.0083,1
4275721,K01342.01,3.77359871,134.07013,2.7282,1
4275721,K01342.02,8.18182189,134.81423,2.4566,1
8874090,K01404.01,13.32389352,135.24585,3.2208,1
11666881,K00167.01,4.919584997,134.602396,4.1988,1
9264949,K01405.01,11.41911886,186.30498,5.135,1
9271752,K01406.01,11.36113254,136.92584,4.1886,1
9007866,K01407.01,1.3866358,134.3472,4.77,0
9150827,K01408.01,14.53410833,145.42643,3.3094,1
3939150,K01215.02,33.0063185,145.38821,7.118,1
3839488,K01216.01,11.13127159,134.36341,4.2372,1
3542588,K01217.01,3.47143963,133.74061,3.663,0
3442055,K01218.01,29.6193891,133.68205,4.9595,1
3440861,K01219.01,3.50376155,134.6825677,3.16,0
12252424,K00153.01,8.925079516,139.71389,2.6766,1
8700771,K01283.01,8.0922105,138.04535,5.7696,1
10960993,K01284.01,3.117087797,134.684738,3.06941,0
6541920,K00157.02,22.687155,148.455435,5.4921,1
10599397,K01285.01,0.937406378,134.726531,1.9515,0
10879208,K01286.01,0.668483615,178.281377,2.0909,0
10843203,K01287.01,4.429633087,355.143546,3.0257,0
4570931,K01343.01,1.544927524,133.54909,1.0134,0
4136466,K01344.01,4.48758768,133.36092,2.874,1
7284688,K01345.01,0.323021692,133.603668,2.3442,0
7199774,K01346.01,4.70818628,137.0593,3.278,0
7037540,K01347.01,14.405857436,360.3847471,5.48509,0
6866228,K01348.01,7.702374154,137.563452,3.8459,0
9391208,K01409.01,16.56062577,133.49703,2.611,1
9391506,K01410.01,15.74958583,150.24579,4.6672,1
8950853,K01412.01,37.8145252,134.66424,9.109,1
9006449,K01413.01,12.64504291,138.63149,9.117,1
9006449,K01413.02,21.5262958,132.28787,8.392,1
9006449,K01413.03,33.8845825,159.98819,6.538,1
4043190,K01220.01,6.40087137,136.8824,2.5561,1
3640905,K01221.01,30.1599411,138.51774,7.874,1
3640905,K01221.02,51.0771048,152.35694,11.233,1
4060815,K01222.01,4.2856756,134.4812,4.059,0
6613006,K01223.01,7.388833611,133.9344039,5.62857,0
6606653,K01224.01,2.698021895,136.32786,23.192,0
10790387,K01288.01,117.93110803,219.704226,5.8796,1
10748393,K01289.01,4.887806806,354.539481,2.4078,0
10874226,K01290.01,11.973605044,144.779315,4.3117,0
10661771,K01291.01,1.231364189,133.036618,5.8574,0
10924853,K01292.01,2.102416517,134.394943,1.7684,0
10874926,K01293.01,11.703109303,133.721698,2.0467,0
6631721,K00160.01,13.73808249,134.43787,3.354,0
6847018,K01349.01,16.66216657,142.186468,3.8762,0
7220322,K01350.01,0.752159702,134.047229,2.3621,0
6956233,K01352.01,4.81886153,358.16338,6.223,0
7303287,K01353.01,125.86540191,236.659731,9.0191,1
7303287,K01353.02,34.5439452,132.68453,3.482,1
11512246,K00168.01,10.74241765,133.2867,6.0633,1
8916492,K01414.01,4.02378908,136.23411,3.237,0
11193447,K01415.01,0.312941621,133.810501,2.0646,0
11517719,K01416.01,2.495780169,135.336948,4.2721,1
11599264,K01417.01,8.428090255,358.303469,1.881,0
11100657,K01418.01,8.344104633,361.839209,1.8014,0
6621116,K01226.01,137.75960504,173.16476,9.1713,0
6629332,K01227.01,2.155278342,133.576109,2.1064,0
6387450,K01228.01,3.661326482,135.26995,2.5714,0
12252424,K00153.02,4.75400072,128.547155,2.5394,1
6432059,K01229.01,0.76973817,133.2965754,2.5,0
6470149,K01230.01,165.739861,214.039466,24.9393,0
10549562,K01294.01,9.08937826,139.08364,6.255,0
10874614,K00017.01,3.234699282,121.4865708,3.59385,1
6541920,K00157.03,31.99552485,154.160745,4.2817,1
10666230,K01295.01,1.577800747,133.307724,2.1626,0
10971674,K01296.01,2.380862632,135.3252117,4.20416,0
6891543,K01354.01,1.752567456,134.47196,5.4993,0
7211141,K01355.01,51.92920654,151.93321,5.2637,1
7376983,K01358.01,5.644914154,356.73699,2.2599,1
5084942,K00161.01,3.105507835,133.210427,1.7458,1
11125936,K01419.01,1.336109338,178.258786,1.7419,0
11497958,K01422.01,5.841636615,135.92315,1.8734,1
11497958,K01422.02,19.85029495,133.64933,2.8407,1
11512246,K00168.02,15.27443889,147.57983,6.0765,1
6462874,K01231.01,22.34293693,155.08552,7.0813,0
6665223,K01232.01,119.40817159,232.649303,9.3537,0
6545358,K01233.01,1.171536413,178.597581,1.5878,0
6390824,K01234.01,0.973547911,133.49742,2.2858,0
6546528,K01235.01,3.053563251,133.88354,3.2551,0
10676923,K01297.01,1.031096352,133.93938,2.781,0
10604335,K01298.01,11.00817635,143.22611,2.013,1
10604335,K01298.02,92.7495777,173.27975,5.506,1
10864656,K01299.01,52.5008645,171.52114,14.9066,1
10975146,K01300.01,0.63133171,133.94488,1.1487,1
10538176,K01301.01,12.69905011,184.9868,2.9899,1
7376983,K01358.02,8.74292005,358.59286,2.6277,1
7376983,K01358.03,3.64830183,355.39128,1.9985,1
7376983,K01358.04,2.345863002,354.11185,1.6795,1
6946199,K01359.01,37.1011418,370.4803,5.5556,1
11497958,K01422.03,10.8644095,131.12833,1.853,1
11177707,K01423.01,124.4197175,150.59616,3.7197,1
11611600,K01424.01,1.219568047,133.460233,1.5681,1
11254382,K01425.01,2.05388477,133.73432,2.1635,1
11122894,K01426.01,38.86848956,171.30369,6.0573,1
6677841,K01236.01,35.7353616,151.1133,8.491,1
6677841,K01236.02,12.30971679,137.68401,6.74,1
6677841,K01236.03,54.4205407,148.70471,8.559,1
9970525,K00154.01,30.00908916,139.70643,3.15,0
6531491,K01237.01,14.32407216,364.39537,4.6577,0
6383821,K01238.01,27.07237655,139.1127,6.9592,1
10538176,K01301.02,37.5142128,189.30015,5.303,1
10724369,K01302.01,55.6391882,187.55044,7.316,1
6541920,K00157.04,46.6856205,225.04604,6.3794,1
10744335,K01304.01,4.59726613,136.47837,2.909,1
4860678,K01602.01,9.97716876,137.2361,5.908,1
5177104,K01603.01,3.02168007,133.47243,2.8264,1
7023960,K00187.01,30.882538697,151.5295103,5.3737,0
10033279,K01604.01,72.4914068,139.77857,3.612,0
5009189,K01605.01,4.93913074,135.05172,1.362,0
8230616,K01713.02,2.240486703,137.82477,1.3988,1
9836959,K01715.01,105.0145774,228.94455,7.426,1
9838949,K01716.01,4.88084456,136.19585,2.5574,1
9895006,K01717.01,10.56137217,133.76396,3.2645,1
9896558,K01718.01,67.6690554,198.19427,9.556,1
9589323,K01488.01,3.949627144,134.61096,1.5485,1
9823487,K01489.01,16.00460392,140.47981,3.9475,1
9602514,K01490.01,3.55650737,133.51831,8.545,0
9726659,K01491.01,3.148661555,356.93612,2.1978,1
12108312,K01492.01,0.70544824,133.807063,2.9423,0
5371776,K01557.01,3.295701024,133.966333,1.8268,1
5371776,K01557.02,9.65349016,134.85555,2.9029,1
5371776,K01557.03,5.315954488,132.43002,1.1165,1
9573539,K00180.01,10.04556377,129.09371,3.2027,1
5371776,K01557.04,1.499144441,133.07022,1.4259,1
9886661,K01606.01,5.082748362,133.21176,1.7732,1
5477805,K01607.01,5.00673576,134.54239,1.9398,0
10055126,K01608.01,9.17617167,138.71393,4.2642,1
10055126,K01608.02,19.7383992,133.28544,4.894,1
5009743,K01609.01,41.6980186,169.57548,5.7047,1
10015937,K01720.01,59.6585348,168.08764,5.514,1
10019065,K01721.01,52.6298542,155.61064,6.118,1
7950644,K00192.01,10.290994129,137.0220594,4.28889,1
10080248,K01722.01,14.8783945,142.96841,7.491,1
10213902,K01723.01,59.6222627,138.13805,6.888,1
9842906,K01493.01,4.9883873,358.23526,9.059,0
11821363,K01494.01,8.19596647,136.68736,2.824,1
7629518,K01495.01,15.59466045,137.5636,5.0478,1
10810838,K00174.01,56.35407916,144.83768,3.4449,1
4828341,K01496.01,36.12895451,388.551318,2.2348,0
10019763,K01558.01,32.50456309,365.358295,2.4657,0
9899280,K01559.01,1.332560589,133.38311,4.2427,0
4940438,K01561.01,9.08590495,182.08162,2.0718,0
5308663,K01562.01,0.784512952,355.57263,2.4623,0
5474733,K01610.01,0.883778461,133.60599,1.6339,0
10963065,K01612.01,2.465024332,132.68122,1.262,1
6268648,K01613.01,15.86624787,141.08734,4.25,1
10125352,K00021.01,4.288515468,121.97268,2.2959,0
5357901,K00188.01,3.797018259,133.508776,2.2608,1
4278221,K01615.01,1.340596782,132.24549,1.6484,1
10214162,K01724.01,17.42393582,148.82614,4.929,1
10905746,K01725.01,9.8786461,138.41159,1.8915,1
8242434,K01726.01,44.96407458,144.56002,4.981,1
6185331,K01727.01,49.7700907,159.98658,10.065,1
11820830,K01728.01,12.7319385,138.73144,4.4157,0
11774387,K01497.01,0.520222869,178.14846,1.2216,0
9636135,K01498.01,5.83376197,138.74892,3.9988,1
9636135,K01498.02,2.42150341,133.83517,2.965,1
7841925,K01499.01,14.16400071,140.58934,4.3031,1
7841925,K01499.03,6.20920207,136.87938,2.637,1
5219234,K01563.01,5.48711441,356.0773,2.93,1
5219234,K01563.02,8.29084167,359.63666,3.613,1
5219234,K01563.03,3.20539622,354.63069,2.143,1
5219234,K01563.04,16.73869035,359.41655,2.398,1
12504988,K00181.01,5.093938816,139.7178386,3.93144,0
9015738,K01616.01,13.93291548,139.41058,2.6239,1
7215603,K01618.01,2.36436762,132.25007,3.372,1
5561278,K01621.01,20.31047472,146.82534,5.3357,1
6387542,K01626.01,2.53475568,132.68024,4.5716,1
6869184,K01732.01,43.3167427,136.57435,4.995,1
10799735,K00193.01,37.590298548,157.350357,4.3855,0
6604328,K01736.01,31.0033072,143.29085,5.253,1
9719634,K01500.01,3.351556891,134.28439,2.4005,0
7439316,K01501.01,2.617028373,134.03294,2.046,1
12061238,K01502.01,1.876406096,133.12761,1.531,0
8323753,K00175.01,6.71425632,134.31646,3.339,0
12400538,K01503.01,150.2412582,138.29013,10.849,1
5184584,K01564.01,53.44944498,149.20185,5.3091,1
5636648,K01565.01,0.466743525,133.971123,1.3956,0
5564247,K01566.01,1.727177258,355.37033,2.081,0
5438099,K01567.01,7.24022418,355.01243,2.9153,1
5438099,K01567.02,4.64622383,354.58863,2.5137,1
6543893,K01627.01,10.29674097,132.19453,2.7292,1
6543893,K01627.02,5.93919041,353.75537,2.285,1
6975129,K01628.01,19.74733983,147.10553,3.4444,1
11391018,K00189.01,30.360445359,148.091546,6.0134,1
8685497,K01629.01,4.4096675,132.45003,2.1418,1
4365645,K01738.01,4.16787814,135.28334,2.2136,1
8197343,K01746.01,11.79161234,134.54064,3.036,1
7032421,K01747.01,20.55848388,133.00401,1.449,0
6786348,K01749.01,26.964501,145.34426,3.792,1
6209677,K01750.01,7.76845639,138.06602,3.689,1
9641018,K01504.01,2.178154348,134.203059,3.4874,0
9813499,K01505.01,5.03257009,137.32638,4.213,1
12254792,K01506.01,40.4286676,139.50631,7.102,1
12020218,K01507.01,21.3588236,135.07022,5.823,1
7690844,K01508.01,22.0459163,136.47548,5.22,1
9535080,K01509.01,49.6456235,153.0806,23.568,0
5438099,K01567.03,17.32670445,360.5083,4.269,1
5438099,K01567.04,44.8411168,359.87359,5.902,1
5210475,K01568.01,1.008917105,354.85926,1.4577,0
8009350,K01569.01,13.75207851,143.03241,2.8831,1
8082001,K01570.01,6.33855946,354.85104,3.4617,1
9277896,K01632.01,4.59489816,133.83995,3.1381,1
9401997,K01633.01,32.2964275,138.52615,4.561,1
10686864,K01637.01,2.97041801,133.39136,2.2369,1
8043714,K01765.01,6.814984472,134.212391,3.05409,0
7918217,K01770.01,63.9354965,162.84657,13.321,0
9631995,K00022.01,7.891448838,177.2499624,4.2854,1
7901948,K01511.01,2.578852119,133.2237,2.3581,1
11955499,K01512.01,9.04189129,137.86611,2.789,0
6442377,K00176.01,30.22910274,134.52081,6.6751,1
9784222,K01513.01,0.798200403,133.962079,1.8261,0
5376836,K00182.01,3.479425638,136.797172,3.4479,0
5557821,K01571.01,2.92878704,356.28699,4.634,0
10004519,K01572.01,9.80321143,363.98686,4.4617,1
5031857,K01573.01,24.81097206,156.506971,3.2245,1
10879038,K01641.01,4.8538404,135.09902,3.198,1
10990917,K01643.01,11.04605365,136.44056,4.799,1
11043136,K01644.01,2.621706694,131.88227,1.941,0
11046025,K01646.01,3.72020708,133.41684,1.892,1
5771719,K00190.01,12.264867364,139.304999,4.7366,0
9729691,K01751.01,8.689301216,133.661284,2.563,1
9729691,K01751.02,20.99757968,132.05689,2.454,1
4950232,K01753.01,0.979442525,132.42297,1.0348,0
10904857,K00194.01,3.120828136,139.466594,2.1878,1
8651389,K01754.01,15.13590453,146.58371,2.236,1
9520668,K01514.01,1.399326503,133.61426,1.8305,0
7871954,K01515.01,1.937029968,134.72107,1.4727,1
7871954,K01515.02,7.06117322,136.27344,1.0406,1
12418724,K01516.01,20.55331441,139.5613,5.3136,1
7456001,K01517.01,40.0686713,151.80901,5.8875,1
10028792,K01574.01,114.73658,165.150671,12.0355,1
10028792,K01574.02,191.239133,286.22034,16.942,1
5553652,K01575.01,24.3282251,141.05149,6.158,0
5299459,K01576.01,10.41572666,143.04774,2.7719,1
11153121,K01647.01,14.97031664,134.50507,5.884,1
11153121,K01647.02,32.2753853,149.046,8.622,1
11177543,K01648.01,38.3262237,142.08401,3.073,1
11337141,K01649.01,4.04355245,131.62995,1.965,1
3967760,K01760.01,5.52418625,135.62306,2.826,1
3967760,K01760.02,8.77514782,133.70319,3.176,1
4067336,K01761.01,10.12742274,135.26504,1.2762,0
5387843,K01762.01,0.870693883,132.083949,1.2137,0
7549209,K01518.01,27.5071114,151.84775,5.907,1
7663405,K01519.01,5.1443645,133.83044,2.703,1
9765975,K01520.01,18.45848388,138.1635,3.3703,1
9818462,K01521.01,25.9421582,156.18894,4.045,1
6803202,K00177.01,21.06075303,143.59983,5.2472,1
5299459,K01576.02,13.08424286,132.63129,3.0401,1
9651668,K00183.01,2.684328541,133.3548095,2.69382,1
12506770,K01577.01,2.806243488,133.7314,1.6271,1
5629985,K01578.01,2.27190723,134.79852,5.383,0
9898364,K01579.01,7.132351753,134.473083,2.9674,0
11337372,K01650.01,6.53194024,136.03223,3.3351,1
11337833,K01651.01,51.3011844,153.52571,5.359,1
11546211,K01654.01,1.097211085,131.517201,1.6738,0
11547505,K01655.01,0.938466959,135.600698,1.3015,1
11502867,K00195.01,3.217518511,133.6320632,2.11481,1
9909735,K01779.01,4.66271902,134.08296,2.757,1
9909735,K01779.02,11.8150174,133.08929,2.834,1
11551692,K01781.01,7.834433676,135.222143,2.89,1
11551692,K01781.02,3.005156911,137.103362,2.0747,1
12266636,K01522.01,33.3856176,148.92764,5.0361,1
9850893,K01523.01,8.48039789,135.85018,6.249,0
4826110,K01524.01,1.333395306,134.18228,1.188,0
7869917,K01525.01,7.71467686,133.55635,4.5871,1
9824805,K01526.01,4.4444826,133.46308,3.686,1
5193400,K01580.01,21.3781146,147.2124,19.359,0
7939330,K01581.01,29.5422566,137.57837,13.902,1
7939330,K01581.02,144.551628,265.9401,16.599,1
12602568,K01583.01,8.04727721,137.2073,5.159,1
9941066,K01584.01,5.87063416,137.24813,2.5736,1
5972334,K00191.01,15.358767771,132.385085,4.1223,1
4650733,K01659.01,29.5390897,143.91607,4.139,1
4832197,K01661.01,0.94773253,137.12993,1.7645,0
4844004,K01662.01,0.784031658,133.38391,0.7773,0
7831264,K00171.02,13.07141889,144.44217,3.0946,1
9761199,K01459.01,0.692015479,133.114177,1.1315,0
7751571,K01460.01,17.0421346,363.97428,7.507,0
9579499,K01461.01,7.94671044,140.708207,2.8419,0
11913013,K01462.01,3.74781242,355.31325,5.241,0
7691260,K01528.01,3.989544192,134.0989,1.591,1
9821454,K01529.01,17.9776037,147.7515,4.605,1
9821454,K01529.02,11.8693144,137.721,4.653,1
11954842,K01530.01,12.98494603,139.78207,3.4497,1
7972785,K00184.01,7.300735516,133.5664741,5.78725,0
5470739,K01585.01,19.17893976,139.74552,5.144,1
10022908,K01586.01,6.99130452,135.46291,2.1568,1
5617854,K01588.01,3.517494725,135.546724,1.5639,1
4932442,K01665.01,6.93365167,137.07375,4.608,1
5183357,K01669.01,61.0373591,175.17671,8.378,1
5269467,K01672.01,33.8677783,137.51532,3.72,1
7672940,K01463.01,1064.2680956,144.086072,11.5521,0
7838655,K01464.01,2.113202658,356.32832,3.5234,0
7770450,K01467.01,1.157808038,354.74488,3.6705,0
11455491,K00178.01,6.14281498,135.16169,4.624,0
11764462,K01531.01,5.69919592,136.58738,2.3906,1
11656246,K01532.01,18.11473813,147.4904,5.2706,1
7808587,K01533.01,6.24145791,134.88892,3.0998,1
4741126,K01534.01,20.4222447,146.9837,6.22,1
5301750,K01589.01,8.72585478,138.76838,4.473,1
5301750,K01589.02,12.88291395,135.18736,5.676,1
5301750,K01589.03,27.4345973,145.12322,5.038,1
5301750,K01589.04,4.22453631,135.42908,3.128,1
5301750,K01589.05,44.5520266,160.29386,6.0,1
5526717,K01677.01,52.069002,178.15525,3.0089,1
5972334,K00191.02,2.418406841,132.505587,2.0744,1
5530882,K01680.01,5.0825188,132.95792,3.328,0
6034945,K01683.01,9.11500269,133.97523,4.558,1
9851226,K01468.01,8.48031942,135.85217,7.297,0
8692861,K00172.01,13.7223682,137.84083,5.1231,1
7543649,K01469.01,3.582076914,355.515064,4.4228,0
9480310,K01470.01,15.43400996,363.29494,4.2572,1
11858748,K01471.01,1.780984316,177.8249,2.173,0
4741126,K01534.02,7.63846084,138.24557,3.957,1
11669125,K01535.01,70.6981724,188.56795,6.632,1
12159249,K01536.01,3.74443645,133.55997,2.9191,1
9963461,K01538.01,10.581581895,183.008458,6.66929,0
8081482,K01539.01,2.819453322,133.870141,4.4127,0
5542466,K01590.02,2.35574505,177.88824,1.796,1
10028140,K01591.01,19.65639342,140.29937,3.226,1
6048024,K01684.01,62.81584402,151.47691,2.6901,0
6049190,K01685.01,70.468171,189.15822,6.653,1
6149553,K01686.01,56.86716792,157.2619128,4.23,0
6198999,K01687.01,3.93246069,132.55435,2.1763,1
6310636,K01688.01,0.921030497,132.03171,2.6077,1
6616218,K01692.01,5.960400011,137.265171,2.8617,1
7761545,K01472.01,85.3514875,161.007608,6.7504,1
12365184,K01474.01,69.72646639,196.093243,3.7177,1
4770365,K01475.01,1.609321941,178.94178,1.6067,1
4770365,K01475.02,9.51220046,185.47893,2.9497,1
4770365,K01475.03,4.72941177,132.93871,2.234,1
10748390,K00003.01,4.887803076,124.8130808,2.36255,1
11804465,K00020.01,4.437962934,171.0091259,4.69813,1
9663113,K00179.01,20.74028645,142.80003,10.3939,1
5649956,K01540.01,1.207852845,178.2142,3.5802,0
4840513,K01541.01,2.379282197,133.651365,3.1729,0
5217586,K01592.01,26.0692512,143.12549,7.487,0
5289854,K01593.01,9.69501146,182.45413,2.75,1
5289854,K01593.02,15.3825394,139.07648,3.815,1
9895709,K01594.01,1.818939148,133.12299,1.644,0
10006581,K01595.01,40.1097817,142.08227,5.2096,1
6616218,K01692.02,2.46106962,133.32138,2.184,1
6696462,K01693.01,3.403743926,137.232574,1.5017,0
7220429,K01700.01,8.03753796,139.3582,2.9118,1
7222086,K01701.01,2.43902575,133.58474,1.1598,0
12406749,K01476.01,56.3587987,222.31819,6.927,1
8692861,K00172.02,242.467406,150.85827,12.808,1
12403119,K01478.01,76.13622222,199.476237,7.9393,1
9842890,K01479.01,4.9883872,358.2335,9.142,0
8113154,K01542.01,2.586878667,133.817008,6.1614,0
5270698,K01543.01,3.964333304,136.029542,4.7136,0
5024450,K01544.01,1.525924389,355.479571,3.15998,0
5282049,K01545.01,5.910371418,360.2852478,3.88962,0
10027323,K01596.01,5.92365747,134.68361,2.6302,1
10027323,K01596.02,105.3582299,138.68069,3.81,1
12019440,K00186.01,3.24325988,133.6690203,3.03318,1
10004738,K01598.01,56.4758069,143.81128,5.961,1
10004738,K01598.02,92.8747294,145.93535,7.474,1
7304449,K01702.01,1.538180949,131.822823,1.2635,1
7386827,K01704.01,10.4188915,137.74971,3.0069,1
7522911,K01705.01,20.4998763,131.82068,6.501,1
7626370,K01706.01,1.921437488,131.806204,1.9046,1
7703955,K01707.01,96.109323,187.699,9.877,1
7512982,K01480.01,20.38174802,142.31499,3.7922,1
9597806,K01481.01,5.101375725,357.48217,2.595,1
7812167,K01482.01,17.7940049,365.34666,4.091,0
11760959,K01484.01,3.47021401,356.09943,2.289,0
9940565,K01548.01,2.139325409,135.062261,2.8056,0
9663113,K00179.02,572.376632,306.51006,24.42,1
8111381,K01550.01,2.233799622,134.720709,3.04,0
5444549,K01551.01,31.13862664,415.9492,5.2482,0
10004738,K01598.03,13.93068791,134.42851,2.312,1
5474613,K01599.01,20.4074846,140.1821,8.839,1
4860932,K01600.01,12.36564669,140.92029,3.644,0
5438757,K01601.01,10.35078415,133.71163,6.253,1
5438757,K01601.02,62.9224936,151.6882,11.64,1
5972334,K00191.04,38.6520796,164.04455,5.607,1
7815744,K01710.01,14.20442616,142.7332,3.898,1
7955580,K01711.01,55.673582,136.54906,3.778,1
8230616,K01713.01,6.82778157,131.78839,2.3726,1
9692345,K01485.01,0.687895191,133.66492,2.4233,0
7898352,K01486.01,127.2824442,163.89,7.1545,1
11402995,K00173.01,10.06083238,138.96723,4.5718,1
7898352,K01486.02,30.1837021,146.64675,5.879,1
12062667,K01487.01,2.92928244,133.72275,6.794,0
7951018,K01553.01,52.75878505,156.306351,6.6517,1
9899355,K01554.01,1.332564478,354.58908,6.0325,0
12644774,K01555.01,41.0772969,379.12848,5.525,0
9902856,K01556.01,135.9121619,277.33,5.628,0
7747425,K01952.04,42.4729078,146.28712,7.253,1
9892816,K01955.01,15.17026921,132.6655,4.3311,1
9892816,K01955.02,39.4576228,136.47398,9.557,1
9836149,K01958.01,17.8159689,134.4832,3.6765,1
4813563,K01959.01,36.5157639,151.28989,3.6577,1
2985767,K02032.01,14.07969236,139.96053,1.375,1
2304320,K02033.01,16.54081386,133.95274,2.5996,1
3657758,K02034.01,3.609313059,133.79024,1.7752,1
9790806,K02035.01,1.93155546,131.76708,1.614,1
6382217,K02036.01,8.41100305,133.79856,2.4553,1
5375194,K01825.01,13.52252364,142.17932,3.987,1
6468138,K01826.01,134.2520474,182.70534,9.0636,1
10019708,K00199.01,3.268695042,137.4817205,3.45188,1
11875734,K01828.01,99.7468804,208.39688,6.804,1
7697568,K01829.01,22.84156293,138.632,2.5997,0
7046804,K00205.01,11.720123999,142.173999,3.0039,1
7449136,K01890.01,4.33643506,133.85442,4.1445,1
8680979,K01891.01,15.95541913,143.30236,3.9851,1
8680979,K01891.02,8.25980352,137.47021,2.928,1
9030537,K01892.01,62.5613879,178.40847,5.907,1
6949061,K01960.01,8.96847034,139.39473,4.4073,1
7269493,K01961.01,1.907810683,131.63784,1.8707,1
9164836,K00213.01,48.118812545,170.8396102,5.27958,0
11657891,K01965.01,2.514628496,132.90904,1.6239,1
6305192,K00219.01,8.025118521,132.469133,5.3694,1
6382217,K02036.02,5.79529495,136.77974,2.272,1
9634821,K02037.01,73.7578875,183.72348,2.69,1
8950568,K02038.01,8.30537702,139.7437,3.751,1
3326377,K01830.01,13.22714056,142.20251,3.2861,1
11601584,K01831.01,51.8098276,182.97335,6.343,1
11601584,K01831.02,4.38536428,139.22548,2.5126,1
11601584,K01831.03,34.205785079,148.8050925,5.1691,1
11601584,K01831.04,13.97945055,142.33829,1.2325,1
8689793,K01893.01,3.554856338,131.80398,2.1004,1
11673802,K01894.01,5.28790754,135.36119,8.5274,1
4263293,K01895.01,8.45746636,133.87132,2.2906,1
4263293,K01895.02,17.28116957,136.00718,2.829,1
4263293,K01895.03,32.1340014,142.27582,2.691,1
5695524,K01897.01,59.7711433,148.96886,4.843,1
6205897,K01967.01,4.417692516,133.96139,2.323,1
7948784,K01968.01,10.08744556,135.13582,2.9884,1
9244756,K01969.01,16.34355902,145.04116,5.474,1
9650808,K01970.01,21.96401646,133.03586,2.7509,1
9650808,K01970.02,125.602323,215.4336,7.105,1
8950568,K02038.02,12.51353325,139.42461,4.301,1
8950568,K02038.03,17.9134215,135.52921,4.364,1
8950568,K02038.04,25.2149143,152.6912,5.76,1
8804845,K02039.01,5.42586901,135.86589,2.5342,1
10480915,K02040.01,19.58561177,132.36472,1.755,1
11709244,K01832.01,4.544436472,134.90159,1.8141,1
11709244,K01832.02,12.76220558,143.73026,2.0688,1
11709244,K01832.03,38.7149617,134.0313,3.441,1
10019708,K00199.02,8.78458274,135.37812,6.459,0
11853878,K01833.01,3.69298623,132.73624,1.7744,1
5728139,K00206.01,5.334082429,131.981761,6.2226,1
7668663,K01898.01,6.4980147,136.00108,2.4384,1
7047922,K01899.01,19.76169247,135.17794,3.9097,1
9353314,K01900.01,5.18498961,131.8814,2.1397,1
3629967,K01901.01,85.6542476,155.12346,6.866,1
9347009,K01971.01,19.32945602,133.26717,3.794,1
4917596,K01973.01,3.290114076,133.15709,1.5151,1
4743513,K00024.01,2.086075752,170.965627,2.2647,0
11046458,K00214.01,3.311864148,131.7427761,1.4049,1
7132798,K00220.01,2.422084188,132.940079,2.5613,1
3448130,K02043.01,78.5461106,144.06871,8.689,1
9656252,K02044.01,16.92342126,145.81407,4.1864,1
6026438,K02045.01,5.47665801,135.70431,2.5482,1
9471268,K01835.01,4.580346161,134.0754,2.097,1
9471268,K01835.02,2.248288213,133.425805,2.0361,1
9471268,K01835.03,6.76690759,136.61633,1.7062,1
10657406,K01837.01,34.1732156,137.78862,4.7679,1
5526527,K01838.01,16.7364755,143.13606,2.151,1
5809954,K01902.01,137.8645881,172.8113,1.922,0
8766650,K01904.01,12.43929428,136.37952,3.176,1
10328393,K01905.01,7.62635494,136.01585,2.4168,1
7094486,K01907.01,11.35010642,134.04612,2.2792,1
7289577,K01974.01,109.4450597,197.9832,3.792,1
8543100,K01975.01,7.56052209,134.47889,3.8573,1
2693736,K01976.01,12.12401737,134.955,3.3091,1
9412760,K01977.01,9.38740646,137.38383,1.6165,1
9412760,K01977.02,7.41556471,137.81512,1.973,1
6026438,K02045.02,24.2101973,141.4698,4.046,1
10663396,K02046.01,23.8990075,151.39847,15.955,1
11457726,K02047.01,6.22161107,131.99094,3.4117,1
8956206,K02048.01,6.17998508,132.72278,2.1094,1
9649706,K02049.01,1.569066598,133.04032,2.7803,1
5856571,K01839.01,9.59068586,132.68264,3.452,1
7765528,K01840.01,7.03932913,133.85433,3.514,1
11760231,K01841.01,49.6075771,138.41517,2.9575,1
7779077,K01842.01,16.84183355,137.99443,2.6194,1
6046540,K00200.01,7.340714946,134.3457036,2.9987,1
5706966,K01908.01,12.55111099,137.26226,3.1293,1
3762468,K00208.01,3.003879547,134.709874,3.2848,1
5706966,K01908.02,24.0884178,134.42178,3.952,1
10130039,K01909.01,12.75800092,133.95888,4.1828,1
10130039,K01909.02,5.47033376,131.49548,3.1441,1
9518318,K01978.01,6.51112385,131.70646,1.6919,1
9518318,K01978.02,23.85163321,147.61456,2.4453,1
7273277,K01979.01,2.714078374,133.71179,1.3115,1
11769890,K01980.01,122.8799543,165.46356,7.835,1
6862721,K01982.01,4.88753111,132.70783,2.034,1
12301181,K02059.01,6.14728341,134.87289,2.7645,1
9279354,K02060.01,2.800111267,132.04865,1.0237,1
6774880,K02062.01,34.3511339,134.19046,4.4408,1
3937519,K00221.01,3.413036353,132.443054,2.61366,1
7449541,K02063.01,3.00725068,131.90484,4.4302,1
5080636,K01843.01,4.194496867,134.13511,1.7807,1
3338885,K01845.01,1.970340203,131.948389,1.7901,1
3338885,K01845.02,5.05821338,135.702454,1.132,1
6776401,K01847.01,26.85323647,143.31303,4.4557,1
10130039,K01909.03,25.0985083,145.56829,2.7727,1
8226050,K01910.01,34.2685741,147.05143,4.8251,1
9965957,K01911.01,5.75321539,136.75617,1.7948,1
9704384,K01913.01,5.50860699,132.2983,3.0788,1
8426567,K01914.01,18.93055119,143.25058,3.372,1
12508335,K00215.01,42.94386258,155.206515,3.7591,0
10094670,K01984.01,22.06402,148.9199,4.1,1
8142942,K01985.01,5.756245244,133.903421,1.071,1
8257205,K01986.01,148.4601819,151.38686,5.499,1
9044228,K01988.01,0.934885365,131.580676,1.4083,1
7265298,K02051.01,25.7626846,147.6963,6.908,1
7265298,K02051.02,11.0317836,362.3431,4.753,1
7132798,K00220.02,4.12511935,133.64014,2.877,1
2307415,K02053.01,13.12162167,133.39526,3.6138,1
7430034,K01848.01,49.6220669,137.10149,7.222,1
9735426,K01849.01,8.08801663,138.73516,1.8334,1
8826168,K01850.01,11.55103848,134.90803,3.3601,1
10464050,K01851.01,4.469754641,131.84402,1.813,1
9763348,K01852.01,15.77382794,137.53051,4.957,1
9101496,K01915.01,6.56226483,132.61123,4.0144,1
6037581,K01916.01,20.67876365,151.69245,4.6395,1
10723750,K00209.01,50.79034648,135.632759,10.8474,1
6037581,K01916.02,9.59993246,136.58227,4.3206,1
6037581,K01916.03,2.0248205,132.35465,2.55,1
10779233,K01989.01,201.118319,187.56986,10.328,1
11614617,K01990.01,24.7577652,142.06826,6.998,1
11450414,K01992.01,12.7983174,133.64979,6.401,1
4736569,K01996.01,10.13200555,132.91155,3.1683,1
10384798,K01997.01,38.505224,158.30491,5.941,1
2307415,K02053.02,4.6126736,132.7757,3.0643,1
3128552,K02055.01,8.67890312,133.03651,3.5317,1
10134152,K02056.01,39.3135699,154.93767,5.0137,1
9573685,K02057.01,5.94565516,133.99359,2.1604,1
10329835,K02058.01,1.52373073,131.61813,1.4796,1
6849046,K00201.01,4.225384543,137.5606891,2.82038,1
8804397,K01853.01,60.0853848,153.25707,7.007,1
9662811,K01854.01,43.0343364,137.69007,6.571,1
11297236,K01857.01,88.6440015,145.47193,7.82,1
10074466,K01917.01,35.01190875,150.37126,2.868,1
8218379,K01920.01,16.57099265,133.90704,2.9052,1
7755636,K01921.01,16.00496657,135.25305,6.5047,1
9411166,K01922.01,1.954525966,132.29679,2.0944,1
4989057,K01923.01,7.23400381,137.67742,2.165,1
9834040,K01998.01,6.77408984,135.95524,2.6215,1
6152974,K00216.01,20.172024672,141.209182,3.1488,1
8802693,K02000.01,26.41044199,149.39541,3.0715,1
6061773,K02001.01,8.27745764,138.25667,2.713,1
10024701,K02002.01,14.37504582,139.05924,3.208,1
3239671,K02066.01,147.97391,263.08561,6.854,1
9304101,K02067.01,13.24503482,142.00573,4.4078,1
11360571,K02069.01,77.2550726,159.32399,10.214,1
6035124,K02071.01,3.85690686,134.47405,2.0808,1
8160953,K01858.01,116.3311739,173.68887,7.025,1
4157325,K01860.01,6.31943553,132.22892,3.3422,1
4157325,K01860.02,12.20951755,360.3204,4.1808,1
4157325,K01860.03,3.07644709,353.7643,2.6326,1
5108214,K01924.01,2.11913005,132.59,4.141,0
9955598,K01925.01,68.958447,179.08158,3.128,1
10723750,K00209.02,18.79591276,145.821854,7.5235,1
7219761,K01927.01,47.76397728,165.041066,4.08,0
5770074,K01928.01,63.0380366,169.12161,7.3702,1
10136549,K01929.01,9.69315023,132.81362,5.6725,1
9851271,K02003.01,8.48031229,135.85319,7.105,0
12154526,K02004.01,56.1886436,146.37945,6.5272,1
6665512,K02005.01,6.92101452,135.64343,4.3591,1
10525027,K02006.01,3.27344784,134.45023,1.7292,1
11069176,K02007.01,15.3789014,143.40629,4.662,1
10005758,K01783.01,134.4785189,169.28141,5.9288,1
3128793,K01786.01,24.68662378,137.53976,15.168,0
5864975,K01787.01,98.7179332,131.58694,6.593,1
2975770,K01788.01,71.52543938,191.69147,5.9189,1
7877496,K00202.01,1.72086129,133.0209998,2.0243,1
7286173,K01862.01,56.4349933,151.41082,4.7381,1
11126381,K01863.01,33.7888028,153.65384,5.496,1
4149450,K01864.01,3.215109385,133.77747,4.365,1
10136549,K01929.02,3.29276797,133.00741,4.8069,1
5511081,K01930.01,13.72710334,138.74473,7.3419,1
5511081,K01930.02,24.3110031,137.0394,8.7682,1
5511081,K01930.03,44.4304059,143.5462,10.306,1
5511081,K01930.04,9.34145925,132.38581,6.18,1
10978763,K01931.01,4.97760447,134.67304,2.5719,1
11069176,K02007.02,21.1285655,149.27632,3.852,1
8098728,K02008.01,24.4851178,137.6248,4.642,0
6152974,K00216.02,7.51854537,132.53078,2.845,1
5631630,K02010.01,25.96190067,138.96908,6.2732,1
6504954,K01790.01,130.3543929,144.06022,6.474,1
9410930,K00196.01,1.855557556,137.181028,2.35672,1
6153672,K01794.01,3.364425589,131.66843,1.3261,0
10676014,K01797.01,16.78175788,139.79356,3.7386,1
9520838,K01866.01,105.3035093,207.17015,6.214,1
8167996,K01867.01,2.549562652,132.60803,1.6999,1
8167996,K01867.02,13.96950181,132.17062,1.5871,1
8167996,K01867.03,5.21230171,132.71052,2.098,1
6773862,K01868.01,17.76076524,137.50778,1.6679,1
10978763,K01931.02,10.55840479,136.34449,3.366,1
10978763,K01931.03,6.98800953,132.56964,3.103,1
5202905,K01932.01,22.8245144,144.46843,6.617,1
9072190,K01933.01,49.1011093,136.47265,6.341,1
5384079,K02011.01,7.05675145,132.53512,2.0261,1
9839821,K02012.01,34.8536903,164.04668,5.333,1
4056616,K02013.01,2.41434868,132.42878,1.2701,1
6707908,K02014.01,2.466070972,132.32097,1.9559,0
8492026,K02016.01,4.30656389,132.44098,4.1107,1
6867766,K01798.01,12.964717746,136.143342,1.8303,0
6058614,K01799.01,1.731079436,134.77977,1.8419,0
11017901,K01800.01,7.794302043,137.260385,1.1081,1
5088591,K01801.01,14.5324483,140.72407,3.13,1
11298298,K01802.01,5.248667607,135.516708,1.917,1
10187159,K01870.01,7.96431492,136.81646,1.5342,1
9758089,K01871.01,92.7297248,177.43808,6.83,1
10619192,K00203.01,1.485710994,132.7935653,2.2874,1
4939346,K01873.01,71.3116598,132.39239,8.813,1
5396122,K01935.01,15.44428875,138.1678,2.0791,0
10190777,K01937.01,1.411230023,132.641925,1.4325,1
9651234,K01938.01,96.9151707,187.08955,6.065,1
7045496,K01939.01,13.47472742,133.48999,2.5995,1
8750043,K02017.01,2.29503515,132.69329,1.654,1
9973109,K02018.01,27.495634,133.28538,4.858,1
6226290,K02019.01,14.08826442,137.34334,4.1847,1
9595827,K00217.01,3.905081685,133.4150433,2.8213,1
9349482,K02020.01,110.9643706,187.04621,12.831,1
4644952,K01805.01,6.94135824,137.5437,1.8899,1
2987027,K00197.01,17.276296682,133.839172,3.94738,1
4644952,K01805.02,31.7821117,134.8645,3.856,1
4644952,K01805.03,4.36273233,135.23342,2.2375,1
8978528,K01874.01,18.6848377,136.14587,3.7965,1
8978528,K01874.02,7.41634701,135.85372,2.1362,1
9967771,K01875.01,9.91724268,135.1389,3.2241,1
11622600,K01876.01,82.5341188,209.12763,4.8556,1
10454632,K01877.01,20.16037858,144.34281,4.13,1
10005788,K01940.01,10.99470891,137.35769,1.5929,1
5213902,K01941.01,1.194812329,132.18329,1.3777,0
2832589,K01942.01,10.84969477,136.74432,3.474,1
2438513,K01944.01,12.18420006,139.05644,2.5014,1
6356207,K02021.01,3.76417012,132.35462,2.0111,1
8564674,K02022.01,5.92972237,135.49811,2.518,1
8564674,K02022.02,12.2476121,138.2196,3.209,1
8578780,K02023.01,13.59051547,133.07217,3.784,1
4544907,K02024.01,46.8776724,137.66791,10.041,1
7761918,K01808.01,89.1935737,217.82184,4.0104,1
8240797,K01809.01,13.09390911,144.525,2.2805,1
8240797,K01809.02,4.915385452,132.69448,2.7757,1
8164262,K01810.01,87.455958,136.23042,18.257,0
6279974,K01812.01,0.805259257,132.100916,1.42246,0
9455325,K01813.01,9.76785911,139.43968,2.1649,1
3098810,K01878.01,40.80957343,142.69218,3.158,1
8367644,K01879.01,22.08551599,135.23432,2.1727,1
10332883,K01880.01,1.151166776,133.231766,1.0907,1
9071386,K00023.01,4.693305543,136.8627229,5.17249,0
9305831,K00204.01,3.246732048,133.379165,3.0535,1
2438513,K01944.02,8.3606759,138.81934,6.287,0
11656918,K01945.01,62.1385979,161.14834,4.2938,1
9536692,K01948.01,26.635216,155.5577,5.949,0
4636578,K02025.01,17.84850835,148.39117,5.8919,1
4636578,K02025.02,26.1363443,131.61796,6.613,1
4636578,K02025.03,11.1895709,140.63504,5.3,1
11923284,K02026.01,2.757977384,131.87907,2.1489,1
9838975,K00218.01,18.692860599,143.8331829,3.88584,0
5621125,K01814.01,14.80075082,132.82179,5.762,1
9872283,K01815.01,3.126861192,133.724959,1.1926,1
10666242,K00198.01,87.24250316,153.344695,4.1206,0
7870032,K01818.01,16.87725775,138.64907,3.7917,1
9597058,K01819.01,12.05705659,135.41595,2.3462,1
4035640,K01881.01,28.26727385,140.92561,4.5839,1
6205228,K01882.01,3.770590654,133.39088,2.029,1
11758544,K01883.01,2.7073064,132.43068,3.4378,1
3118797,K01950.01,66.4159789,188.13988,7.061,1
7747425,K01952.01,8.0103929,135.31823,4.2713,1
7747425,K01952.02,27.6666375,143.86343,6.315,1
7747425,K01952.03,5.19559398,132.72178,3.748,1
7102316,K02028.01,57.2488518,184.6864,6.083,1
7102316,K02028.02,37.0551726,200.20176,5.439,1
9489524,K02029.01,16.33269981,136.90909,2.174,1
9489524,K02029.02,10.05550267,173.2234,2.951,1
5940165,K02031.01,9.30413878,140.33868,1.9254,1
8277797,K01820.01,4.33722007,132.85152,2.4973,1
8277797,K01820.02,1.653889476,132.18845,1.7242,1
5124667,K01822.01,150.8783198,206.69223,8.6797,1
2989404,K01824.01,3.553831111,134.64066,3.1029,1
2989404,K01824.02,1.6783263,136.05259,2.5123,1
11413812,K01885.01,5.65378163,131.71154,1.9483,1
9549648,K01886.01,5.99185827,136.88244,1.7215,1
10063802,K01888.01,120.0183551,134.18742,11.637,1
11074178,K01889.01,14.30517579,135.06301,4.535,1
11074178,K01889.02,9.18189122,132.40505,4.343,1
5942808,K02250.01,2.935362067,136.18415,1.5043,1
6206214,K02252.01,13.53953595,143.15629,4.389,1
8959839,K02253.01,22.7082375,133.72114,3.503,1
7672097,K02255.01,7.97033985,136.55775,2.6675,1
6142862,K02336.01,5.33459393,133.43443,2.642,0
5599774,K02337.01,8.49640437,138.73595,2.2128,1
8099138,K02338.01,66.1843646,141.62259,5.155,1
7033233,K02339.01,2.032318856,132.64394,1.1596,1
6383785,K00239.02,3.62275506,132.99267,2.7868,1
9411412,K02101.01,2.892216772,132.87726,1.3596,1
7008211,K02102.01,187.746606,157.35064,5.885,1
7620413,K02103.01,2.543063763,132.68159,2.8473,1
4545187,K00223.01,3.177414601,134.478892,1.5262,1
10854546,K02104.01,2.168451063,132.14107,1.458,1
11774991,K02173.01,37.8154157,141.10346,4.662,1
11774991,K02173.02,53.5783052,171.1857,5.194,1
8261920,K02174.02,33.1362861,169.50676,4.163,1
8261920,K02174.03,7.72513619,176.80202,2.042,1
9112931,K02256.01,10.71253475,137.16499,2.7186,1
9071593,K02257.01,32.5635249,163.46038,5.418,1
8126558,K02259.01,12.19140405,136.33677,1.8832,1
11811193,K02260.01,6.11784972,133.61873,3.458,1
3734418,K02261.01,3.97599629,133.62238,2.2029,1
8681734,K02340.01,7.68478504,137.64035,2.447,1
10232693,K02341.01,0.990516282,131.84152,2.019,0
10212441,K02342.01,15.0447098,133.20895,5.823,1
8247771,K02344.01,1.118547814,132.84826,1.5534,1
8165946,K02105.01,6.42199919,134.58037,2.6192,1
12017109,K02106.01,9.75374033,134.06014,2.348,1
9225395,K02107.01,81.3153052,175.9957,5.807,1
10709622,K02108.01,51.3283527,177.67418,9.357,1
11499228,K02109.01,19.7919389,149.30719,3.787,1
9022166,K02175.01,26.8475962,142.17023,10.068,1
10965588,K02177.01,62.8917493,139.12778,6.831,1
10670119,K02179.01,14.87149773,137.69573,2.4076,1
10670119,K02179.02,2.732767897,354.09581,1.1102,1
4043443,K00231.01,119.8401019,161.863461,3.6796,0
8491277,K00234.01,9.61375316,132.185679,4.654,1
8613535,K02263.01,29.9685917,147.8598,6.678,1
12256520,K02264.01,33.2407985,143.46683,4.675,1
3337432,K02265.01,2.97600846,132.98121,4.274,0
5629538,K02345.01,15.18727049,134.05495,4.509,1
8561231,K02346.01,28.6853212,159.87094,6.307,1
8235924,K02347.01,0.588001053,132.058754,1.1451,1
6941084,K02348.01,85.7357202,170.98121,7.625,1
6200235,K02350.01,1.078389713,133.25041,1.3394,1
11460462,K02110.01,5.03728033,134.1094,2.0619,1
8612275,K02111.01,3.289726319,131.75522,2.3274,1
8612275,K02111.02,7.18644594,136.62345,1.4972,1
7207061,K02113.01,15.94248453,146.33157,3.4894,1
4545187,K00223.02,41.0081117,147.03382,4.376,1
7286911,K02180.01,11.55562042,138.19752,1.6758,1
8591173,K02181.01,12.2885046,141.61869,2.807,1
6962109,K02182.01,17.13263125,147.1546,3.0555,1
5706595,K02183.01,19.0231361,139.65988,3.431,1
5706595,K02183.02,4.57948235,135.09685,3.106,1
10489345,K02266.01,1.003931703,132.09988,1.4361,1
11774303,K02269.01,0.614083885,132.46969,0.9817,0
10329469,K02271.01,55.8224775,169.03741,5.457,1
9717943,K02273.01,6.11010439,136.91214,2.314,1
8026752,K00240.01,4.286866229,138.614882,4.4726,1
1872821,K02351.01,10.27380957,134.65748,3.252,1
8013439,K02352.01,13.39155154,133.05499,3.391,1
8013439,K02352.02,5.62904396,134.74679,3.7295,1
8013439,K02352.03,8.2562857,137.9267,2.0378,1
7207061,K02113.02,12.33087921,361.9744,3.0664,1
6921944,K02114.01,4.421566535,132.18465,2.1229,1
9532052,K02115.01,15.72585941,133.98774,3.8284,1
8164012,K02116.01,1.252753881,133.17054,2.1472,1
4140813,K02117.01,13.36019864,131.81481,2.788,1
8611781,K02185.01,76.957056,192.33682,9.551,1
5601258,K02191.01,8.84784273,140.15085,2.0572,1
7960980,K02274.01,9.98970266,133.76102,3.7,1
8107225,K00235.01,5.63252508,133.81818,2.1448,1
3458028,K02276.01,1.442592305,134.07188,2.9698,1
3342794,K02278.01,14.17222858,142.60134,2.6297,1
3342794,K02278.02,4.92031063,135.40577,4.046,1
5716932,K02358.01,56.4931698,143.99262,8.704,1
11288051,K00241.01,13.82142084,131.79237,3.985,1
7515670,K02360.01,2.30367952,133.76909,3.0898,0
11566256,K02361.01,5.78387049,135.5798,1.3966,1
8495415,K02362.02,11.08507658,355.03627,1.751,1
4055304,K02119.01,0.571038347,131.653752,1.1267,1
4857213,K02120.01,8.77425786,132.33386,2.2245,1
9415108,K02121.01,4.51005082,134.56954,2.1533,1
4262581,K02122.01,37.6468519,161.46355,6.344,1
8591693,K02123.01,29.4557841,154.17062,3.451,1
4833421,K00232.01,12.466004437,134.003258,5.0066,1
8282651,K02193.01,2.361724472,133.23932,1.2167,1
3548044,K02194.01,34.7630543,161.74217,4.309,1
11401767,K02195.01,20.0545282,136.56587,7.173,1
10909127,K02200.01,3.17059731,132.67813,1.6686,1
3661886,K02279.01,27.0142622,132.52245,5.385,1
3661886,K02279.02,12.50945798,136.99217,3.479,1
2439243,K02280.01,26.0203329,154.5286,4.965,1
9221517,K02281.01,0.769854899,132.51944,1.0243,1
6751874,K02282.01,6.89226333,132.4644,2.4921,1
10863608,K02368.01,8.07127043,137.76604,2.393,1
5602588,K02369.01,11.01819178,139.87858,4.635,1
11288051,K00241.02,30.9505927,153.84507,5.394,1
5547480,K00224.01,3.979867514,132.071233,2.3607,0
9405595,K02125.01,23.3593589,144.01826,5.389,1
3546060,K02126.01,9.69310837,134.53003,2.734,1
7019489,K02128.01,24.2598301,132.47982,3.897,0
2141783,K02201.01,116.5214317,144.13378,5.577,0
4144576,K02202.01,0.813166357,131.82536,1.4122,1
8494542,K02204.01,10.86062378,136.65957,2.2874,1
9992325,K02205.01,24.08632177,148.20086,2.236,1
10206675,K02283.01,17.40208965,141.93057,3.745,0
9945370,K02285.01,37.9456138,134.78331,4.093,1
3832716,K00027.01,1.141877248,170.3386848,4.33931,0
8453211,K00236.01,5.77675928,143.09616,6.789,0
8973129,K02286.01,24.1738244,135.62471,3.056,1
12505654,K02353.01,5.186737262,134.99509,0.8023,1
11670125,K02355.01,1.217000383,132.03128,1.3285,1
11461844,K02356.01,13.6823798,139.18611,4.153,1
9351920,K02129.01,8.79618433,135.67645,3.3781,1
2161536,K02130.01,16.85592593,138.26808,2.309,1
10549023,K02131.01,14.36270451,141.435,4.564,1
9661979,K02132.01,69.8956789,160.66805,5.276,1
8219268,K02133.01,6.24667547,136.38688,11.261,1
10531955,K02208.01,2.344512589,132.87316,1.4116,1
4833421,K00232.02,5.766165573,134.01725,3.8314,1
8168187,K02209.01,18.3027235,142.89166,8.262,1
4142847,K02210.01,2.888904439,132.15271,1.6043,1
10203349,K02212.01,17.14648756,140.66122,4.2354,1
9718066,K02287.01,16.09227518,142.51659,2.1072,1
3867615,K02289.01,62.7843981,157.30698,4.81,1
12121570,K02290.01,91.500873,165.67309,4.842,1
8410415,K02291.01,44.2993483,141.28194,4.298,1
7987866,K02363.01,3.13877646,133.65614,1.6663,1
11560897,K02365.01,35.9682692,138.66885,2.839,1
11342416,K02366.01,25.3690868,143.68699,4.746,1
9086251,K02367.01,6.89213244,131.63179,1.725,1
4254466,K02134.01,42.3006282,168.77783,4.372,1
5801571,K00225.01,0.838597429,141.537817,1.68668,0
9904006,K02135.01,55.1866213,180.75953,9.133,1
5288570,K02136.01,1.728528176,131.80851,3.682,0
9364609,K02137.01,14.97436238,141.50057,2.4461,1
7457296,K02213.01,3.97076603,134.63962,1.814,1
10328458,K02214.01,2.352273912,131.80267,1.7389,1
7050060,K02215.01,22.0425953,134.1281,61.2018,0
4248120,K02216.01,23.34036251,136.20727,2.054,1
8321314,K02293.01,15.03366411,144.98055,3.272,1
11498128,K02296.01,106.247882,135.7435,13.78,1
8041216,K00237.01,8.508333104,134.785645,3.4559,1
11824786,K02371.01,12.94123564,139.89901,4.636,1
12254909,K02372.01,5.349791,133.8836,4.279,1
9364290,K02374.01,5.26211833,136.37566,3.244,1
9364290,K02374.02,12.1628195,137.52402,2.3161,1
5022828,K02138.01,23.5541012,144.21486,7.3,1
8233702,K02140.01,41.6977582,134.24608,5.513,1
11403339,K02143.01,4.79029482,134.95277,2.7219,1
8260902,K02144.01,38.6715843,157.61988,5.532,1
8381204,K02145.01,8.32651854,135.58655,5.483,1
12058204,K02218.01,5.53533152,132.76087,2.793,1
12058204,K02218.02,16.7261969,143.74673,2.708,1
4833421,K00232.03,21.58752788,142.96728,4.4968,1
5357545,K02219.01,3.757294695,133.95965,0.9269,1
6871071,K02220.01,3.2828024,131.89965,3.2532,1
5342473,K02297.01,4.64495172,136.02095,3.366,1
9963265,K02299.01,16.48686712,139.20338,1.431,1
10583761,K02300.01,2.685054445,132.60443,1.0473,1
7542813,K02302.01,16.8600805,139.84916,5.557,1
12058147,K02072.01,1.54320541,131.5554,2.5779,1
8164257,K02073.01,49.5004725,139.04294,5.772,1
8164257,K02073.02,6.47539108,137.5825,2.7048,1
8164257,K02073.03,16.85825609,142.34289,2.0728,1
10593759,K00025.01,3.132604547,136.010454,3.6337,0
6774537,K02146.01,2.949029106,133.13832,2.0311,1
10404582,K02147.01,37.8658964,134.36237,4.782,1
5959753,K00226.01,8.30865307,138.10788,3.2747,1
6021193,K02148.01,11.93205399,142.10648,6.205,1
6021193,K02148.02,7.54235832,132.96117,4.73,1
6871071,K02220.02,5.02818253,134.10891,3.526,1
6871071,K02220.03,1.897828815,132.6785,2.7114,1
6287313,K02221.01,10.62788695,137.81843,4.576,1
9278725,K02223.01,1.104462494,132.32134,1.0458,1
4458082,K02303.01,4.89336495,133.6449,3.485,1
8042453,K02304.01,11.17392077,134.70626,3.307,1
10874215,K02305.01,31.0325991,152.27157,3.476,1
6666233,K02306.01,0.512407185,132.240449,1.0579,0
7661065,K02307.01,4.150297119,134.9355,1.2058,0
3937519,K00221.02,5.89661966,134.03046,3.154,1
8866137,K02074.01,33.4178173,155.58781,4.645,1
10857519,K02075.01,2.053341891,134.51606,2.596,1
9517393,K02076.01,56.7769831,181.09789,6.864,1
9351316,K02078.01,18.78429232,137.88207,3.1136,1
6021193,K02148.03,3.61460279,134.69521,3.227,1
10617017,K02149.01,13.15140223,144.16237,5.439,1
3229150,K02150.01,18.5084526,131.54555,6.596,1
7989422,K02151.01,7.47763833,133.40976,2.5693,0
9641481,K02152.01,42.1918331,155.31211,7.083,1
8892157,K02224.01,3.73090026,132.89428,2.9095,1
11569782,K02225.01,2.787874175,133.90417,2.0348,1
4833421,K00232.04,37.9962369,162.97984,6.7751,1
7219825,K00238.01,17.23232894,135.0922,4.5568,1
3749978,K02308.01,28.5057217,132.92075,6.324,1
10010440,K02309.01,53.5991459,147.43015,6.811,1
11718144,K02310.01,16.4581861,134.01969,1.9637,1
9473078,K02079.01,0.693842661,132.18157,1.6197,1
10864531,K02080.01,83.4887405,188.53792,6.21,1
10864531,K02080.02,34.0607677,141.35928,2.471,1
9472000,K02082.01,31.5888979,155.61538,3.438,1
10253547,K02153.01,59.9809868,176.14903,7.588,1
10253547,K02153.02,25.7457957,135.94806,7.073,1
12505076,K02154.01,11.92979348,136.66919,6.152,1
12116380,K02155.01,4.3394569,132.80309,2.3652,1
2556650,K02156.01,2.852348262,132.044534,0.7051,1
10600955,K02227.01,65.6480892,173.30166,5.746,1
10801100,K02228.01,102.653705,222.9895,53.5887,0
4473226,K02229.01,14.83340944,135.44213,3.927,1
8914779,K02230.01,0.987338654,131.88155,2.591,0
2854181,K02232.01,101.1323475,210.18316,4.366,1
8963721,K02233.01,1.811460943,132.93207,5.065,0
10132832,K02313.01,16.07673148,143.39091,2.205,1
3219995,K02314.01,18.87058705,143.95639,3.4701,1
6062929,K02315.01,22.1334224,152.18405,2.049,1
7504778,K02316.01,17.1369408,141.01497,6.416,1
7219825,K00238.02,26.6951944,143.9999,4.576,1
7097965,K02083.01,7.72085047,136.563,1.8264,1
4249725,K00222.01,6.312508525,132.654418,2.7455,1
3967326,K02084.01,4.19577385,135.17605,2.1557,1
6768394,K02086.01,7.1329472,135.99259,4.368,1
6768394,K02086.02,8.91901228,140.0777,4.141,1
5211199,K02158.01,4.5620407,132.64295,2.8521,1
8804455,K02159.02,2.392630668,133.7861,1.3705,0
5546761,K02160.01,17.6700291,131.60103,6.693,1
9205938,K02162.01,108.593113,173.75198,7.989,1
10723367,K02236.01,19.9865916,135.52265,4.391,1
10723367,K02236.02,12.12580644,142.10763,3.289,1
5005121,K02237.01,76.421501,164.4879,7.218,1
4833421,K00232.05,56.2590881,164.21993,8.114,1
8229458,K02238.01,1.646801683,132.0615,1.1966,1
10684670,K02317.01,3.78861833,134.61419,2.808,1
11495458,K02318.01,10.45839865,137.65416,3.154,1
9003401,K02319.01,21.1033014,144.66035,2.059,1
5978559,K02321.01,95.6114617,138.35664,7.489,1
6768394,K02086.03,11.8984948,133.34685,3.015,1
6922710,K02087.01,23.1274171,145.66194,4.901,1
11348997,K02090.01,5.132486123,132.15985,1.4575,1
5705819,K02091.01,8.77997349,138.48383,3.2201,1
6696580,K02092.01,57.6896212,139.92753,5.118,1
11358389,K02163.01,10.66489514,132.00872,3.159,1
7204981,K02164.01,5.1233204,132.08472,2.7466,1
3847907,K00229.01,3.573202801,134.934397,2.88,1
4370527,K02166.01,61.6174528,179.08282,3.816,1
6041734,K02167.01,24.3398202,136.05813,3.891,1
5125347,K02241.01,7.16520428,132.96921,1.705,1
9336200,K02242.01,1.755843555,133.15509,1.9425,1
4770617,K02243.01,5.18560081,132.32455,4.054,1
4454934,K02245.01,33.4698571,140.14977,4.749,1
9458343,K02246.01,11.89520436,132.8908,3.433,1
7120108,K02325.01,1.025857984,131.655621,0.8069,1
10730703,K02327.01,5.60013327,135.96495,2.6508,1
8007644,K02328.01,25.2034128,137.56393,4.515,1
11192235,K02329.01,1.615357809,132.7846,1.1435,1
6383785,K00239.01,5.640676975,138.556259,2.8354,1
6696580,K02092.02,25.5638626,375.27811,4.685,1
4249725,K00222.02,12.7945474,130.7668,3.4197,1
8505920,K02094.01,42.4269647,156.17194,5.907,1
7918992,K02095.01,1.434745129,132.62802,1.862,1
11308499,K02168.01,3.28192056,132.42485,2.917,1
11308499,K02168.02,12.51610549,135.03333,4.853,1
9006186,K02169.01,5.45298742,134.15183,2.1328,1
9006186,K02169.02,3.26662733,136.08452,2.056,1
7802719,K02247.01,4.45743267,132.16006,2.3226,1
11030475,K02248.01,2.81814715,132.25336,1.763,1
5023956,K00233.01,1.824649,147.482662,4.2285,0
12401863,K02331.01,2.832647249,131.82642,2.306,1
5534941,K02332.01,3.70063251,133.16065,5.408,1
11121752,K02333.01,3.93083997,135.19393,2.932,1
11121752,K02333.02,7.63008196,137.07948,2.78,1
2990873,K02335.01,16.22378479,136.02454,2.5462,1
9307509,K02096.01,9.76293284,139.15802,3.064,1
10158729,K02097.01,58.601926,137.66825,5.522,1
6105462,K02098.01,25.0823402,134.13568,6.423,1
3120355,K02099.01,78.0998908,139.49646,8.422,1
6047072,K02100.01,4.27103727,133.14028,2.2759,1
9006186,K02169.03,4.27226421,133.21863,2.113,1
11410904,K02171.01,3.53232429,134.74727,2.765,1
5021737,K00026.01,15.03946326,144.137461,5.1008,0
3862246,K00230.01,4.702495974,136.308468,2.3421,0
4173026,K02172.01,10.44087398,137.97113,3.743,1
5350244,K02555.01,12.5722897,143.0663,4.765,1
5374403,K02556.01,40.8366307,152.87346,4.956,1
10925113,K02557.01,11.7761073,142.70558,2.829,0
11769801,K02633.01,29.7123181,151.5603,70.3707,0
11752906,K00253.02,20.6180348,145.51232,3.267,1
1995519,K02634.01,19.9401211,142.34849,4.283,1
4914566,K02635.01,22.2420032,144.72364,7.532,1
6198182,K02636.01,3.88148385,135.12314,2.679,1
10024051,K02409.01,0.577369336,132.425795,1.0852,1
8676038,K02410.01,186.65435483,187.3800339,10.51,0
4349452,K00244.01,12.720370263,178.528297,2.7306,1
8676038,K02410.02,86.59322294,201.0035479,7.98,0
8073806,K02411.01,11.96407399,133.15804,4.526,1
10419312,K02412.01,2.493237866,132.63633,2.644,0
3234598,K02413.01,12.90467523,144.32009,3.28,1
10453588,K02484.01,68.8861017,160.29958,5.925,1
11125613,K02485.01,9.99115241,134.39335,2.657,1
7212184,K02487.01,36.292017,132.17691,8.198,1
6956014,K00031.01,0.925589891,169.69275,1.967,0
9757613,K00250.02,17.25121397,149.886479,2.0371,1
5307858,K02558.01,1.867281146,132.07744,7.495,0
6605493,K02559.01,9.30991834,136.39785,3.455,1
7259298,K02561.01,3.23941775,133.98383,2.569,1
6211812,K02638.01,2.524017517,133.85946,1.1968,1
3234598,K02413.02,31.2012202,140.07042,4.077,1
8611832,K02414.01,22.5968256,140.42654,6.179,1
8611832,K02414.02,45.3486381,142.25049,4.858,1
5621586,K02415.01,5.25419589,133.72952,2.9878,1
9210387,K02416.01,5.90608902,131.56096,2.409,1
11852982,K00247.01,13.81504449,181.12621,2.3244,1
8559152,K02488.01,12.4128518,140.35679,4.298,1
2718778,K02489.01,3.92453009,132.40179,3.691,1
3122913,K02490.01,11.60653061,134.41637,2.194,1
9229657,K02491.01,2.66831274,131.68823,2.4141,1
10415227,K02562.01,2.9322509,133.7648,2.931,0
5175024,K02563.01,23.4772553,145.3641,6.735,1
9026749,K02564.01,66.5576728,181.3241,10.532,1
12216278,K02565.01,2.01948607,132.9238,5.248,0
9159242,K02566.01,3.04468229,132.464,5.951,0
12061096,K02642.01,15.05028313,141.53522,1.848,0
5794240,K00254.01,2.455240626,170.821762,1.72722,1
6933567,K02643.01,9.08233411,139.65489,2.008,1
9993529,K02644.01,0.790539912,131.87702,1.0567,0
11303815,K02645.01,1.705782214,133.15607,1.007,0
6044553,K02646.01,0.532086296,131.9134,4.023,0
9654468,K02417.01,47.7052566,146.3164,5.959,1
4349452,K00244.02,6.238535444,171.706325,3.5255,1
10027247,K02418.01,86.829519,189.26162,7.464,1
6343170,K02419.01,9.95667035,136.5827,3.534,1
7107802,K02420.01,10.41728722,137.45784,4.125,1
11752632,K02492.01,0.984941669,133.31801,1.9724,1
10028535,K02493.01,0.663085361,131.97961,1.1522,1
7047207,K02494.01,19.1187425,138.42824,6.805,1
5212220,K02495.01,1.08749101,131.77034,1.6192,0
9964748,K02496.01,1.183818383,131.88403,1.393,0
9842937,K02567.01,4.98845099,133.74684,7.453,0
9757613,K00250.03,3.543919702,136.26075,1.8717,1
11962284,K02647.01,8.83929462,135.54125,1.719,1
2573056,K02648.01,0.631795416,132.53963,1.0703,0
6842682,K02649.01,7.56126152,135.6368,2.851,1
8890150,K02650.01,34.9897847,144.20912,4.208,1
8890150,K02650.02,7.05429483,136.18961,1.716,1
11360805,K02422.01,26.7838935,140.75396,4.584,1
9845898,K02423.01,45.126216,165.42066,6.656,1
12453581,K02424.01,11.94019101,136.55603,2.866,1
11922678,K02425.01,3.51295674,133.78198,3.06,0
11179076,K02497.01,48.4313003,141.45612,4.03,1
5364071,K00248.01,7.203855862,170.285731,2.5418,1
5959719,K02498.01,6.73808701,133.32953,2.591,1
5544903,K02499.01,7.57571414,138.2166,2.357,0
5542983,K02501.01,4.76887671,132.09888,1.672,0
8256453,K02573.01,1.347512632,132.127858,1.9817,0
9474493,K02574.01,0.512581697,132.80609,1.5789,0
4551663,K02576.01,12.07760884,140.46287,2.233,0
11752908,K02651.01,6.38315744,132.30539,1.7075,0
7021681,K00255.01,27.52194772,189.824523,4.047,1
4346178,K02652.01,16.1289679,143.75518,6.271,1
9664142,K02654.01,13.5631157,140.65364,5.438,1
10018233,K02655.01,16.2959916,133.90784,2.116,1
8081899,K02426.01,4.16056658,132.27418,2.61,1
10189557,K02427.01,2.93101771,131.92959,2.231,0
8478994,K00245.01,39.79220077,175.250558,4.466,1
9965184,K02428.01,16.2276756,136.62586,3.699,0
9911882,K02429.01,1.595630597,136.13782,1.793,0
8631504,K02503.01,14.8200596,133.39933,3.902,1
8110767,K02504.01,20.49041,144.41979,4.369,1
5471574,K02505.01,0.962827066,132.20517,4.48,0
6767840,K02506.01,8.679037,140.90423,2.864,1
8379705,K02507.01,11.1296971,138.57573,2.942,1
9896018,K02579.01,2.7296036,133.28661,2.721,1
11037511,K02580.01,3.11604194,133.84988,1.7763,1
9757613,K00250.04,46.82767725,136.74468,1.9033,1
11818872,K02581.01,12.7372371,136.0162,3.358,1
11771430,K02582.01,40.0306267,148.85882,4.815,1
5513012,K02668.01,0.679336747,132.856178,1.2188,1
11761199,K02669.01,213.6103207,141.655562,10.7643,0
8074805,K02670.01,170.8658492,299.660385,16.9895,0
2437505,K02671.02,17.5509742,133.9459,4.064,0
11253827,K02672.01,88.5122014,182.67266,6.8214,1
3533469,K02430.01,10.21507506,133.64546,3.395,0
8956706,K02431.01,8.3806973,134.7287,3.028,0
7047363,K02432.01,31.0572947,147.56275,3.401,1
11968463,K02433.01,15.1622287,144.474,7.332,1
11968463,K02433.02,10.04378351,353.61859,5.548,1
9880190,K02509.01,4.5513988,133.05954,2.457,1
5364071,K00248.02,10.91274065,169.85247,2.1801,1
5392702,K02510.01,12.2141545,141.3677,10.262,0
8429566,K02511.01,3.732261,131.93795,2.054,0
10387742,K02583.01,3.03267135,134.0668,1.774,1
7673841,K02585.01,5.34182466,136.3186,3.577,1
9827149,K02586.01,2.131945045,133.65547,1.8061,1
5546691,K02587.01,12.9462567,139.4165,9.568,1
12156347,K02588.01,5.77957133,136.53014,2.5213,1
8547429,K02658.01,11.6601667,140.62189,5.882,1
8803882,K02659.01,89.465468,170.8426,9.88,0
9893318,K02660.01,18.0161227,145.24169,4.016,1
6864885,K02434.01,40.8777605,163.43477,9.745,0
5097868,K02435.01,6.80243431,132.40355,3.817,0
8570333,K02436.01,84.5733346,150.152,5.762,1
8478994,K00245.02,21.30181863,191.84136,3.8763,1
5036705,K02437.01,4.14789051,135.53291,3.829,1
9653622,K02513.01,19.0054098,144.15574,1.843,1
4391348,K02514.01,1.96433113,131.65195,2.381,0
8947520,K02517.01,0.968527683,131.50954,1.3672,1
10468885,K02589.01,0.664074145,133.40285,1.0925,1
12016267,K02590.01,11.7489907,135.68045,4.043,0
3861595,K00004.01,3.849371737,157.526686,2.632,1
5725087,K00033.01,0.366197145,133.55969,1.2335,0
10489206,K00251.01,4.164384505,171.087935,1.8464,1
3426367,K02662.01,2.10433534,133.31612,1.1168,1
5562090,K02664.01,28.8431751,143.82307,3.171,1
11548140,K00256.01,1.378649746,169.780113,1.2232,0
12110786,K02665.01,1.112207126,131.8505,1.35,0
3654095,K02667.01,1.303576682,133.0758,1.021,0
5078939,K02438.01,1.958577398,132.26115,2.388,0
6867555,K02439.01,5.19103699,135.21628,4.222,1
5339567,K02440.01,4.86638504,134.01501,2.296,1
4459924,K02441.01,4.79176993,134.03502,4.52,0
11080405,K02442.01,25.1933989,146.4301,4.62,1
5529738,K02518.01,0.759762021,131.79506,4.912,0
10059645,K02520.01,6.49441464,132.25189,2.344,1
5364071,K00248.03,2.576571021,172.126911,1.5997,1
7183745,K02521.01,28.4750006,154.5706,4.718,1
8212002,K02593.01,14.7966306,142.74484,5.613,1
8004903,K02594.01,11.25401871,136.8901,4.759,1
8883329,K02595.01,9.18244299,134.04601,4.318,1
8883329,K02595.02,14.6134781,140.41368,5.266,1
3644653,K02596.01,119.682075,176.0877,31.28,0
11253827,K02672.02,42.9923284,162.50532,4.726,1
5514383,K00257.01,6.88341278,172.66227,2.0674,1
10747445,K02673.01,4.593595496,134.88971,2.7468,0
8022489,K02674.01,197.5111484,272.3864,11.106,1
8022489,K02674.02,11.1726723,140.00764,6.106,1
8022489,K02674.03,2.53573284,133.01581,3.989,1
9209624,K02443.01,6.79164656,136.48519,3.343,1
9209624,K02443.02,11.8376933,142.21212,3.381,1
3354846,K02444.01,18.5525162,135.51322,4.385,1
8478994,K00245.03,13.3669309,184.0734,3.733,1
3946023,K02447.01,1.045492348,132.27517,2.933,0
7183745,K02521.02,4.86634094,353.34131,1.885,1
9177629,K02522.01,5.60402307,133.82508,1.0273,1
7778767,K02523.01,13.0313583,144.11544,4.521,1
7515762,K02524.01,40.9905002,132.4136,7.336,1
5942949,K02525.01,57.2932309,146.23112,4.878,1
12120307,K02597.01,8.00504749,138.71228,3.32,1
12120307,K02597.02,12.13070414,139.89855,3.843,1
12120307,K02597.03,5.61357653,131.81669,2.905,1
9777251,K02600.01,1.33255087,132.059,3.565,0
6864893,K02375.01,40.8792243,163.41583,7.005,0
11701407,K02376.01,18.8262877,134.70322,2.344,1
11288051,K00241.03,3.41045981,131.58062,2.866,1
10813132,K02378.01,4.76702759,132.69368,2.013,1
5857540,K02448.01,13.62801048,135.45073,3.5374,1
7289317,K02450.01,16.83203175,140.53041,4.031,1
6500206,K02451.01,13.37499553,142.38153,1.639,0
5545815,K02452.01,4.35370136,134.09426,1.913,0
3116302,K02526.01,134.96694,205.9674,18.43,0
7879433,K02527.01,1.385787741,135.49119,1.6449,1
9205907,K02528.01,12.02295362,136.20687,1.2667,1
8463346,K02529.01,16.79716262,134.0417,3.83,1
5364071,K00248.04,18.59611518,141.26331,2.3052,1
10489206,K00251.02,5.77440326,132.96695,1.768,1
7531677,K02601.01,2.622134451,131.87323,4.735,0
10068659,K02602.01,11.47685263,139.63194,2.756,1
9718379,K02379.01,40.0088894,141.74475,3.616,0
4055774,K02381.01,6.58738839,133.35768,4.758,0
6670075,K02382.01,0.759706632,131.7692,1.0896,0
9395024,K02383.01,4.37033233,131.92696,2.845,1
11401822,K02454.01,1.08070294,131.86686,3.363,0
6507427,K02455.01,4.74254518,133.13916,1.023,0
5521300,K02456.01,18.13559979,138.31557,2.019,0
8478994,K00245.04,51.20690303,195.7303,8.99,1
9753154,K02457.01,3.70429015,132.21478,3.37,1
9011825,K02530.01,37.3331165,162.90453,7.643,1
5174858,K02532.01,7.9709719,134.0507,1.2893,1
11074835,K02533.01,6.03355539,137.121,10.049,1
1996180,K02534.01,3.02558494,134.36744,3.0008,1
10407221,K02605.01,0.933746783,131.51962,4.255,0
5991936,K02606.01,6.09740316,133.32402,4.635,0
6269070,K02608.01,2.7612237,131.6081,3.681,1
6705137,K02609.01,5.59727625,131.86798,1.659,0
8345172,K02385.01,50.5715805,161.11366,3.726,0
12254378,K02387.01,2.032319072,132.32157,1.6762,1
4247791,K00028.01,4.100870416,168.1460533,8.15361,0
7604328,K02458.01,4.35407371,132.85695,2.427,1
11236244,K02460.01,11.32269749,136.05511,3.517,1
9837685,K02461.01,13.71218522,135.51875,2.437,1
5042210,K02462.01,12.14684625,131.55623,6.197,1
12454461,K02463.01,7.46718958,136.39348,3.633,1
9635606,K02535.01,48.8882668,153.8341,6.468,1
3728701,K02536.01,51.1319346,137.1568,6.019,1
10861715,K02537.01,133.516435,134.8898,2.196,0
1849702,K02538.01,39.8312536,155.6409,2.442,1
9390653,K00249.01,9.549277089,175.757183,1.5832,1
11187837,K00252.01,17.60461401,170.4984,3.716,1
8885673,K02611.01,1.228721184,133.49967,1.041,0
8025596,K02615.01,4.69505576,133.93643,3.058,1
5956787,K02616.01,0.569115976,132.01945,2.028,0
3642741,K00242.01,7.258450123,138.344691,5.7297,0
12071037,K02388.01,6.0959841,135.0254,10.39,0
8494617,K02389.01,22.9221181,133.66805,8.2,1
10289119,K02390.01,16.10474503,135.01186,5.712,1
7382313,K02392.01,7.42697378,133.099,3.206,1
9887224,K02464.01,0.874629873,132.25706,1.782,0
7542369,K02465.01,5.46091846,131.66849,1.781,0
8544992,K02466.01,3.17323012,133.69979,1.9094,1
8544992,K02466.02,13.2970695,140.94606,3.283,1
11295426,K00246.01,5.398752862,173.858666,3.4303,1
7289162,K02539.01,5.26648126,131.6902,1.964,0
3001885,K02540.01,2.67596808,133.70492,2.021,0
12306058,K02541.01,7.41683033,137.96389,7.274,1
6183511,K02542.01,0.727331746,132.37007,0.8323,1
12469800,K02543.01,1.302017467,131.93696,1.3692,1
4915638,K02617.01,8.63050092,139.57438,3.144,1
6351097,K02618.01,12.49117388,136.31491,2.848,0
8081905,K02619.01,3.27645723,131.97924,2.219,1
11465950,K02620.01,16.0573291,132.39054,3.546,1
9996632,K02621.01,8.44326557,136.26748,3.353,0
4665571,K02393.01,4.60300256,133.22313,2.6848,1
4829935,K02395.01,16.9329284,132.15407,1.218,0
9269042,K02397.01,12.00089667,142.04182,3.266,1
6199056,K02398.01,1.169010526,131.738567,1.1717,0
11461433,K02399.01,1.916940872,132.46734,1.4243,1
11818607,K02467.01,5.05661302,134.39648,3.926,1
8380709,K02468.01,24.3344939,147.41892,6.557,1
6149910,K02469.01,131.187921,172.3923,6.905,1
9108085,K02470.01,2.17489806,134.11887,4.599,0
5436013,K02471.01,25.8859397,157.04329,4.548,1
8676148,K02544.01,28.6253502,158.11827,4.551,1
9696358,K02545.01,6.98141327,132.7883,6.527,1
5039129,K02546.01,1.319677953,132.06143,1.978,0
4484336,K02547.01,8.94337724,137.30234,2.469,1
9757613,K00250.01,12.282998287,170.39809,2.7096,1
10527135,K02622.01,0.328686504,132.77146,0.8592,0
11752906,K00253.01,6.383159135,170.604622,1.7504,1
10916600,K02623.01,5.57654782,136.42668,3.673,1
8429314,K02624.01,115.6863392,246.98666,4.65,1
9153570,K02625.01,3.81371423,132.57465,1.973,1
11768142,K02626.01,38.0970717,140.00353,4.307,1
9592579,K00243.01,2.637574744,134.212775,5.4573,0
8481129,K02402.01,16.3012727,133.79446,3.974,1
2142522,K02403.01,13.32354078,134.03671,3.873,1
9395719,K02472.01,2.607545159,131.83453,1.3916,1
8753896,K02473.01,3.24417541,132.94014,1.992,1
8746295,K02475.01,6.85567248,136.01953,2.268,0
10090257,K02476.01,2.28607282,133.557,7.82,0
11295426,K00246.02,9.60505976,136.37863,3.0063,1
10679583,K02549.01,3.54789928,133.78212,2.861,0
8757824,K02552.01,3.65690909,134.95269,2.064,1
9832208,K02553.01,88.0712769,214.51304,6.758,1
6124512,K02627.01,8.38395796,134.41408,5.2,1
10070468,K02628.01,1.68189051,133.07951,2.992,1
10031656,K02629.01,8.59000355,131.97492,6.68,0
7584650,K02631.01,44.9977604,160.2298,9.686,1
11337566,K02632.01,7.12815163,136.88006,5.522,1
10202759,K02405.01,0.872952088,131.49734,1.4499,0
5007345,K02406.01,7.01074295,138.4027,2.1787,1
12120484,K02407.01,17.2922631,135.75448,7.042,1
6429812,K02408.01,94.289223,166.50826,4.102,1
6846911,K02477.01,14.02634692,135.17539,1.2808,1
5385439,K02478.01,12.425866431,141.5137911,29.1428,0
5963582,K02479.01,25.5433704,140.58705,8.567,1
4476423,K02481.01,33.8542586,132.1329,12.689,0
11403389,K02482.01,45.0909201,133.55146,4.605,1
9851662,K02483.01,15.0539886,135.53329,4.422,1
8758204,K02841.01,159.388788,226.9313,8.432,1
8733898,K02842.01,1.565412613,132.91281,0.7572,1
8733898,K02842.02,5.14892346,133.31971,0.9613,1
3228945,K02917.01,0.730943372,131.49862,3.004,0
7008149,K02918.01,0.515552803,131.651719,1.7869,0
10332213,K02919.01,2.522590567,131.64534,1.406,1
7090524,K02920.01,6.73968289,132.29296,4.183,1
11133306,K00276.01,41.74598855,210.399151,4.6125,1
6307063,K02702.01,75.378004,167.11715,6.744,0
5871985,K02703.01,213.258526,268.13424,7.768,1
8292840,K00260.02,100.2830675,245.04318,10.8636,1
9730163,K02704.01,4.871223664,133.64255,1.5916,1
9730163,K02704.02,2.984157711,133.11908,1.2637,1
11453592,K02705.01,2.8867624,131.66592,0.9879,1
3834322,K02763.01,0.498434645,131.57053,0.955,0
11188249,K02765.01,2.75505467,133.42201,3.426,0
4677282,K02766.01,1.572181216,131.77456,7.219,0
5097470,K02767.01,1.28805834,131.9914,3.419,0
4858610,K02844.01,2.72288246,131.90948,2.408,0
10591855,K02845.01,1.574090323,131.86116,1.5796,1
4832175,K02846.01,0.947738312,132.38567,1.206,0
7749773,K02848.01,13.7872627,144.77403,5.747,1
9451706,K00271.03,14.4359459,141.51253,3.414,1
10064256,K02849.01,5.95958637,135.00822,2.899,1
4381282,K02922.01,0.497581917,131.6572,1.46,0
7609553,K02924.01,2.279523364,133.3576,1.6202,1
10122538,K02926.01,12.2854718,131.90073,2.996,1
10122538,K02926.02,5.53609368,131.88286,2.2942,1
5480640,K02707.01,58.0337426,138.7412,5.584,1
5480640,K02707.02,14.4252635,136.75608,3.754,1
5480640,K02707.03,26.6757818,149.99527,2.696,1
5175986,K02708.01,0.868386354,132.06741,1.066,1
9008737,K02768.01,11.8288843,137.6991,3.337,1
9008737,K02768.02,14.7512034,137.1559,1.25,1
9692128,K02769.01,1.480323978,131.7553,1.833,0
6521045,K00041.02,6.88707073,133.17797,4.4679,1
8167959,K00267.01,165.75597,207.3074,8.45,0
4075015,K02850.01,1.11431205,131.75649,2.112,0
6697605,K02851.01,3.42064689,132.30629,1.767,1
6294819,K02852.01,0.675650404,131.68114,1.8261,1
3230753,K02928.01,17.7337356,143.9223,5.558,0
8358012,K02929.01,10.06478627,135.24121,2.86,0
4664046,K02930.01,1.12976597,132.526,3.096,0
11401755,K00277.01,16.23191704,171.67758,7.461,1
4180401,K02709.01,15.4126766,144.9757,3.402,0
6350476,K02710.01,1.110599919,131.57274,1.3493,0
8292840,K00260.03,21.86965714,140.29513,5.5177,1
5272233,K02711.01,9.02436414,133.54199,3.011,1
5272233,K02711.02,17.3408735,138.96694,3.398,1
11456382,K02771.01,0.814280672,131.64736,2.326,0
3130548,K02773.01,0.878855771,131.49524,1.1014,0
9593757,K02774.01,2.49432176,133.61066,2.3269,0
4275117,K02776.01,1.00652785,131.71627,1.3175,0
6545051,K02777.01,1.99566293,132.8585,4.514,0
5513866,K02854.01,0.755111225,131.80687,3.164,0
5688910,K02856.01,25.8730914,143.28644,5.085,1
6345732,K02857.01,20.2642023,135.27919,4.664,1
6345732,K02857.02,7.44136102,137.74695,4.554,1
8611257,K02931.01,99.2532336,148.53067,7.208,1
3861611,K02932.01,3.84933401,134.43526,2.299,0
10880507,K02936.01,6.4802138,132.8598,3.27,1
5443604,K02713.01,21.3910125,141.29764,3.512,0
12206313,K02714.01,14.3832267,140.57648,8.378,1
12206313,K02714.02,47.3186631,170.06035,10.465,1
9837661,K02715.01,11.12827427,139.54417,2.6118,1
7769819,K02778.01,2.21571296,131.82107,1.8211,1
11874577,K02779.01,34.4585495,147.82493,7.434,1
12164564,K02780.01,3.35184041,131.64441,1.9855,1
8190354,K02781.01,1.615758517,131.68535,1.734,0
10397751,K02859.01,3.4462125,132.22894,2.101,1
10397751,K02859.02,2.005414293,133.24526,1.934,1
7815931,K02861.01,1.868564038,132.51442,1.192,0
9642292,K02946.01,15.1408916,143.74584,4.359,1
6356692,K02948.01,11.39169531,141.55983,5.0,1
4991208,K02951.01,2.44358543,132.80194,1.852,1
8243283,K02952.01,1.7592691,132.07552,2.381,0
9837661,K02715.02,2.226496196,133.37195,1.7073,1
9837661,K02715.03,5.72084599,134.66576,2.744,1
9092504,K02716.01,0.962864171,132.12548,1.6802,1
5383248,K00261.01,16.23847733,171.019564,3.9699,1
9092504,K02716.02,6.46004728,135.96779,1.979,1
10001368,K02785.01,4.76831033,134.86116,3.2363,1
9466429,K02786.01,44.616751,164.45238,7.831,1
4365442,K02787.01,1.714410345,131.86549,3.336,0
8885643,K02789.01,3.40165617,132.06195,1.9617,1
5652893,K02790.01,14.00948631,132.96947,3.399,1
3241557,K02863.01,1.703359172,132.46185,1.914,0
3957082,K02864.01,3.77881664,134.208,5.819,0
8681833,K02865.01,1.311558909,131.53283,1.919,1
4138951,K02866.01,1.291233083,131.99105,1.855,1
3102384,K00273.01,10.573751447,175.067739,1.7259,1
10471515,K02961.01,3.7847507,133.50785,2.924,1
8760040,K02963.01,18.2206024,141.37607,5.109,1
10098844,K02964.01,47.4497134,173.4565,10.675,1
9467404,K02717.01,0.929906166,132.25126,1.743,1
5308666,K02718.01,0.784513087,131.98751,1.9206,0
5184911,K02719.01,4.11585514,134.11726,1.4858,1
6587105,K02721.01,33.878639,160.21869,6.194,1
11662184,K02791.01,27.5722144,145.39543,5.256,1
11127479,K02792.01,2.12821621,132.48055,3.146,1
5428668,K02794.01,0.703399912,131.65929,0.823,0
5041569,K02795.01,2.5355023,132.20054,7.189,0
9899181,K02867.01,1.332560553,132.05303,3.315,0
9899181,K02867.02,18.936061,139.0725,22.27,0
8884274,K02868.01,10.65275054,136.08994,2.684,1
7767162,K02869.01,3.30040818,133.56723,4.462,1
4861791,K02870.01,5.62950902,136.8607,6.542,0
4385148,K02942.02,24.2758992,152.43133,4.59,1
9838468,K02943.01,54.4099612,175.40307,9.314,1
6781548,K02944.01,9.12209336,138.83306,4.347,0
8617363,K02945.01,19.94752741,144.2469,1.756,1
11401755,K00277.02,13.84984567,141.64914,7.2783,1
7673192,K02722.01,6.12479773,134.93803,3.466,1
7673192,K02722.02,11.24284815,136.32084,4.241,1
7673192,K02722.03,4.02877097,133.76774,3.173,1
7673192,K02722.04,8.92114318,137.49071,3.933,1
11807274,K00262.01,7.81285862,172.6138,4.098,1
7670943,K00269.01,18.01164974,185.09162,6.7367,1
6697756,K02798.01,0.916142298,132.02221,1.1555,1
5649833,K02799.01,0.597933473,131.95386,1.918,0
10518399,K02800.01,2.69636494,132.99372,3.892,0
5905822,K02801.01,6.99205021,138.05147,5.037,1
10793172,K02871.01,12.0999065,143.04424,3.558,1
10793172,K02871.02,5.36375016,134.65014,2.94,1
7136729,K02872.01,3.17319407,133.38365,2.512,0
6364276,K02873.01,5.24368302,132.7109,10.873,0
5108946,K02955.01,0.591280187,131.74406,1.1656,0
8801316,K02956.01,3.93766786,135.27724,4.655,1
10876237,K02960.01,1.465943491,132.32801,1.513,0
12314973,K00279.01,28.45489091,176.706265,8.1593,1
3346154,K02723.01,1.952711161,133.160986,0.872,1
5308387,K02724.01,0.620739667,132.10051,2.477,0
6233573,K02725.01,0.587470828,131.49788,2.4382,0
10363281,K02726.01,0.934924739,132.17846,2.052,0
4861527,K02727.01,25.7054557,156.66709,6.059,0
5775129,K02802.01,3.84822189,131.9185,2.013,1
9898447,K02803.01,2.37752442,133.39854,2.307,1
5307568,K02804.01,2.62838097,131.62343,3.193,0
11135308,K02805.01,1.877878538,132.26131,2.39,1
6521045,K00041.03,35.3331932,153.98249,5.966,1
8077137,K00274.01,15.0896415,175.95371,4.3349,1
7019524,K02877.01,5.30873978,134.25061,3.018,1
5106313,K02878.01,3.89524296,131.85929,1.689,1
9825174,K02880.01,0.740926358,131.91163,1.0163,1
8429415,K02965.01,1.352564873,132.04752,3.469,0
5014903,K02966.01,7.72768833,136.19387,2.06,0
5980783,K02967.01,37.3033197,133.3072,7.793,1
8560804,K02969.01,31.9729501,133.88218,9.41,0
12008872,K02729.01,14.8877665,141.95432,4.981,1
8415200,K02730.01,4.52158614,133.21804,3.4702,1
4072333,K02731.01,2.007750531,132.57843,2.0715,0
9886361,K02732.01,7.03146295,134.4525,5.922,1
9886361,K02732.03,54.2811949,140.71639,5.517,1
3730335,K02808.01,0.596087893,131.82296,0.7159,0
6528464,K00270.01,12.58229808,175.02129,6.375,1
7428316,K02809.01,7.12684695,137.42807,3.179,0
10275766,K02810.01,0.661749944,131.86076,4.112,0
10275766,K02810.02,354.95118,156.9947,13.02,0
6370120,K02811.01,1.35477049,131.64321,1.618,0
5642620,K02882.02,0.493393859,131.57378,1.1319,0
5209845,K02883.01,11.95401876,140.26226,2.656,1
9652649,K02884.01,2.48883033,132.11766,4.268,0
11100670,K02885.01,20.2340219,141.38622,3.674,0
6129524,K02886.01,0.88184263,131.68869,1.3117,1
5794570,K02675.01,5.448321078,132.49088,2.2213,1
5794570,K02675.02,1.116127169,131.84982,1.3235,1
5649325,K02676.01,195.613824,167.73974,23.777,0
6779260,K02678.01,3.833087643,131.63482,1.51,1
11807274,K00262.02,9.37663713,136.95319,2.1033,1
5953297,K02733.01,5.62006198,132.95381,2.751,1
7659389,K02734.01,3.8259005,132.20163,1.8057,1
9472074,K02735.01,0.558841234,131.57991,0.7918,1
10842192,K02736.01,9.33648141,140.67893,2.5449,1
2442448,K02812.01,76.6139446,153.79301,10.22,1
9665922,K02815.01,1.545388842,132.63059,3.037,0
11283615,K02816.01,1.289590179,131.89057,1.3541,1
7605093,K02817.01,0.634003002,131.89476,0.9207,1
3859363,K02887.01,1.56859048,131.64081,11.591,0
8077137,K00274.02,22.8030252,153.37541,4.768,1
12023078,K02888.01,0.623441939,131.990423,1.4053,0
6364162,K02889.01,5.24364571,132.7242,16.984,0
7463685,K02890.01,8.98826122,138.83733,4.96,1
11231334,K00258.01,4.15743922,172.50464,9.572,0
6878240,K02681.01,135.4978256,233.6923,6.769,1
6878240,K02681.02,22.2508509,149.43326,1.745,1
2436378,K02682.01,8.53161917,136.27763,2.9596,0
6614629,K02737.01,0.526615152,131.49908,1.0582,0
6630943,K02738.01,0.690405794,131.7301,1.7407,0
4831728,K02739.01,10.10773789,135.1032,3.828,1
3336765,K02740.01,1.844857057,132.16167,1.6557,0
4270565,K02819.01,18.0116764,139.19459,6.006,0
6528464,K00270.02,33.67280658,162.03676,8.2267,1
11963206,K02820.01,3.00912491,131.62696,2.228,1
8263545,K02822.01,4.44589508,131.74309,2.3816,1
10068024,K02891.01,2.023126394,132.07328,1.2771,0
9636563,K02892.01,10.63609504,139.7996,3.48,0
6937402,K02894.01,10.3108232,141.5114,5.617,1
5475641,K02895.01,1.069842837,132.4449,5.275,0
2853828,K02896.01,1.077467951,131.58234,2.1125,0
4035667,K02684.01,2.8736467,132.58652,1.682,0
9612825,K02685.01,2.846517614,133.24348,4.228,0
7826659,K02686.01,211.032819,279.12891,7.119,1
7202957,K02687.01,1.716828304,132.03204,2.068,1
5513893,K02741.01,0.755103143,131.81388,2.885,0
10514430,K00263.01,20.71927223,184.73851,4.0388,0
8095441,K02743.01,11.87457664,140.21259,1.9797,1
5881813,K02744.01,109.6469948,190.67271,6.568,1
12456601,K02745.01,15.64588656,146.04926,3.959,1
10341917,K02823.01,0.93375241,131.5113,6.352,0
3241604,K02824.01,1.70336496,132.45889,1.7045,0
9591070,K02825.01,0.764174368,131.68497,2.346,0
8227661,K02826.01,1.85373924,132.66885,1.816,0
7428736,K02827.01,7.06321927,132.52395,2.411,1
5817986,K02897.01,0.584310213,132.013258,2.1801,0
11129258,K02898.01,25.384175,137.77326,3.576,1
10586004,K00275.01,15.79196594,176.81888,7.2772,1
7202957,K02687.02,8.16733851,136.20356,3.337,1
6521045,K00041.01,12.81590421,122.94682,6.3856,1
5790807,K00259.01,79.99623328,207.126264,6.3339,0
8892303,K02688.01,5.424749327,133.728952,1.139,1
5369827,K02690.01,3.606940379,134.77442,1.0418,1
5302643,K02746.01,69.2002312,145.95159,5.679,0
6586746,K02747.01,6.26404774,132.82928,2.39,1
9962455,K02748.01,23.1985852,142.62801,9.821,1
9962455,K02748.02,5.77721259,137.16696,2.462,1
8687088,K02749.01,0.905037231,132.21703,1.4351,0
6436029,K02828.01,59.4969009,146.95193,5.404,1
6197215,K02829.01,10.61345333,135.6898,0.9829,1
9451706,K00271.01,48.6303805,172.54736,7.0805,1
9244508,K02830.01,40.5289885,168.01669,10.604,1
9692557,K02831.01,0.571940563,131.71371,0.9031,0
9366886,K02901.01,0.633514386,131.56236,1.2792,0
3657176,K02903.01,17.4166143,141.10369,2.445,0
3969687,K02904.01,16.3583482,141.25354,9.858,1
9369366,K02905.01,36.0054414,144.34331,3.262,0
6716545,K02906.01,13.9093544,142.8769,6.765,1
2989706,K02692.01,1.257689465,132.503649,0.8399,0
5185897,K02693.01,4.081411554,133.85992,2.3239,1
5185897,K02693.02,11.41941928,142.11859,3.3075,1
5185897,K02693.03,6.83440674,136.86023,2.2726,1
9881077,K02751.01,24.4004378,135.62326,2.987,1
3097346,K00264.01,4.029810359,170.69131,3.3316,0
5717567,K02752.01,1.287622419,132.43069,0.821,0
6265792,K02753.01,0.935115863,132.20193,1.6172,1
9995402,K02832.01,3.57551429,132.86125,2.364,1
5609593,K02834.01,136.205112,234.72601,5.568,1
5436338,K02835.01,6.30922043,133.99677,1.3251,1
11414465,K02836.01,2.94194296,133.1044,2.056,1
2708885,K02907.01,1.146934644,132.2666,1.7247,0
6612284,K02908.01,1.245353252,132.21522,2.152,0
10586004,K00275.02,82.2001239,208.79417,10.627,1
4483138,K02910.01,15.3626052,145.5732,3.736,1
9475552,K02694.01,0.843379985,131.966174,1.4474,1
9475552,K02694.02,6.56606941,134.49512,1.8455,1
8292840,K00260.01,10.49566303,172.79335,4.7356,1
10905911,K02754.01,1.34155642,132.73743,1.6462,1
3545135,K02755.01,8.48299282,132.96583,2.505,1
6964929,K02756.01,0.665025941,131.65962,1.7542,1
6432345,K02757.01,234.635652,172.64615,6.965,1
11565924,K02837.01,13.32191461,142.7235,6.213,1
6607357,K02838.01,7.69994466,134.39282,4.432,1
6607357,K02838.02,4.77466043,135.16338,3.804,1
9451706,K00271.02,29.39337161,209.06737,7.0445,1
6186964,K02839.01,2.164570593,131.83142,1.2862,1
5471202,K02911.01,12.4258343,141.5311,28.1171,0
9640439,K02912.01,0.873227249,132.23359,0.7948,0
9693006,K02913.01,2.88878583,132.33651,2.977,1
6627507,K02697.01,7.37453336,131.55947,3.745,0
5128673,K02698.01,87.9724227,168.29785,14.638,1
6690836,K02699.01,0.568874717,132.048771,1.2177,1
5481148,K02701.01,22.023514,135.18349,1.932,0
7877978,K02760.01,56.5732318,146.57984,4.188,1
7903086,K02761.01,1.846861455,131.90493,1.6605,0
12024120,K00265.01,3.568099612,169.74278,3.2131,1
8210018,K02762.01,132.9955503,258.3961,7.436,1
3642289,K00301.01,6.002548291,171.71419,4.1628,1
3642289,K00301.02,11.44865823,141.38705,4.953,1
3662838,K00302.01,24.85466504,173.99971,9.182,1
5966322,K00303.01,60.92818866,173.37212,6.3336,1
6029239,K00304.01,8.512037736,174.909816,2.1861,1
12106929,K00359.01,5.93720557,171.57597,4.882,0
12107021,K00360.01,5.93719982,135.95338,3.95,0
8248939,K00061.01,1.63345402,181.8556,3.817,0
12404954,K00361.01,3.247548814,171.27807,2.5146,1
1571511,K00362.01,14.022451457,177.5952096,8.08619,0
2438070,K00363.01,2.442945167,171.09721,4.0145,0
3747262,K03005.01,1.312459403,132.22569,1.459,0
9070666,K03008.01,2.99792926,131.76579,4.398,1
3642335,K03010.01,60.8660974,179.28674,4.397,1
3328052,K03011.01,2.11547854,132.0118,3.665,0
9119568,K03087.01,5.54867998,133.9285,4.665,0
9119568,K03087.02,1.22174063,132.0174,7.443,0
9020114,K03088.01,3.48412874,134.5504,1.422,1
6196457,K00285.01,13.74883059,179.279158,6.0968,1
6063220,K00305.01,4.603575293,171.840124,2.3499,1
6071903,K00306.01,24.30784323,178.36629,2.6054,1
6289257,K00307.01,19.67409703,176.27119,3.7535,1
10905239,K00046.01,3.487688776,170.932217,3.83661,1
11623629,K00365.01,81.737872,211.678818,6.6923,1
4815520,K00367.01,31.578651216,177.206237,2.12791,1
6603043,K00368.01,110.32167272,197.365128,13.3624,0
7175184,K00369.01,5.88527364,174.42554,1.9531,1
7109851,K03012.01,1.086486129,131.96598,0.8383,0
7347246,K03014.01,86.1160885,134.8808,6.058,1
11403530,K03015.01,3.61460332,133.09123,3.227,1
5088536,K00282.02,8.45744892,139.06689,3.2893,1
6609270,K03090.01,3.82223397,132.14965,1.924,1
12406807,K03091.01,17.067644,145.56929,6.026,1
8046689,K03092.01,5.78542702,137.09181,2.271,0
5096590,K03093.01,29.6099055,137.3316,7.433,1
9650989,K03095.01,3.42390809,132.88326,1.773,1
6289257,K00307.02,5.21104597,131.53797,3.3447,1
6291837,K00308.01,35.5969684,187.52765,6.691,1
7024222,K00309.01,1.633107509,170.19649,1.491,0
7024511,K00311.01,66.1544958,175.64641,6.945,0
7050989,K00312.01,11.57890926,175.58603,2.7207,1
7175184,K00369.02,10.10463142,135.55718,2.369,1
8494142,K00370.01,42.88247951,203.6483,9.7471,1
11554435,K00063.01,9.43414171,177.84346,2.8112,1
8494142,K00370.02,22.95062278,151.53259,4.4814,1
5652983,K00371.01,498.391282,244.08166,6.135,0
6471021,K00372.01,125.6291479,253.35079,9.108,1
7906671,K03018.01,45.1178526,156.99133,3.737,0
8709688,K03019.01,4.17939037,133.84818,2.647,1
3348285,K03021.01,0.803835923,131.80207,1.397,0
11618601,K03022.01,2.76263737,132.99574,1.821,1
7582689,K03097.01,11.9216035,137.47581,5.009,1
7582689,K03097.02,6.80257947,138.0478,4.608,1
7582689,K03097.03,8.70312154,140.15531,4.807,1
9959589,K03098.01,1.332557603,132.05691,6.043,0
9025922,K00043.01,11.32029599,177.08388,4.5866,0
6196457,K00285.02,26.723169,147.93696,8.501,1
7050989,K00312.02,16.39926461,131.96806,3.4108,1
7419318,K00313.01,18.73577127,177.634372,3.0356,1
7419318,K00313.02,8.43639829,179.88704,3.2451,1
7603200,K00314.01,13.78109471,177.852785,2.3188,1
7603200,K00314.02,23.08902241,171.007634,1.7012,1
10905239,K00046.02,6.02977241,132.48162,3.961,1
7364176,K00373.01,135.1879934,190.93292,8.8191,1
8686097,K00374.01,172.7046083,236.92574,11.347,1
12356617,K00375.01,988.8811177,239.224189,5.9504,1
12643589,K00376.01,44.14599042,211.531127,3.4015,0
12643589,K00376.02,1.411627439,178.263426,1.0814,0
3323887,K00377.01,19.270825843,182.5436,4.1281,1
11618601,K03022.02,5.05368985,135.11296,2.514,1
7732285,K03023.01,4.39049637,134.12735,3.0112,0
9716391,K03025.01,13.1829329,141.82648,3.594,1
6929841,K03026.01,3.51575492,134.29974,1.381,1
5088536,K00282.03,87.5177787,201.15451,2.55,1
5124254,K03099.01,14.0498182,140.50396,2.907,0
11508644,K03101.01,14.2563272,133.40971,4.796,1
8895758,K03106.01,0.968980781,132.41921,1.517,1
10031500,K03107.01,8.589562,132.0335,9.885,0
7603200,K00314.03,10.31282204,133.53528,2.0138,1
7700622,K00315.01,35.58349688,189.03562,3.9885,1
8008067,K00316.01,15.77111067,184.90347,5.0574,1
8008067,K00316.02,157.0659976,481.26942,8.1289,1
8008067,K00316.03,7.305706326,131.77905,1.4228,1
3323887,K00377.02,38.90787517,175.425847,4.5271,1
3323887,K00377.03,1.59295975,182.08924,1.9313,1
2449074,K00378.01,4.94402197,173.75192,4.062,0
2446113,K00379.01,6.71725648,170.99733,2.5207,0
11137180,K03027.01,6.07032548,135.30933,1.341,1
9838804,K03028.01,1.33256952,132.03835,2.915,0
5524881,K03030.01,7.19552624,136.03008,4.095,0
3756264,K03108.01,7.36272124,136.86143,1.3287,1
11572193,K03109.01,10.6761592,140.59136,4.594,1
11285870,K03110.01,4.48494315,135.01836,2.752,1
6196457,K00285.03,49.3567907,134.29533,10.954,1
8121310,K00317.01,22.20809549,206.35965,7.3327,1
8156120,K00318.01,38.5833679,174.84868,12.391,1
8684730,K00319.01,46.15119482,176.626026,6.3427,1
8700558,K00320.01,4.79179893,173.51679,2.9283,0
8753657,K00321.01,2.426304127,170.455517,2.6624,1
3847708,K00389.01,3.741231778,171.70626,2.469,0
3849155,K00390.01,1.168310132,170.604205,1.31,0
3858804,K00391.01,25.9525478,174.84275,21.328,0
3942670,K00392.01,33.4160553,171.33696,8.605,1
3942670,K00392.02,12.6119685,138.1189,6.372,1
10585738,K03032.01,0.636424848,131.68872,0.947,1
7186665,K03033.01,8.55935323,137.22854,4.303,0
6388770,K03035.01,21.3419702,134.094,10.73,0
7676423,K03113.01,2.46050095,133.61605,1.861,1
11714231,K03115.01,5.8660127,136.35647,3.985,1
11720424,K03116.01,23.9107056,150.5394,4.996,1
7837302,K00048.01,23.836808884,173.7759431,6.02854,0
8753657,K00321.02,4.62334491,132.37083,3.0189,1
8948424,K00322.01,5.888835386,173.582863,3.7988,0
9139084,K00323.01,5.83599485,169.87446,2.062,1
9641041,K00324.01,1.089077863,171.230501,2.4676,0
9724984,K00325.01,7.86335883,171.00299,3.4303,0
2452450,K00380.01,8.0970583,170.81044,5.699,0
3230578,K00381.01,6.337614357,170.189414,1.742,0
3231137,K00382.01,3.900140077,172.37193,3.77,0
3353050,K00384.01,5.0800579,174.42853,5.207,1
3446746,K00385.01,13.14496741,174.8467,3.6399,1
5695396,K00283.01,16.09196369,170.598832,2.8943,1
5217891,K03036.01,161.239891,189.1791,24.472,0
8051946,K03038.01,1.4951513,132.66025,3.43,1
5445681,K03039.01,20.3504704,142.7588,7.225,1
11499192,K03120.01,4.13592927,133.53763,2.377,1
12416661,K03122.01,8.05337912,134.9588,5.382,1
8258171,K00286.01,23.6272223,173.65096,7.9,0
9880467,K00326.01,8.97349999,171.03075,3.1408,0
9880467,K00326.02,108.546946,151.1275,7.567,0
9881662,K00327.01,3.254277742,172.66256,2.9903,1
9881662,K00327.02,91.3514816,189.60082,8.707,1
9895004,K00328.01,2.250826647,170.321819,1.536,0
3656121,K00386.01,31.1588249,173.90355,5.1803,1
10620329,K00066.01,0.436282594,170.702041,1.3988,0
3656121,K00386.02,76.7324556,200.6722,6.243,1
3733628,K00387.01,13.89963233,182.864454,3.5791,1
3831053,K00388.01,6.14955931,169.55182,5.5694,1
5092266,K03045.01,44.8702042,141.11446,4.199,1
4076976,K03124.01,4.8807805,133.705,9.4,0
8751796,K03125.01,4.45342418,133.09066,3.654,1
7097534,K03126.01,2.21396685,132.56407,4.374,0
9907129,K03127.01,9.705693,140.3709,7.702,1
9527334,K00049.01,8.31377304,175.99137,2.964,1
10031885,K00329.01,8.58969597,174.9625,8.471,0
11361646,K00330.01,7.97420583,174.52718,5.3503,1
11361646,K00330.02,1.88899036,132.09517,3.486,1
10285631,K00331.01,18.68405716,170.83245,6.9329,1
3964109,K00393.01,21.41624083,176.24991,7.081,1
4159347,K00394.01,12.28351275,174.36652,3.634,0
3544595,K00069.01,4.72674037,134.926396,2.9267,1
4165960,K00395.01,6.77449545,171.0118,2.5416,0
4376644,K00397.01,27.677680103,173.796579,2.1704,0
9301506,K03047.01,0.605223042,131.75593,0.8986,0
5695396,K00283.02,25.5172744,154.4165,4.735,1
9714550,K03048.01,4.73292061,131.579,1.746,1
6263593,K03049.01,22.4765952,136.82336,3.437,1
6964159,K03129.01,25.503628,139.3578,3.913,0
10252275,K03130.01,14.8638496,142.95729,2.705,1
10252275,K03130.02,5.65245733,136.97891,2.062,1
11455181,K03131.01,10.9294815,141.5034,5.893,1
10290666,K00332.01,5.45849914,172.08857,4.0448,1
10337258,K00333.01,13.28536452,169.86052,6.283,1
10383687,K00334.01,8.4879444,176.92505,3.224,0
10470206,K00335.01,46.56675437,196.31173,7.831,0
10518725,K00336.01,19.5148412,132.60757,3.096,0
12314973,K00279.02,15.4130812,136.94324,6.6358,1
5450893,K02970.01,4.82051088,135.78541,3.588,1
5091016,K02973.01,5.76556718,134.96501,3.138,0
8827575,K03052.02,15.6112238,144.8735,3.873,1
2716801,K03053.01,42.5217006,136.1274,5.723,1
7281454,K03055.01,0.566805887,131.8203886,5.2317,0
7216284,K03056.01,6.69958851,134.1468,2.831,1
8703887,K00287.01,14.170972781,175.60775,3.7316,0
9899352,K03135.01,1.332562831,132.05088,6.24,0
6945786,K03136.01,2.39161966,133.07956,1.906,1
5978170,K03140.01,5.68879083,131.6672,2.55,1
5440317,K03141.01,2.31941571,131.93925,1.591,1
10545066,K00337.01,19.7830259,177.72013,5.4898,1
6056992,K00051.01,10.431146765,133.936337,3.8853,0
10552611,K00338.01,7.0106324,174.57542,3.0688,1
10552611,K00338.02,3.10762684,132.63359,2.361,1
10587105,K00339.01,1.980356674,170.139601,2.4743,1
10587105,K00339.02,12.8344771,138.32626,3.846,1
6948480,K02975.01,175.329014,230.9292,6.269,0
11090556,K02977.01,2.7881793,131.84558,3.397,1
11090556,K02977.02,4.13827684,133.2285,3.449,1
10686814,K02978.01,2.61846258,134.02945,3.505,0
3234843,K03057.01,29.72722,134.6581,3.45,1
6021275,K00284.01,18.01019956,179.42137,3.516,1
3234843,K03057.02,10.61368712,140.85316,3.498,1
8192911,K03058.01,7.53887442,135.3319,3.147,0
10554967,K03059.01,0.53633519,131.71447,1.0547,0
5688790,K03144.01,8.07394097,540.04161,2.455,1
1717722,K03145.01,4.53702121,132.1846,1.813,1
10908248,K03146.01,39.859505,154.7616,7.987,1
10616571,K00340.01,23.6731242,160.628756,14.3948,0
10878263,K00341.01,7.170710381,176.666844,2.9225,1
10878263,K00341.02,4.699652821,177.61519,2.553,1
10982872,K00343.01,4.761705895,170.335759,3.3061,1
10982872,K00343.02,2.024143568,170.496204,2.5273,1
2720514,K02979.01,1.371288853,131.93796,1.4528,0
4141376,K00280.01,11.87290814,180.895933,2.5342,1
9468551,K02980.01,1.638652525,132.29025,1.952,1
9076971,K02981.01,9.06687613,134.75185,3.381,1
8360640,K02982.01,4.0223109,135.17298,0.853,1
11019987,K03060.01,6.9131732,138.4219,4.73,1
4857058,K03061.01,7.32851947,132.12857,1.211,1
10924562,K03063.01,18.6052046,149.0376,6.829,1
9899505,K03064.01,1.332562787,132.05138,6.28,0
7534267,K03147.01,39.4420781,169.1411,7.029,1
9592705,K00288.01,10.27532513,177.27227,6.3093,1
10611420,K03148.01,11.50528603,135.1016,2.098,0
10386922,K00289.01,26.62941953,191.99627,7.8709,1
10386922,K00289.02,296.6375817,403.672042,16.425,1
10982872,K00343.03,41.8085031,148.70814,7.797,1
3558981,K00052.01,2.98786272,168.011233,2.5814,0
11015108,K00344.01,39.30944096,171.334861,5.77,1
11074541,K00345.01,29.88487723,173.194404,4.5612,1
11100383,K00346.01,12.92489803,170.78679,2.6811,1
8847111,K02985.01,0.575884418,132.00778,2.0734,0
4568298,K02986.01,0.562555067,131.74958,1.7402,0
4374339,K02987.01,0.993703494,132.142,0.7645,0
6636320,K02989.01,6.33125228,137.14149,2.688,1
4067925,K03066.01,24.2204192,146.42459,3.271,1
4847782,K03067.01,30.9597053,139.43903,5.42,0
6021275,K00284.02,6.41491277,169.64044,3.3629,1
10350571,K01175.03,93.881556,131.5771,20.644,0
10488450,K00290.01,2.683395376,171.42605,1.8592,0
10933561,K00291.01,31.51779463,185.1533,7.634,1
10933561,K00291.02,8.12999858,134.10067,2.1492,1
8845026,K00044.01,66.46746217,160.47651,19.6638,0
11075737,K00292.01,2.586639524,171.842572,2.253,1
11189127,K00347.01,2.671942657,169.853908,1.9119,0
11194032,K00348.01,28.51117639,187.363955,4.5941,1
11394027,K00349.01,14.38682567,170.455049,2.1417,1
11442793,K00351.01,331.5972732,140.498929,14.404,1
5520547,K02990.01,11.20058855,137.51003,4.562,1
4848424,K02991.01,1.50179931,131.55611,3.275,0
8866102,K00042.01,17.83367834,181.233943,4.5112,1
4143755,K00281.01,19.55662003,189.04354,8.087,1
11244137,K02994.01,2.03387483,131.91927,3.097,1
6072593,K03070.01,5.07538255,133.92978,1.7,0
5865654,K03071.01,23.9553986,146.66221,3.204,1
8197560,K03074.01,1.02425556,131.49437,2.6439,0
11200415,K00293.01,4.63958598,172.21917,2.768,0
11259686,K00294.01,34.4359387,193.038,5.82,1
11547513,K00295.01,5.317440164,171.875619,2.9331,1
11547513,K00295.02,10.10575764,135.50958,2.0138,1
11802615,K00296.01,28.86236571,178.48498,5.4033,1
11442793,K00351.02,210.6013843,147.056867,11.9922,1
11442793,K00351.03,59.7371443,158.95974,8.0006,1
2445975,K00053.01,3.388887193,172.259054,2.4475,0
11521793,K00352.01,27.08239734,191.80728,5.0119,1
11566064,K00353.02,30.6528935,135.04211,4.99,1
6531496,K03646.02,0.512869432,132.01554,4.015,0
3848275,K02995.01,5.19492747,131.62458,3.167,1
12021625,K02996.01,15.9314412,141.81212,2.435,1
9777256,K02997.01,1.33251589,132.0842,4.216,0
4175630,K02998.01,28.227413,141.49504,5.782,1
7433585,K02999.01,0.545544979,131.72408,1.954,0
6665223,K01232.02,419.97507836,524.8465031,12.1687,0
3328080,K03075.01,4.76559056,133.50531,2.2,1
8430964,K03078.01,2.98618134,133.46926,2.969,1
3654719,K03081.01,25.9200092,138.1757,5.609,0
6021275,K00284.03,6.17817366,168.8626,3.2601,1
10619142,K03082.01,2.04516705,132.36168,3.625,0
11905011,K00297.01,5.65178922,172.27915,3.0933,1
12785320,K00298.01,19.96367208,178.30806,2.6403,1
2692377,K00299.01,1.541676547,170.543719,1.9118,1
3742855,K00045.01,6.397185875,174.365353,5.8638,0
3438975,K00300.01,2.976020742,171.65845,3.73,0
11568987,K00354.01,15.95995611,171.52098,4.3149,1
11568987,K00354.02,7.37867551,135.82271,3.349,1
11621223,K00355.01,4.903321801,172.900587,2.8887,1
11624249,K00356.01,1.82708193,170.52583,1.96401,1
12017140,K00358.01,22.845241036,172.8026986,5.3007,0
5702939,K03000.01,18.3980827,144.9175,4.438,0
3852655,K03002.01,11.62904159,132.82099,2.97,1
11255231,K03003.01,13.6550963,137.52651,4.117,0
5088536,K00282.01,27.50871575,182.103494,5.9291,1
6103377,K03004.01,20.0708757,136.9462,6.354,1
6677841,K01236.04,98.353149,217.883,24.708,1
3324986,K03084.01,1.540411479,131.99239,1.703,0
11912932,K03085.01,3.74785358,134.18012,3.713,0
8037145,K00520.03,25.75274977,136.43851,2.7678,1
8162789,K00521.01,10.161023528,172.000736,3.1627,1
8806123,K00523.01,49.41121127,198.238709,5.278,1
8806123,K00523.02,36.8567758,138.90683,7.495,1
10098844,K02964.02,35.080928,164.4576,6.92,0
8355239,K00574.02,10.39986173,141.51366,3.377,1
9210823,K00090.01,0.828206212,135.722038,1.737,0
8367113,K00575.01,24.31574009,183.40875,4.1344,1
8474898,K00576.01,199.443024,240.85148,7.409,0
8558011,K00577.01,39.6766071,178.55555,5.04,1
7429287,K04260.03,358.66044,296.9516,16.732,0
9115800,K00421.01,4.454194254,172.8202233,2.3061,1
9478990,K00423.01,21.0871953,202.858405,5.92691,1
9597411,K00424.01,1.575631524,170.393276,2.59202,0
6850504,K00070.04,6.09855603,135.92906,2.9815,1
8609450,K01278.05,203.250506,208.4914,9.81,0
10934674,K00477.01,16.54295261,169.65031,3.8516,1
10990886,K00478.01,11.023474798,171.114662,1.4814,1
11015323,K00479.01,34.18884323,193.38946,5.3278,1
11134879,K00480.01,4.30165843,172.311001,2.1055,1
11192998,K00481.01,7.650243513,171.972352,2.752,1
8934495,K00524.01,4.592393816,172.004723,2.2748,1
5866724,K00085.01,5.859935955,132.040528,4.0185,1
9157634,K00526.01,2.104721971,171.044219,1.7547,1
9636569,K00527.01,10.63624422,171.69616,5.055,0
8565266,K00578.01,6.412512953,169.879804,5.2677,1
8616637,K00579.01,2.019997006,170.07102,1.8073,1
8616637,K00579.02,3.763041531,132.59298,1.6011,1
8625925,K00580.01,6.521209629,175.7111,2.7975,1
8822216,K00581.01,6.996926239,175.914281,2.7374,1
9967884,K00425.01,5.428344915,169.753676,1.8931,0
10189546,K00427.01,24.61480613,191.741225,2.6602,1
10189546,K00427.02,42.949522,153.73786,5.4154,1
10189546,K00427.03,117.033521,245.65151,6.822,1
10748393,K01289.02,386.39833,365.94877,8.519,0
11192998,K00481.02,1.55400389,169.830304,1.7664,1
11192998,K00481.03,34.25951418,183.23718,4.7743,1
8823868,K00081.01,23.8761144,143.07006,9.3113,0
11255761,K00482.01,4.99270186,169.55323,3.1008,0
11497977,K00483.01,4.79860021,173.257466,3.0384,1
7021681,K00255.03,7.7333361,133.58981,2.807,0
9941859,K00528.01,9.57665962,176.683759,3.3603,1
9941859,K00528.02,96.6781852,140.18339,5.6957,1
9941859,K00528.03,20.55280311,145.02837,2.2013,1
10068030,K00529.01,2.023123903,170.513161,1.1829,0
10266615,K00530.01,10.94026745,170.30551,2.3494,1
6444896,K03138.02,19.5352551,148.20374,1.013,1
8822216,K00581.02,151.863949,143.31451,8.577,1
9020160,K00582.01,5.945043548,170.472237,2.7004,1
7941200,K00092.01,65.7045275,137.44275,3.3104,1
9020160,K00582.02,17.73842886,148.99011,3.0049,1
9020160,K00582.03,9.93962361,131.58267,3.432,1
10418224,K00428.01,6.8731664,172.518826,6.8569,1
10616679,K00429.01,8.600099313,172.529281,4.0077,1
10717241,K00430.01,12.37646897,179.404945,2.7075,1
7303287,K01353.03,330.071558,340.9871,4.295,1
10843590,K00431.01,18.87022157,178.71167,3.1404,1
6850504,K00070.05,19.5776073,135.2032,3.382,1
12061222,K00484.01,17.20522898,175.05878,3.6688,1
12316431,K00485.01,17.90766147,175.55977,5.396,0
12404305,K00486.01,22.18332255,169.49619,5.1364,1
10212441,K02342.02,354.78194,175.7246,6.46,0
12834874,K00487.01,7.65880048,173.03964,3.0427,1
2557816,K00488.01,9.3789167,176.45197,3.3427,1
10454313,K00532.01,4.221626193,173.699895,3.0619,1
10513530,K00533.01,16.54967098,171.69398,4.3808,1
5866724,K00085.02,2.154911236,133.498613,3.1341,1
10513530,K00533.02,3.52467888,131.63994,2.484,1
10554999,K00534.01,6.400157105,174.02214,2.0004,1
9076513,K00583.01,2.437029217,170.73808,3.2005,1
9146018,K00584.01,9.9267215,175.68671,3.8428,1
9146018,K00584.02,21.22349325,170.37387,4.9416,1
9146018,K00584.03,6.47027706,136.50567,3.343,1
9279669,K00585.01,3.722158895,171.560055,1.9941,1
10843590,K00431.02,46.9026431,154.30327,3.9264,1
10858832,K00432.01,5.263415218,174.351207,2.1446,1
10937029,K00433.01,4.030466786,171.092308,2.7734,1
11599038,K01437.02,9.27989,133.7457,3.33,0
10937029,K00433.02,328.240201,199.203375,12.2726,1
11656302,K00434.01,22.264806569,173.103028,8.7941,0
2576197,K00489.01,2.217038096,171.69587,1.8575,0
2576197,K00489.02,8.874603,140.2954,2.88,0
3239945,K00490.01,4.393157678,172.867528,2.4455,1
10387742,K02583.02,251.7512,271.06864,4.314,0
10187017,K00082.01,16.145671932,134.754877,3.7236,1
3239945,K00490.02,1071.232624,420.286557,16.1784,1
10554999,K00534.02,2.735900074,171.0964,1.9359,1
10873260,K00535.01,5.852968845,171.181624,4.5973,1
10965008,K00536.01,81.1701587,178.58702,8.358,1
10467815,K03191.02,371.17573,458.7146,8.2,0
11073351,K00537.01,2.820190603,170.787705,2.554,1
11090765,K00538.01,21.21712312,171.64936,5.89,1
11246364,K00539.01,200.0,171.27413,7.27,0
9570741,K00586.01,15.77980122,175.96934,4.0369,1
9607164,K00587.01,14.03490255,171.60491,3.638,1
9631762,K00588.01,10.35586478,175.68106,2.8431,1
6462863,K00094.01,22.342964828,132.741641,6.66405,1
9782691,K00590.01,11.38840217,174.55377,3.6949,1
11709124,K00435.01,20.5498184,178.946396,5.5484,1
11599038,K01437.03,17.4217322,145.9011,4.718,0
12302530,K00438.01,5.931196562,174.796908,2.4999,1
11904151,K00072.01,0.837491225,131.574858,1.796,1
3239945,K00490.03,7.40611676,134.07481,2.8826,1
3239945,K00490.04,21.803708,139.07199,3.369,1
3541800,K00491.01,4.66229074,169.65558,3.73,0
3559935,K00492.01,29.9111886,194.71129,6.6436,1
3834360,K00493.01,2.908453928,170.12474,2.5363,0
3966801,K00494.01,25.69581456,188.78889,4.0251,1
11521048,K00540.01,25.70280003,194.82512,3.1644,0
11656721,K00541.01,13.64617478,180.34991,3.4098,1
11853905,K00007.01,3.213668926,123.611878,3.98235,1
5866724,K00085.03,8.13121389,137.99254,4.2386,1
11669239,K00542.01,41.8854433,178.6919,6.763,1
11669239,K00542.02,13.81733587,135.03413,4.261,1
10600261,K00597.03,52.8148051,164.90456,7.309,1
10656823,K00598.01,8.30783912,171.17201,3.1516,1
10656823,K00598.02,34.0963441,153.82654,3.896,1
10676824,K00599.01,6.45442931,173.21478,2.6772,1
10718726,K00600.01,3.595769013,170.36915,3.1569,1
12302530,K00438.02,52.6615266,183.52054,3.1592,1
12470954,K00439.01,1.902208647,170.449657,2.19877,1
2438264,K00440.01,15.90688891,177.9305,3.9879,1
2438264,K00440.02,4.973455252,170.885791,1.6519,1
3340312,K00441.01,30.5528972,173.90269,5.269,0
4049108,K00495.01,4.804469031,169.63529,3.4587,0
4454752,K00496.01,1.616883373,169.80396,1.6325,1
4757437,K00497.01,13.19322809,175.6096,5.0036,1
10187017,K00082.02,10.31174786,134.07991,3.1818,1
4757437,K00497.02,4.42535097,134.56312,3.504,1
11823054,K00543.01,4.302139338,173.438922,2.0289,1
11823054,K00543.02,3.137845914,133.55689,1.91,1
11913012,K00544.01,3.74782314,171.66634,5.133,0
11972666,K00545.01,1.09173174,170.37724,1.9719,0
12058931,K00546.01,20.68420772,170.19034,6.4415,1
9782691,K00590.02,50.6985408,141.31813,5.972,1
9886221,K00591.01,2.9926465,170.80128,1.81,0
9957627,K00592.01,39.7529915,175.46244,4.9641,1
9958962,K00593.01,9.99760285,171.78828,3.4423,1
9958962,K00593.02,90.4117992,208.5028,7.106,1
3745690,K00442.01,13.54057461,171.67762,4.4673,1
3745690,K00442.02,1.732346403,134.53123,2.2139,1
3745690,K00442.03,7.0257409,133.62713,2.245,1
3833007,K00443.01,16.21774917,180.0425,4.9274,1
3847138,K00444.01,11.72291212,177.3196,4.2064,1
4833135,K00498.01,8.661374,177.5427,2.972,0
4847534,K00499.01,9.66857386,174.53483,2.4656,1
4852528,K00500.01,7.053527145,176.474146,2.3982,1
4852528,K00500.02,9.521644639,177.484839,2.3569,1
4852528,K00500.03,3.072146607,134.030017,1.8732,1
4852528,K00500.04,4.645382149,134.58939,2.0271,1
12058931,K00546.02,9.82578495,131.42495,5.2498,1
12116489,K00547.01,25.30291816,188.060148,4.4903,1
12600735,K00548.01,21.30020491,189.70595,4.0852,1
10593626,K00087.01,289.864067,133.69719,7.565,1
3437776,K00549.01,10.29767658,131.73374,6.649,0
9958962,K00593.03,51.0674355,147.60941,4.374,1
10294465,K00595.01,199.99763493,250.97231,3.43,0
10388286,K00596.01,1.682695938,170.453117,1.3867,1
10600261,K00597.01,17.30795548,176.94326,5.1126,1
6462863,K00094.02,10.423677439,138.009041,5.2257,1
10600261,K00597.02,2.09227115,133.06258,2.4062,1
11904151,K00072.02,45.29422297,138.678725,6.83,1
4384675,K00445.01,260.20717331,258.34887,6.59,0
4633570,K00446.01,16.70920628,174.75417,2.7052,1
4633570,K00446.02,28.55158187,185.47672,4.1502,1
5021176,K00447.01,4.045057186,172.68365,2.9954,0
5640085,K00448.01,10.13958818,178.45074,2.6446,1
5640085,K00448.02,43.5859419,194.6107,4.6814,1
4852528,K00500.05,0.986785834,133.171292,1.1879,1
5282051,K00502.01,5.91037674,171.15166,3.421,0
10187017,K00082.03,27.4536146,145.02866,3.747,1
5340644,K00503.01,8.22241355,172.95657,2.71,1
3437776,K00549.02,0.635587392,133.41665,4.7,0
4165473,K00550.01,13.02363236,178.52482,3.9734,1
4270253,K00551.01,11.6370303,178.84448,3.3372,1
4270253,K00551.02,5.68798675,133.95607,2.2682,1
5122112,K00552.01,3.055171082,171.099046,1.6798,0
10973664,K00601.01,5.40426917,172.18553,2.5315,1
10973664,K00601.02,11.67894236,131.5119,1.2641,1
10973664,K00601.03,1.208462378,133.67712,1.544,1
9141746,K00929.02,2.85188338,132.1455,2.666,1
12459913,K00602.01,12.91385906,177.27535,5.3685,1
6462863,K00094.03,54.31996151,161.239869,8.5858,1
5779852,K00449.01,252.0792347,240.234923,3.9808,0
6042214,K00450.01,27.04627886,171.95525,2.666,0
6200715,K00451.01,3.723560726,172.17977,3.435,0
6291033,K00452.01,3.705991661,169.94286,5.1658,1
6889235,K00074.01,5.188671659,125.879388,5.0534,0
6758917,K00453.01,2.236100588,169.64852,1.8643,0
5461440,K00504.01,40.606895,199.25748,5.756,1
5689351,K00505.01,13.76710058,174.81089,2.9105,1
5689351,K00505.02,6.1954595,134.71507,2.952,1
5689351,K00505.03,3.25058201,133.69472,2.2537,1
5689351,K00505.04,8.34819209,136.84111,2.835,1
5303551,K00553.01,2.399069173,171.45413,3.2576,0
7692093,K03337.02,91.172033,154.9657,6.676,0
5709725,K00555.01,3.701765401,172.44778,2.6061,1
5709725,K00555.02,86.4943704,181.88967,7.471,1
7700871,K00088.01,5.17968868,136.46144,3.7256,0
9946525,K00398.01,51.84688984,170.08076,4.7769,1
9946525,K00398.02,4.180048081,173.719249,2.4479,1
2716853,K01022.02,68.832195,172.12379,3.31,0
9946525,K00398.03,1.729367077,133.81929,1.7442,1
7289157,K00399.01,5.26640614,173.833637,3.6163,0
2695110,K00400.01,44.18938922,209.98968,6.8151,0
7098355,K00454.01,29.00789166,170.55349,5.0274,1
7101828,K00455.01,47.878243,193.20518,4.066,0
7269974,K00456.01,13.69942266,171.48036,4.3409,1
7269974,K00456.02,4.309381978,134.03552,2.8977,1
7440748,K00457.01,4.9213639,174.299322,1.8806,1
5689351,K00505.05,87.0912594,187.31231,7.0,1
5780715,K00506.01,1.583160478,169.965242,1.1935,0
5812960,K00507.01,18.49234792,173.49816,3.4744,1
6266741,K00508.01,7.930583519,169.516944,3.6083,1
10187017,K00082.04,7.07136119,139.98763,2.757,1
5738496,K00556.01,9.50150926,175.67002,6.852,0
5774349,K00557.01,15.65563866,170.78358,3.9305,1
5978361,K00558.01,9.17858526,173.08746,2.1945,1
6422367,K00559.01,4.33144839,173.69466,2.58,0
6501635,K00560.01,23.67513153,179.27676,4.647,1
3217264,K00401.01,29.19899219,185.440631,5.1227,1
3217264,K00401.02,160.0191598,251.28261,5.472,1
8554498,K00005.02,7.05185637,133.3669015,3.69,0
6850504,K00070.01,10.854095934,138.608031,3.7768,1
3217264,K00401.03,55.3291399,186.31545,6.918,1
3342592,K00402.01,17.177328207,170.54643,7.6702,0
7440748,K00457.02,7.064252021,135.379512,1.3867,1
8219268,K02133.02,43.501748,164.2859,10.755,0
7977197,K00459.01,19.44639139,170.10238,3.6227,1
7977197,K00459.02,6.91986988,134.11594,3.4253,1
6266741,K00508.02,16.6658994,180.20215,4.1934,1
6381846,K00509.01,4.16696628,169.715517,2.7535,1
4367854,K02876.02,0.535224793,131.73629,3.3402,0
6381846,K00509.02,11.46347165,137.38521,2.599,1
6381846,K00509.03,39.6034,168.07114,6.487,1
6422155,K00510.01,2.940304817,169.90496,2.7226,1
6665695,K00561.01,5.378868001,169.61512,2.7222,1
6707833,K00563.01,15.28467725,175.62345,6.0768,1
9785921,K03372.02,73.506021,163.5692,5.734,0
6786037,K00564.01,21.05349939,171.92457,7.1605,1
6786037,K00564.02,127.905412,246.46401,14.475,1
6786037,K00564.03,6.21716039,131.71857,4.4289,1
4247092,K00403.01,21.05647572,171.133613,1.238,0
4949751,K00404.01,31.80514278,186.38905,7.6213,0
5003117,K00405.01,37.60936976,190.724991,6.8615,0
5035972,K00406.01,49.26678528,191.187887,5.5692,0
5218441,K00407.01,3.613757526,171.422542,5.9128,0
5351250,K00408.01,7.381980206,173.072659,3.1152,1
8043638,K00460.01,17.58751692,176.077382,4.3773,1
8621348,K00461.01,11.34436822,172.84392,5.558,0
8773869,K00462.01,1.576341127,170.88145,3.1232,0
8845205,K00463.01,18.47762694,185.269061,1.94,1
8890783,K00464.01,58.36205791,196.555405,6.3363,1
8890783,K00464.02,5.350156114,195.761347,2.2647,1
6422155,K00510.02,6.38899658,175.4761,3.5032,1
6422155,K00510.03,14.62709685,136.23467,4.097,1
6422155,K00510.04,35.1184432,152.12282,4.59,1
6451936,K00511.01,8.00579096,170.50325,3.0549,1
6451936,K00511.02,4.26374378,133.72073,2.2725,1
8056665,K00089.01,84.6877524,150.57084,10.0248,1
7025846,K00565.01,2.340523247,170.19754,3.156,0
7119481,K00566.01,25.85499978,192.57484,3.8737,1
7445445,K00567.01,10.68758211,169.93115,3.3812,1
7445445,K00567.02,20.30303506,176.8028,4.5038,1
8397947,K04772.03,39.0930875,147.6774,5.687,0
5351250,K00408.02,12.56096618,166.79483,3.7647,1
5351250,K00408.03,30.8261043,153.01503,5.914,1
6850504,K00070.02,3.696121272,134.5014,2.463,1
5351250,K00408.04,3.42806306,132.36268,2.417,1
5444548,K00409.01,13.24931848,179.52171,4.4859,1
10187017,K00082.06,22.4098677,147.38366,2.271,0
8891318,K00465.01,363.706662,204.02069,8.553,0
9583881,K00467.01,18.00932214,182.441015,4.9611,1
9589524,K00468.01,22.18431824,174.597325,3.0397,1
8019043,K06048.02,0.80489537,132.0521644,0.92,0
11775507,K06245.03,276.32360146,162.1955353,9.8964,0
10187017,K00082.05,5.28691996,135.85427,2.579,1
6838050,K00512.01,6.51003001,172.91588,3.3095,1
6937692,K00513.01,35.18105723,170.09969,7.545,1
7602070,K00514.01,11.75560012,176.07519,4.7,0
7812179,K00515.01,17.79421914,169.605214,4.1918,0
1868404,K07625.01,6.12601169,134.83637,1.733,0
7445445,K00567.03,29.02235217,198.37025,4.0263,1
7595157,K00568.01,3.383540239,169.63859,1.403,1
7595157,K00568.02,2.358952404,132.68957,1.593,1
8008206,K00569.01,20.72904234,185.43113,2.8066,1
8008206,K00569.02,1.632916419,134.54956,1.5599,1
5449777,K00410.01,7.216951388,176.283024,1.89082,0
5478055,K00411.01,15.85238672,174.22654,5.179,0
5683743,K00412.01,4.147021189,170.325835,2.8997,1
5791986,K00413.01,15.22895514,176.56001,2.5967,1
5791986,K00413.02,24.67458244,146.77261,3.2648,1
9844088,K00470.01,3.750832927,171.151696,1.9457,1
10019643,K00471.01,21.34736612,171.73531,4.184,1
10019643,K00471.02,7.81100952,132.30566,3.231,1
10123064,K00472.01,4.243748097,173.563074,3.3603,1
5653126,K06612.02,2.404483552,133.170974,0.2961,0
7840044,K00516.01,13.54204116,171.09767,3.334,0
8015907,K00517.01,2.752359689,171.259808,2.0722,1
8017703,K00518.01,13.98177862,181.975114,2.958,1
8017703,K00518.02,44.0003975,210.76222,5.1115,1
8017703,K00518.03,247.354914,364.15832,8.677,1
1995712,K07626.01,462.12069,307.6255,10.42,0
8106610,K00570.01,12.39894005,172.78184,4.262,0
8056665,K00089.02,207.5829306,289.88311,7.0686,1
8120608,K00571.01,7.26731094,174.31292,2.2691,1
8120608,K00571.02,13.3430025,176.90387,2.7399,1
8120608,K00571.03,3.886795001,133.32959,1.7574,1
8120608,K00571.04,22.40777833,153.79858,3.2881,1
5872150,K00414.01,20.35509657,175.3437299,5.33265,0
5872150,K00414.02,5.92240377,173.81802,3.691,0
6850504,K00070.03,77.6114427,164.7292,7.1786,1
6508221,K00416.01,18.20795835,185.84306,3.7965,1
10155434,K00473.01,12.70636123,180.63164,2.395,1
10460984,K00474.01,10.94577783,176.71834,3.0937,1
10460984,K00474.02,28.9869016,134.7812,3.6233,1
10460984,K00474.03,94.886902,214.82879,6.923,1
10460984,K00474.04,5.03505665,132.65597,1.804,1
6436505,K06707.02,24.7222403,146.4611,4.53,0
8022244,K00519.01,11.90352088,178.34161,4.297,1
2571238,K00084.01,9.286964466,135.9945,3.3649,1
8022244,K00519.02,34.0350605,134.42752,6.695,1
8037145,K00520.01,12.75934489,170.32152,3.5889,1
8037145,K00520.02,5.433132902,138.36644,2.4012,1
2140389,K07627.01,0.967427812,132.258305,5.8883,0
8193178,K00572.01,10.64021008,179.77776,5.4381,1
8193178,K00572.02,4.93883135,135.95465,4.388,1
8344004,K00573.01,5.996533443,172.50558,3.3129,1
8344004,K00573.02,2.06190864,133.19888,1.9743,1
8355239,K00574.01,20.13490007,171.36734,3.7962,1
6508221,K00416.02,88.2553729,153.77974,4.539,1
7975727,K00418.01,22.418319842,172.797099,5.349,0
8219673,K00419.01,20.131477716,189.390784,3.2806,0
8352537,K00420.01,6.010383339,174.084883,2.1939,1
3248033,K00006.01,1.334101467,133.703081,2.1033,0
10577994,K00475.01,8.1808949,176.69885,2.7546,1
10577994,K00475.02,15.31296388,171.79412,3.0935,1
10599206,K00476.01,18.42794957,178.43963,2.9264,1
6768616,K06765.02,8.8249556,131.7064,2.976,0
10068383,K00725.01,7.30497811,169.64592,4.5414,0
10157573,K00726.01,5.115750935,173.26599,2.5378,0
10191070,K00727.01,1.213745575,170.582782,5.5835,0
10225800,K00729.01,1.423799421,169.67436,1.4866,0
10227020,K00730.01,14.78767172,176.79399,6.1191,1
4563268,K00627.02,4.16536757,132.04068,3.2935,1
4644604,K00628.01,14.48584765,175.00624,3.1365,1
4656049,K00629.01,40.6992062,172.57123,7.074,1
4659405,K00630.01,4.532402495,171.92667,3.12,0
7941635,K05449.02,25.273355,134.5501,34.48,0
4742414,K00631.01,15.458056682,173.782454,8.79536,1
7764367,K00685.01,3.173914037,170.92525,3.6069,1
9024857,K07124.02,379.11996,267.6893,7.22,0
10227020,K00730.02,9.84824649,138.38845,5.7471,1
10227020,K00730.03,19.7243672,135.05923,7.202,1
6678383,K00111.03,51.75530504,271.08808,7.4355,1
10227020,K00730.04,7.38443269,137.47412,5.7351,1
10259031,K00731.01,7.06115081,169.86425,3.547,0
4827723,K00632.01,7.23858162,171.21912,3.1199,1
4841374,K00633.01,161.4746786,170.60338,10.572,1
4861736,K00634.01,6.277827312,172.5786,8.6841,0
5020319,K00635.01,16.71987303,171.40143,3.317,1
5090690,K00636.01,12.011661094,176.6358115,3.77516,0
8161561,K00688.01,3.275821982,170.25357,3.0427,1
8361905,K00689.01,15.87360981,182.40408,3.5246,1
12116489,K00547.03,12.3860474,132.8175,2.604,1
8409588,K00690.01,1.360834768,169.709729,1.4886,0
11250587,K00107.01,7.256962446,134.023923,4.9402,1
8480285,K00691.01,29.66631669,189.36948,8.412,1
8480285,K00691.02,16.2254975,144.02673,6.471,1
10265898,K00732.01,1.260258822,170.408984,1.8594,1
2302758,K07629.01,0.542122617,131.98408,1.283,0
10265898,K00732.03,5.25449393,132.55624,3.078,1
10271806,K00733.01,5.924993927,169.71629,2.8874,1
10271806,K00733.02,11.34934848,134.31805,3.1101,1
5098444,K00637.01,26.94927489,177.968689,10.6977,0
5113822,K00638.01,23.6421965,172.58844,5.018,1
5113822,K00638.02,67.0930642,146.57047,7.334,1
5120087,K00639.01,17.97979816,182.24179,5.5828,1
5121511,K00640.01,30.99664113,191.78502,2.9182,1
8557374,K00692.01,2.462344253,171.84315,1.8113,1
8557374,K00692.02,4.822969318,134.43535,0.8752,1
8738735,K00693.01,28.7796446,193.30374,8.349,1
8738735,K00693.02,15.66057688,146.3487,7.012,1
8802165,K00694.01,17.42115972,184.245906,4.9974,1
10271806,K00733.03,3.13295351,135.67494,2.2207,1
10271806,K00733.04,18.64349986,141.62687,1.8491,1
5351250,K00408.05,93.803766,170.55916,2.946,0
10272442,K00734.01,24.5434566,187.92215,7.2518,1
10984090,K00112.01,51.07926451,185.18087,6.3729,1
5181817,K00642.01,4.350413063,171.43565,1.7694,0
5309353,K00643.01,1.376384817,169.72919,1.745,0
5356593,K00644.01,45.977861823,240.597609,7.4493,0
8805348,K00695.01,29.90721859,175.29337,4.8475,1
8869680,K00696.01,7.03380109,174.15772,6.4185,0
8878187,K00697.01,3.032147946,171.734281,3.8627,1
4914423,K00108.01,15.96532718,142.178033,4.5837,1
8891278,K00698.01,12.718711489,172.995345,2.48998,0
10340423,K00736.01,18.79418506,177.79426,3.2906,1
10340423,K00736.02,6.73893544,135.28218,2.813,1
10345478,K00737.01,14.49839316,182.679596,3.7343,0
10358759,K00738.01,10.3392408,170.38549,3.075,1
5374854,K00645.01,8.50339249,170.86894,2.9569,1
5374854,K00645.02,23.7832097,179.75013,7.939,1
5384802,K00646.01,3.041547148,170.4878722,3.22798,0
5531694,K00647.01,5.16949729,170.31339,4.5122,1
8908102,K00699.01,5.41460536,174.65563,33.787,0
8962094,K00700.01,30.86436512,172.93477,2.9557,1
8962094,K00700.02,9.36059705,171.97292,3.2069,1
8962094,K00700.03,14.6672293,145.42058,3.742,1
8962094,K00700.04,68.1609897,187.03346,5.662,1
10358759,K00738.02,13.28689997,172.11932,3.2825,1
10386984,K00739.01,1.287076693,169.815491,1.4942,1
10395381,K00740.01,17.6717714,186.3704,3.4202,1
10418797,K00741.01,23.355341391,169.8339432,4.60672,0
5613330,K00649.01,23.44970494,182.92295,8.6567,1
8456679,K00102.01,1.73513619,135.060047,2.2741,1
5786676,K00650.01,11.95474513,178.721694,2.1433,1
5796186,K00651.01,42.55930625,204.130006,3.0148,0
5796675,K00652.01,16.080657264,182.7601,2.8701,1
9002278,K00701.01,18.16407304,180.812425,2.9355,1
12306808,K07521.02,7.334073405,137.1334748,2.7308,0
9002278,K00701.02,5.71489692,170.921904,2.3572,1
9002278,K00701.03,122.3858681,150.41158,7.123,1
9053112,K00702.01,1.274840187,169.86973,14.833,0
4914423,K00108.02,179.609803,295.330361,13.755,1
9162741,K00703.01,1.368617188,169.95175,1.6235,0
5893123,K00653.01,1.125963085,169.634,1.5034,0
5941160,K00654.01,8.59481851,171.62781,3.254,1
5941160,K00654.02,10.22215697,135.89017,1.1939,1
5966154,K00655.01,25.6721559,192.09679,5.9629,1
5966154,K00655.02,151.8851881,176.41272,12.091,1
3749508,K07544.02,1.065731229,132.039287,1.7499,0
9266431,K00704.01,18.39629744,185.13946,2.7838,1
9300285,K00705.01,1.012672041,170.189232,3.0512,0
9426071,K00706.01,28.714216138,182.608668,6.0624,0
9458613,K00707.01,21.77568158,189.63828,7.9588,1
9458613,K00707.02,41.0283424,172.57481,9.8052,1
10729472,K04453.02,0.83442282,131.7827,1.873,0
5966660,K00656.01,1.906633332,170.064102,3.0825,0
6020753,K00657.01,4.069425638,171.017743,2.0396,1
8456679,K00102.02,4.06844957,132.27614,2.8349,1
6020753,K00657.02,16.28247625,180.79815,2.9227,1
6062088,K00658.01,3.162692075,169.64186,1.9529,1
9458613,K00707.03,31.7848157,135.87105,8.8077,1
9458613,K00707.04,13.17555999,143.6789,6.6677,1
9458613,K00707.05,5.66815821,131.88743,4.9064,1
9530945,K00708.01,17.40665216,171.00688,6.864,1
4752451,K00109.01,6.41496453,132.86482,3.9015,0
6062088,K00658.02,5.370639542,172.23815,2.1121,1
6062088,K00658.03,11.32977062,133.96755,3.845,1
6125481,K00659.01,23.20579353,180.7628,4.3243,1
6267535,K00660.01,6.07972016,170.58389,7.1228,1
6347299,K00661.01,14.40090414,174.98964,4.1682,1
9530945,K00708.02,7.69363627,176.5035,5.0324,1
9578686,K00709.01,21.3851584,178.78285,4.0819,1
9590976,K00710.01,5.37493289,170.93379,3.9567,1
9590976,K00710.02,8.58600968,137.95984,3.3443,1
9590976,K00710.03,3.88688862,132.4955,3.683,1
2441151,K00603.01,2.192009479,171.671953,2.9453,0
3970233,K00604.01,8.254912972,174.43554,6.8822,0
4832837,K00605.01,2.628117322,169.718913,1.8289,1
5014753,K00606.01,3.170626881,172.047171,2.7189,0
6347299,K00661.02,25.6613816,155.13806,4.459,1
6365156,K00662.01,10.21418792,170.70466,5.8201,1
6425957,K00663.01,2.755637216,170.845854,1.8559,1
1293046,K07622.01,36.2671673,155.0813,2.065,0
2444412,K00103.01,14.91095177,141.336726,3.325,1
6425957,K00663.02,20.30652862,172.6581,2.8014,1
9597345,K00711.01,44.6996563,174.82144,6.2289,1
9597345,K00711.02,3.619309734,135.44164,3.0504,1
9597345,K00711.03,124.5245224,254.17788,9.654,1
9640976,K00712.01,2.178150857,171.2325,1.931,0
9640985,K00713.01,2.178150567,171.232233,3.5065,0
5562784,K00608.01,25.33709016,192.91451,9.664,0
5608566,K00609.01,4.396999852,172.023406,1.875,0
5686174,K00610.01,14.28228147,180.84677,2.6588,1
5903312,K00008.01,1.16015259,121.704645,1.3433,0
6462863,K00094.04,3.743166733,131.61967,3.6888,1
6442340,K00664.01,13.13747785,170.22786,4.8655,1
6442340,K00664.02,7.78199862,133.58871,3.947,1
1434395,K07623.01,2.2227289,131.895,2.617,0
6442340,K00664.03,23.4433748,152.00588,5.768,1
6685609,K00665.01,5.868066282,170.324046,4.1246,1
6685609,K00665.02,1.61189046,133.5704,3.0792,1
9450647,K00110.01,9.940666412,135.21559,3.9092,1
9702072,K00714.01,4.182001885,172.789576,2.2209,1
9834719,K00715.01,1.621668852,170.358337,1.7517,0
9873254,K00717.01,14.70749512,175.79267,3.1506,1
6587002,K00612.01,20.73989406,173.21912,3.1505,1
6587002,K00612.02,47.4277116,216.55737,5.2679,1
6960456,K00613.01,5.07442951,171.55916,4.064,0
7368664,K00614.01,12.874712426,170.022499,2.2491,1
8374580,K00615.01,176.2432946,192.50359,5.0423,0
6685609,K00665.03,3.07155284,133.30255,4.0935,1
6707835,K00666.01,22.24814617,174.13676,4.1483,1
6752502,K00667.01,4.305219002,170.453154,2.6845,0
6805146,K00668.01,13.779711352,178.6879965,7.63871,0
10318874,K00104.01,2.508057497,135.000657,1.1134,1
6960445,K00669.01,5.07437786,171.56544,5.942,0
9873254,K00717.02,0.900375925,133.11787,1.257,1
9884104,K00718.01,4.585466941,169.86095,3.4437,1
9884104,K00718.02,22.71443351,147.29684,6.0875,1
9884104,K00718.03,47.903427,141.98347,6.191,1
9950612,K00719.01,9.034190783,171.015329,1.5501,1
9714696,K00616.01,1.433339604,169.85606,1.3665,0
9846086,K00617.01,37.86511904,198.599331,2.9799,0
10353968,K00618.01,9.07098164,178.3435,2.6903,1
10384962,K00619.01,2.879243323,170.710636,2.6273,0
11773022,K00620.01,45.15535633,159.10544,5.7845,1
7033671,K00670.01,9.48965527,171.92604,3.587,1
7040629,K00671.01,4.22865217,170.74053,3.3275,1
2711131,K07637.01,2.85889907,134.16649,1.465,0
7040629,K00671.02,7.46662068,132.7755,3.87,1
7040629,K00671.03,16.25951967,144.53203,3.854,1
7040629,K00671.04,11.1317901,134.42272,4.051,1
9950612,K00719.02,28.1224393,146.91763,4.174,1
6678383,K00111.01,11.427550984,137.613711,4.6074,1
2308411,K07631.01,0.983304511,132.48478,1.78,0
9950612,K00719.03,45.9029768,166.55667,5.0041,1
9950612,K00719.04,4.159816554,133.78616,1.6261,1
9963524,K00720.01,5.69059163,174.04885,2.557,1
5780885,K00097.01,4.885488596,134.2768785,5.16165,1
11773022,K00620.02,130.17802962,212.032638,8.4534,1
11773022,K00620.03,85.3162004,295.31588,2.7441,1
12068975,K00623.01,10.34973276,174.06193,4.4859,1
7115785,K00672.01,16.08786246,172.81384,3.095,1
7115785,K00672.02,41.74938613,153.84636,5.6098,1
7115785,K00672.03,0.56680081,131.81737,3.6116,0
7124613,K00673.01,4.41746257,170.79073,2.965,1
8711794,K00105.01,8.981014925,136.649307,1.8478,1
7277317,K00674.01,16.33888067,177.917586,9.3599,1
2446134,K07632.01,39.1307086,165.7408,2.295,0
9963524,K00720.02,10.04157214,137.08442,2.6577,1
9963524,K00720.03,18.36974658,131.86573,2.939,1
9963524,K00720.04,2.79590004,132.72971,2.056,1
9964801,K00721.01,13.72462702,180.64807,6.9758,1
9965439,K00722.01,46.40626,192.99633,7.0281,1
12068975,K00623.02,15.67750191,179.47311,5.5082,1
12068975,K00623.03,5.59931543,171.47391,3.8944,1
12068975,K00623.04,25.2100146,154.41122,6.553,1
3541946,K00624.01,17.79001678,182.43745,4.4116,1
3541946,K00624.02,49.5674085,169.54227,4.002,1
10264660,K00098.01,6.790120801,138.088199,6.0437,1
7385509,K00675.01,1.655467295,169.54872,3.2424,0
7447200,K00676.01,7.972510087,171.585057,2.9754,1
7447200,K00676.02,2.453236139,170.892059,1.6691,1
7466863,K00677.01,11.9710626,171.08425,2.7607,0
7509886,K00678.01,6.0404622,172.59327,1.98,1
7509886,K00678.02,4.13852825,132.01882,2.281,1
10002866,K00723.01,3.936993144,169.650592,1.887,1
10002866,K00723.02,28.08185982,194.91696,4.5288,1
6678383,K00111.02,23.66834635,132.71421,5.8297,1
10002866,K00723.03,10.08881066,173.083353,1.7726,1
10005020,K00724.01,6.97106919,174.70305,3.9125,0
3541946,K00624.03,1.311842968,133.11058,1.7876,1
4449034,K00625.01,38.13853099,180.43748,3.8617,0
4478168,K00626.01,14.58649856,172.22185,4.0249,1
2854839,K07639.01,1.05569286,131.5576,1.289,0
4563268,K00627.01,7.75192755,176.17197,3.5413,1
7515212,K00679.01,31.80475991,190.25413,8.699,1
7515212,K00679.02,16.2580276,139.6381,6.375,1
7529266,K00680.01,8.600153929,177.642421,9.0015,1
11553706,K00009.01,3.719809197,135.068298,3.5317,0
2449053,K07633.01,0.73975345,131.81739,4.2,0
10489525,K00106.01,1.612249049,131.85204,4.235,0
7598128,K00681.01,44.258173075,188.495537,7.58264,0
11858979,K04062.01,3.05933906,131.7541,1.7332,0
5900390,K04063.01,0.624677585,131.8663,2.411,0
5444334,K04064.01,0.759763198,131.78816,3.083,0
10139620,K04065.01,372.37369,138.0835,12.33,0
8686373,K04066.01,126.55719,145.69736,8.079,1
5386264,K04135.01,12.435190544,140.8323906,3.8305,0
3867615,K02289.02,20.0983676,207.57757,5.207,1
3218844,K07646.01,85.112898,171.8254,2.503,0
3542222,K04137.01,0.504426087,131.894825,1.6276,0
5530112,K04067.01,9.6887216,131.8295,2.0,1
6226908,K04068.01,19.597317,135.26526,4.508,1
5906694,K04069.01,13.06243545,144.18426,3.244,1
10186945,K04070.01,0.793663156,131.79065,0.8244,0
4636565,K04138.01,2.81401302,133.0785,5.801,0
9956082,K04139.01,3.74031708,134.70305,2.394,1
3241647,K07650.01,0.851678507,131.62317,2.028,0
7761585,K04140.01,205.30627,186.434,7.86,0
3241248,K04141.01,0.978046982,131.68639,2.6137,0
9716302,K04142.01,1.332566763,132.04547,4.001,0
2708286,K04071.01,1.89131005,132.66204,5.687,0
6755944,K04072.01,0.692978457,131.80142,1.1366,1
10419797,K04073.01,87.140633,169.262,18.11,0
6515335,K04074.01,185.53285,310.2503,31.46,0
7777471,K04075.01,0.885131111,131.8742,3.377,0
10294509,K04143.01,1.85447373,132.50369,2.665,0
3003019,K07642.01,0.502622858,131.61123,3.085,0
9334893,K02298.02,31.8055128,150.6791,3.979,1
10000941,K04146.01,3.50472344,133.72225,1.9464,1
9455677,K04076.01,124.827797,208.79191,6.479,1
7690855,K04077.01,0.786260569,132.166816,4.556,0
5649837,K04078.01,0.597934463,131.95507,3.1225,0
10141938,K04079.01,360.76458,148.5386,21.22,0
8029197,K04147.01,2.15292788,132.36514,3.043,0
12257886,K04148.01,2.61585431,132.42844,6.519,0
11465651,K04150.01,31.3351094,136.97538,6.071,1
5036480,K04080.01,1.061002863,132.52463,1.962,0
10275077,K04081.01,363.35755,135.9933,19.85,0
6592832,K04082.01,0.924821319,132.09187,2.594,0
8524346,K04083.01,4.4697452,133.00892,5.33,0
3937814,K04084.01,214.881456,213.4044,9.581,1
5551228,K04154.02,122.906853,195.9104,15.97,0
5471271,K04155.01,12.422216754,141.8461927,6.5533,0
5881120,K04156.01,4.85018974,135.31157,5.676,1
3248696,K07651.01,383.43595,483.2484,11.059,0
4548098,K04157.01,3.82315697,133.06936,2.388,1
5306383,K04158.01,0.842336445,131.73901,1.519,0
5446285,K00142.02,339.42934084,187.5194914,7.5,0
5041847,K04085.01,0.914468919,132.120912,2.695,0
3836558,K04086.01,1.54039744,131.99974,1.787,0
4770617,K02243.02,8.45805119,137.06123,2.998,1
6106282,K04087.01,101.1107014,215.5204,8.029,1
4946584,K04088.01,0.907943645,132.133484,1.9144,0
6463499,K04163.01,94.446856,166.1513,7.502,0
8254882,K04164.01,0.92565941,132.11002,1.488,0
6042031,K04165.01,0.537110149,131.55982,1.7976,0
4078311,K04166.01,9.84262076,134.02155,1.6018,1
5475735,K04167.01,2.99194823,134.1641,4.39,0
11709124,K00435.05,62.3026877,179.09948,7.509,1
9022166,K02175.02,72.3826983,179.49813,8.279,1
10075409,K04019.01,360.33012,159.4314,15.16,0
7038096,K04020.01,0.566803149,131.79596,1.643,0
3345973,K07652.01,15.3466028,143.8142,4.966,0
11972872,K04089.01,0.531106622,131.906467,3.0293,0
9899233,K04090.01,1.332547503,132.05767,4.521,0
3103227,K04091.01,225.585245,272.79566,11.166,1
4850961,K04092.01,24.4972683,133.92177,5.43,1
3102309,K07643.01,4.20253859,132.3097,5.389,0
8521059,K04093.01,0.535578808,131.80805,1.7973,0
5217574,K04151.01,0.89486317,132.21767,2.657,0
8439323,K04153.01,4.62602867,134.68092,0.643,1
4458082,K02303.02,8.93484887,133.39108,2.579,1
3230095,K07647.01,7.04716175,132.7504,2.693,0
5551228,K04154.01,368.71479,318.8424,16.46,0
6862332,K04023.01,119.0192648,341.26197,8.1,0
10714072,K04024.01,8.40693068,133.42739,1.866,1
10992011,K04025.01,0.974479091,132.37246,1.866,0
8128247,K04094.01,3.57017774,134.4442,4.473,0
6276994,K04095.01,1.10601182,131.83599,2.577,0
9674564,K04096.01,6.873655305,132.4527832,3.5415,0
5942808,K02250.02,0.626281766,131.90594,1.1812,1
5688683,K04097.01,2.790643481,133.1555,0.6871,1
6607644,K04159.01,0.971915957,132.16504,1.6023,1
7610663,K04160.01,3.03196812,133.98825,1.723,1
5565707,K04161.01,1.2940561,131.861,0.97,0
1293031,K04162.01,0.53936593,131.97457,5.434,0
2859299,K07640.01,0.643703667,131.984908,0.801,0
4067110,K04026.01,0.735146413,131.49953,5.053,0
8694309,K04027.01,0.827351796,131.92381,2.1885,0
7818447,K04028.01,0.618952198,131.590434,2.8244,0
11569475,K04029.01,1.31723412,132.13735,7.284,0
8951205,K04099.01,4.95060632,132.80914,1.719,1
5700900,K04100.01,379.08202,287.504,33.87,0
7026477,K04101.01,366.31509,312.1401,12.41,0
9402583,K04168.01,0.536544193,132.03219,2.918,0
7838675,K04169.01,1.005205893,132.45541,1.63,1
8700537,K04170.01,43.796785,158.9316,18.84,0
10858785,K04171.01,0.952371227,132.34095,3.926,0
9640907,K04172.01,1.089088292,132.0149343,1.8599,0
7515670,K02360.02,1.1518407,132.6197092,2.53,0
9551430,K04030.01,7.7553808,134.5191,22.321,0
3228986,K04031.01,0.730949487,132.22503,2.367,0
7100673,K04032.01,3.95116635,134.22411,2.566,1
7100673,K04032.02,2.89223998,132.86232,2.521,1
4138557,K04033.01,0.991552822,131.90235,1.135,0
2708278,K04102.01,1.89124187,132.7082,4.415,0
3747817,K04103.01,184.77271,217.3573,9.568,1
8483366,K04104.01,392.49728,203.1308,10.53,0
9071593,K02257.02,59.284064,148.75407,5.42,1
10089911,K04034.01,6.96704926,138.24776,3.73,1
3247404,K04035.01,8.8109721,136.4718,4.822,0
11415243,K04036.01,168.81133,211.43982,6.582,1
3548044,K02194.02,67.968656,163.55972,7.948,1
7773179,K04038.01,2.15681538,133.27151,5.115,0
11017094,K04106.01,0.708563091,132.10298,6.347,0
5956633,K04107.01,366.24282,307.2714,15.76,0
9899065,K04108.01,1.33256418,132.0473,4.701,0
5471792,K04110.01,12.4258833,141.5008,24.83,0
11145831,K04039.01,1.387838134,132.11351,2.252,0
11444952,K04040.01,0.678349364,132.16318,3.092,0
8647295,K04041.01,1.022028468,132.3717,8.866,0
3444098,K04042.01,0.72359699,131.57754,1.326,0
5112567,K04043.01,1.6156052,131.4952,14.55,0
2708343,K04111.01,1.8913182,132.66252,4.374,0
3235282,K07649.01,494.165759,472.0427,2.239,0
3348090,K04112.01,2.43585046,132.89661,2.088,0
9282762,K04113.01,1.33255441,132.05269,3.828,0
3117046,K04114.01,359.1015,415.3142,11.461,0
6311520,K04115.01,0.941840589,131.80464,5.06,0
5201115,K04044.01,1.728521892,131.81736,3.361,0
2708203,K04045.01,1.89125855,132.6891,5.415,0
4150496,K04046.01,8.65312868,136.65308,3.376,0
11401767,K02195.02,30.0899459,149.06413,6.654,1
9655005,K04047.01,1.39862757,132.65615,9.625,0
11709124,K00435.06,9.91937693,136.87361,4.326,1
3851194,K07671.01,0.918510251,131.82791,2.587,0
8613535,K02263.02,9.47850818,140.16526,6.154,1
5092655,K04116.01,0.783258387,131.74358,2.2926,0
3955817,K04117.01,4.24263096,135.0304,2.582,1
10661778,K04118.01,1.231363214,131.80615,5.8101,0
5513857,K04119.01,0.755101928,131.81199,3.044,0
10272389,K04048.01,4.56447463,133.0783,6.415,0
4679687,K04049.01,1.027904857,132.444316,1.6381,0
7968683,K04050.01,367.95566,236.4537,21.877,0
10360722,K04051.01,163.692336,238.76817,6.853,1
9091755,K04052.01,1.106529843,132.30528,6.258,0
3852476,K07672.01,111.741576,166.3408,3.83,0
6349881,K04121.01,198.088873,319.73002,7.955,1
9851970,K04122.01,1.08193721,131.5344,4.788,0
5726910,K04124.01,2.43142974,133.83385,2.713,0
1718958,K04053.01,1.41975831,132.92,1.429,1
6428794,K04054.01,169.135056,201.8055,8.931,1
3228825,K04055.01,0.73095491,132.2174,2.206,0
4673628,K04056.01,3.951383138,132.06462,1.0582,1
11401767,K02195.03,6.84978728,134.66167,4.919,1
9099950,K04125.01,1.111362442,132.30056,6.24,0
9718066,K02287.02,28.9060526,158.82431,3.099,1
9272070,K04126.01,8.10503551,135.88389,4.459,1
5088400,K04127.01,8.82715783,139.73416,2.019,1
4669402,K04128.01,143.196381,227.3054,10.424,0
3757407,K04057.01,9.089151782,132.0565248,3.1886,0
4769931,K04058.01,1.87886973,133.07604,3.876,0
9220612,K04059.01,0.979161676,132.21831,2.942,0
6806695,K04061.01,0.855922327,131.64426,1.514,0
3858943,K07674.01,25.9528725,154.8736,12.434,0
10858803,K04130.01,0.952374508,132.33436,3.006,0
6129694,K04131.01,0.936751792,132.2026,5.658,0
5957181,K04132.01,393.34331,264.7706,9.481,0
7601918,K04133.01,0.621361411,131.67283,1.0628,0
6119877,K04134.01,250.23760741,260.3057733,16.58,0
7211879,K04342.01,0.594310785,131.7595,0.9994,0
8087812,K04343.01,27.2106807,132.3793,10.515,1
4863956,K04344.01,4.31978105,134.1491,7.204,0
5308537,K04409.01,14.2651545,143.22024,3.601,1
5281113,K04411.01,11.17931581,131.64123,3.103,1
7847104,K04412.01,1.284991846,132.74087,2.274,0
3347807,K07653.01,324.18028,445.8295,18.15,0
8487805,K04206.01,0.530959357,131.73991,2.417,0
3336845,K04275.01,0.996864568,132.09898,1.098,0
3645282,K07661.01,0.673684895,131.61938,1.161,0
6026924,K04276.01,56.644452,138.762,16.551,1
6525280,K04277.01,1.710319812,131.60513,2.983,0
4861784,K04278.01,5.62978034,136.8349,5.847,0
5876360,K04279.01,1.050852976,132.138232,1.6788,0
3732972,K07664.01,1.540398683,131.99063,1.5676,0
3244792,K04347.01,3.0570982,134.50122,3.571,1
8743082,K04348.01,365.25921,236.672,13.74,0
9142742,K04349.01,372.72688,175.6195,12.751,0
6891513,K04413.01,9.9398272,140.8334549,4.1198,0
4579598,K04414.01,0.866346,131.6286,2.011,0
7777522,K04415.01,0.885129679,131.88274,3.156,0
9305012,K04416.01,56.898749,160.0479,3.522,0
9597729,K04417.01,0.438153876,131.5167,1.3885,0
11390109,K04210.01,398.40957,178.4393,11.486,0
5078025,K04211.01,0.696286519,131.87824,3.194,0
1724719,K04212.01,5.79179934,133.35814,3.474,1
8120608,K00571.05,129.945392,176.82285,5.786,1
5026326,K04280.01,1.39772545,132.3377,4.129,0
5471574,K02505.02,12.4246697,134.0396,44.07,0
5512580,K04281.01,383.00806,281.6723,9.71,0
11670599,K04282.01,0.847588864,131.55971,2.246,0
6359820,K04283.01,331.81534,347.0408,10.56,0
11872139,K04350.01,1.75649346,132.01087,3.429,0
2708221,K04352.01,1.8912501,132.6923,7.648,0
5040223,K04354.01,0.996023763,132.16613,5.412,0
4571004,K04355.01,36.616669,156.001,8.62,0
7031942,K04420.01,0.566795467,131.84,4.712,0
5632701,K04213.01,3.67515329,131.681,7.083,0
10549924,K04214.01,0.715825886,132.06428,1.212,0
9366617,K04215.01,26.5487294,137.24401,7.968,1
6187341,K04216.01,0.492291661,132.393012,0.894,0
3353454,K07654.01,1.6911935,132.93323,9.479,0
10156055,K04284.01,2.42803503,133.5931,3.045,0
8418018,K04285.01,372.94844,217.8357,13.879,0
5024177,K04286.01,0.787120016,131.73939,3.1648,0
4548011,K04288.01,6.28384079,133.20513,4.291,1
4571004,K04355.02,21.131609,139.7493,13.66,0
4571004,K04355.03,81.675841,158.9694,11.53,0
4571004,K04355.04,28.5463574,159.2763,9.29,0
4571004,K04355.05,72.563291,202.0235,3.088,0
8459663,K04356.01,174.510276,201.47056,6.689,1
10155321,K04422.01,15.705388,135.0768,4.871,0
3866536,K04423.01,7.65270746,134.46038,79.8969,0
7046035,K04424.01,2.27164952,131.82601,4.054,1
4679314,K04425.01,3.84835742,133.25649,10.18,0
5702637,K04217.01,1.0388961,132.37849,4.755,0
8309169,K04218.01,293.76887,257.9779,4.68,0
4678919,K04219.01,1.87885327,133.08861,3.302,0
5563080,K04220.01,0.785473311,131.861548,1.3911,0
6364067,K04221.01,5.2438982,132.6882,7.881,0
5983532,K04289.01,441.877824,251.778,6.647,0
3439126,K07655.01,2.9761504,132.9276,6.079,0
8463346,K02529.02,64.0019669,132.61779,4.724,1
5868793,K04290.01,4.83809469,135.1562,1.096,1
8483021,K04291.01,361.91436,241.7138,8.68,0
10063208,K04292.01,9.3281912,132.85459,3.991,1
1575873,K04359.01,0.629001455,131.55662,1.263,0
10669994,K04360.01,2.71603664,132.35962,1.744,1
11449918,K04362.01,374.59003,303.4857,15.19,0
3750350,K07665.01,319.30633,221.3106,6.74,0
4584865,K04429.01,1.75254087,132.73775,4.098,0
11968463,K02433.05,0.646745436,132.02582,1.188,0
9183378,K04222.01,3.38557445,133.97411,1.879,1
11188254,K04223.01,2.754024,133.731,4.15,0
1724513,K04224.01,1.975208831,131.63127,1.513,0
9535876,K04225.01,0.960843605,131.7739,3.22,0
5817533,K04293.01,4.206109,132.2382,5.16,0
7681230,K04294.01,0.962590772,132.421278,1.2569,0
7596240,K04295.01,13.3997555,131.84235,3.534,1
3448456,K07656.01,0.776950288,132.0396,1.288,0
12107008,K04297.01,5.93725628,135.9371,3.639,0
7427764,K04364.01,4.56383697,132.26068,2.271,1
4754831,K04365.01,55.119831,153.6508,4.703,0
4754831,K04365.02,25.6416117,152.9007,5.5,0
9899630,K04439.01,1.33258455,132.0268,5.77,0
4367528,K04440.01,350.81029,147.6369,11.29,0
8416523,K04441.01,0.341842017,131.660336,1.1554,1
3751231,K07666.01,0.570953851,131.5725,0.998,0
7816665,K04227.01,4.29258258,131.77675,3.069,0
9535881,K04228.01,0.960842633,131.777663,2.6441,0
11616596,K04229.01,14.5893928,136.1407,15.54,0
9872831,K04230.01,5.49548533,133.63966,2.461,1
8508126,K04299.01,0.980505042,132.097771,1.4068,0
12306058,K02541.02,20.4853893,146.9183,10.229,1
8507475,K04300.01,3.58273837,134.95108,1.523,1
8773015,K04301.01,15.604841,131.9989,4.543,1
4754831,K04365.03,75.681309,167.6921,11.62,0
3531231,K07657.01,62.060783,134.4944,28.203,0
5471489,K04368.01,12.4252735,141.5658,20.756,0
5471489,K04368.02,39.2820405,139.9224,3.344,0
9011874,K04369.01,361.54561249,190.4475347,25.28,0
9936080,K04431.02,355.79978,346.7189,5.972,0
8611344,K04432.01,410.99389,190.8191,12.01,0
9518651,K04433.01,2.17823752,132.00513,2.259,0
2305311,K04434.01,1.404674486,131.55621,5.056,0
6383595,K04231.01,24.9097436,143.0403,3.856,0
11080405,K02442.02,12.3101351,141.8765,3.797,1
11509504,K04232.01,2.61576515,131.97896,2.777,1
6599949,K04233.01,409.2452,265.2465,13.06,0
11611275,K04234.01,6.94245216,135.95819,3.491,1
11612280,K04304.01,9.4061364,137.7073,4.882,1
5536715,K04305.01,0.935086665,131.52593,1.12,0
8149484,K04306.01,1.489457454,131.99809,3.028,0
12407623,K04370.01,1.181165291,132.42522,1.013,0
11444514,K04371.01,66.373298,174.01595,8.559,1
9886361,K02732.02,13.61165024,144.16808,7.617,1
9702006,K04372.01,6.24564633,137.16241,2.459,1
6778008,K04373.01,0.945829261,132.09286,1.715,0
8308260,K04436.01,0.973160836,132.25412,0.864,0
8492101,K04437.01,4.05943749,133.1883,3.245,0
6343576,K04438.01,6.39903778,134.7133,3.15,0
2449101,K04236.01,0.739761008,131.80913,7.589,0
7259249,K04237.01,0.950735805,131.7794,1.1434,0
8678691,K04238.01,369.819993,179.3674,20.232,0
9640924,K04239.01,2.17815935,132.02414,1.839,0
11151677,K04308.01,0.720460644,132.012909,1.7846,0
11037128,K04309.01,3.7948721,134.40039,1.713,0
6587002,K00612.03,122.0804953,155.02532,4.054,1
11969092,K04375.01,0.638437699,131.592552,0.3028,0
2570773,K04376.01,1.8912851,132.676,6.182,0
6356885,K04378.01,343.42046,327.4112,11.11,0
3542542,K07658.01,3.47148164,133.7138,4.679,0
11718389,K04444.01,5.94373492,135.25897,1.847,1
11124703,K04445.01,244.60373,230.282,10.87,0
10329196,K04446.01,85.7567919,162.71914,5.695,1
10604592,K04447.01,2.18660188,131.94832,1.585,1
9593773,K04240.01,3.1339356,133.5458,4.477,0
9285568,K04241.01,2.55315031,132.44849,1.849,1
7604328,K02458.02,2.936587946,133.03618,1.8952,1
9777757,K04243.01,1.33254212,132.0554,3.848,0
7103919,K04310.01,10.7769944,140.2902,2.616,1
8645191,K04311.01,0.918921494,131.68016,0.9425,0
10722485,K04312.01,7.84931877,134.8747,3.747,1
9717958,K04313.01,67.7125988,149.82165,1.538,0
8128067,K04314.01,12.4285576,133.7175,13.98,0
7703910,K04379.01,1.275511306,132.44654,1.889,0
7777818,K04380.01,5.78159956,136.77178,2.222,0
9851360,K04381.01,8.4805019,135.8339,8.345,0
6937529,K04382.01,2.94648935,132.42208,3.155,1
9490653,K04173.01,1.227986164,131.84491,1.551,0
3328027,K04174.01,2.11548883,132.00942,4.008,0
3644631,K07659.01,358.96247,295.9933,23.49,0
9640931,K04175.01,2.17815196,132.02208,2.445,0
5125196,K04176.01,342.315407,157.0157,12.476,0
9640962,K04177.01,1.089077224,132.02477,2.705,0
5097454,K04244.01,1.288066288,133.273187,6.4616,0
3663141,K07663.01,2.31894284,132.9696,5.321,0
5177859,K04246.01,6.98472143,135.99731,2.724,1
4568117,K04248.01,0.562563871,131.73458,1.591,0
10342248,K04315.01,0.93373458,131.53478,4.364,0
9777290,K04316.01,1.33251948,132.0885,3.733,0
8548427,K04317.01,168.84663,231.2295,9.75,0
6289344,K04319.01,160.4122022,262.40022,4.92,0
9883606,K04383.01,4.34195312,134.18767,2.598,1
5860968,K04384.01,122.358116,134.3477,10.768,1
3645438,K04385.01,7.298142,137.85674,3.024,1
8480582,K04386.01,18.5010898,149.17569,3.179,1
10936786,K04179.01,0.569961046,131.80273,1.446,0
6938264,K04180.01,1.121634781,132.31311,1.155,0
9899315,K04181.01,1.33256979,132.05279,3.293,0
9541089,K04182.01,0.536650896,131.709931,4.702,0
3650049,K04249.01,397.73699,222.0316,11.76,0
9641076,K04250.01,2.17818699,132.00477,2.686,0
11125613,K02485.02,3.60082855,134.037,1.938,1
10525049,K04252.01,15.5714121,136.58529,2.294,1
9896018,K02579.02,3.59645081,132.77209,2.661,1
5095082,K04320.01,20.6579443,145.6348,8.798,1
12418891,K04321.01,0.760941405,131.62978,1.773,0
3839294,K07669.01,137.665706,240.44616,3.732,0
7698701,K04322.01,370.90237,205.0559,10.558,0
7698701,K04322.02,321.55087,241.849,5.863,0
2830919,K04387.01,1.54038914,132.00494,1.683,0
9588822,K04388.01,71.76236302,170.095082,29.435,0
11560897,K02365.02,110.978266,147.0226,11.312,1
10858737,K04183.01,0.952378454,131.85999,3.892,0
6752002,K04184.01,6.08003714,136.88262,1.308,1
7257966,K04185.01,3.035206175,132.3291,0.6182,1
3644738,K07660.01,358.96844,295.8289,21.71,0
9406892,K04186.01,2.21316437,132.71281,3.874,0
8487645,K04254.01,0.530967987,131.72336,1.812,0
10407482,K04255.01,6.30558387,131.53058,2.619,1
5817613,K04256.01,4.2058608,132.2913,7.39,0
9910942,K04324.01,8.4803326,135.8598,5.918,0
10924340,K04326.01,0.750744255,132.18261,1.7921,0
5371777,K04327.01,0.991659646,131.53686,2.215,1
6629993,K04392.01,118.609553,172.0788,22.74,0
10427700,K04394.01,0.616386349,131.64315,0.8136,0
11296045,K04396.01,88.91323139,145.6230854,2.92,0
3124598,K04187.01,7.07162308,136.46253,2.587,0
6879171,K04188.01,6.96352699,133.01717,3.192,1
9897364,K04189.01,64.2729088,186.7353,12.136,1
12505503,K04190.01,3.4327371,132.92055,4.001,1
3548639,K04191.01,13.8452726,136.9596,2.555,0
4390912,K07695.01,0.687506554,131.85964,1.441,0
7115925,K04258.01,0.566801617,131.80435,2.75,0
7429287,K04260.01,371.63327,296.9495,14.92,0
10526887,K04261.01,1.450889836,132.2306,1.753,1
11125613,K02485.03,5.72716067,133.96409,2.23,1
3545583,K04328.01,407.59415,273.5955,7.3,0
8374741,K04330.01,358.101884,425.6837,6.393,0
11296045,K04396.02,46.0771501,143.6839655,3.03,0
11296045,K04396.03,42.62423329,156.1855401,1.47,0
3247503,K04397.01,0.447861451,131.9752,0.8541,0
8733898,K02842.03,3.036208739,134.06146,0.9324,1
9828127,K04192.01,18.0541469,147.7943,4.587,1
4281068,K07689.01,1.01530474,131.517946,8.7622,0
9092496,K04193.01,94.180473,200.2662,7.345,0
5644412,K04194.01,1.538185321,132.49067,1.683,1
9959545,K04195.01,1.332567643,132.04299,4.284,0
9641144,K04262.01,1.089076495,132.02703,2.274,0
8572168,K04263.01,1.662710314,132.44469,1.83,0
4472143,K07696.01,472.071079,310.7718,5.759,0
7368137,K04265.01,2.18242002,132.39594,4.103,0
9027841,K04266.01,0.503999678,131.631544,0.5421,0
8953414,K04332.01,2.66588544,131.6037,5.004,0
10730070,K04335.01,7.61758198,137.50008,3.545,1
4458109,K04336.01,41.477908,144.9193,10.45,0
2831055,K04400.01,2.20923119,131.90288,2.392,1
11044826,K04401.01,260.54832,218.5525,15.52,0
6681687,K04402.01,370.47678,307.4992,15.69,0
7703882,K04403.01,5.88350251,136.9451,2.556,1
8179190,K04196.01,0.662457501,131.90556,1.527,0
9777724,K04197.01,1.33258458,132.03624,3.222,0
5340878,K04199.01,0.539915033,131.55207,1.1466,1
10273903,K04200.01,372.54353,137.9147,21.83,0
7450747,K04267.01,2.20829637,131.63091,2.841,1
7826620,K04268.01,0.849906734,131.6741,1.141,1
8890924,K04269.01,26.6565737,131.59433,4.954,1
8483241,K04270.01,373.72257,178.1825,14.21,0
8573193,K04337.01,8.18504859,134.554,4.673,1
9240664,K04338.01,10.78438513,141.40685,1.408,0
7673841,K02585.02,10.42317343,135.15208,2.341,1
7281411,K04339.01,0.566804221,131.82656,4.639,0
6528141,K04340.01,2.022658,131.838,3.343,0
8106112,K04404.01,316.57747,236.5015,14.64,0
5563937,K04406.01,0.519437968,131.78909,2.129,0
10736179,K04408.01,1.105095798,132.55178,2.624,0
6119921,K04201.01,245.01902,268.1105,8.56,0
5084171,K04202.01,153.979362,165.491,9.028,1
4141587,K07684.01,10.2239787,135.4415,1.814,0
11968463,K02433.03,56.4148314,163.128,8.075,1
3834317,K04203.01,2.18079098,132.39262,12.13,0
10593535,K04204.01,20.9254083,134.8986,6.783,1
5959719,K02498.02,13.0600399,144.33107,2.851,1
5992210,K04271.01,0.641069613,132.14101,1.033,0
4284980,K07690.01,2.2430415,133.4408,3.63,0
9302543,K04272.01,1.21475168,131.7581,6.93,0
9701962,K04617.01,27.4784659,148.6101,7.5,1
6685646,K04618.01,244.86662,141.9596,10.56,0
4574319,K07697.01,1.30627214,132.0858,5.144,0
7741837,K04619.01,62.366706,142.3899,4.32,0
11137065,K04620.01,0.933732791,131.53707,3.056,0
11093335,K04621.01,53.106597,145.2776,2.914,0
9394768,K04690.01,360.15417,188.796,12.806,0
10972902,K04692.01,1.42856815,132.81461,2.132,0
3832474,K00806.04,381.850599,296.4969,4.772,0
12004971,K03194.01,10.81315417,131.65931,1.275,0
3644602,K04479.01,359.08368,415.3834,15.67,0
11912941,K04481.01,3.74784374,134.19157,3.658,0
6525106,K04483.01,1.71028117,131.62619,2.61,0
5977470,K04550.01,140.251943,175.137,6.576,1
4355503,K07691.01,0.570828503,131.58958,0.915,0
6119923,K04552.01,134.4665,265.424,5.27,0
6126076,K04553.01,0.909314811,131.72281,2.2053,0
11284772,K04622.01,207.24785,213.03458,6.159,1
9209183,K04623.01,186.55347,173.0531,13.57,0
6153407,K03179.01,5.99078221,134.53899,1.699,1
5955621,K04624.01,14.0801852,137.3331,3.402,0
11519187,K04625.01,2.440839436,133.8407,0.968,1
8417078,K04693.01,23.6223571,146.9643,6.852,1
4852297,K04695.01,3.28931936,133.90141,1.921,0
9851845,K04696.01,1.08195208,131.5252,4.807,0
9474483,K04697.01,0.512583041,131.77571,1.498,0
9898017,K04484.01,2.29794819,131.49826,2.84,1
8613218,K04485.01,368.11581,227.4962,13.52,0
8548069,K04486.01,368.52466,236.3783,11.9,0
6278762,K03158.02,4.54586982,131.52442,1.756,1
3127911,K03164.01,0.542498653,132.0117,4.257,0
10399321,K04556.01,21.5819776,146.0691,13.734,0
7837733,K04628.01,3.08723626,132.90519,2.615,0
2578017,K04629.01,0.592562969,131.9017,3.0869,0
8625732,K04701.01,31.97181,133.8728,12.277,0
2831251,K04702.01,5.81289843,131.5613,3.979,0
6721380,K04488.01,6.44173995,136.77753,1.635,0
7694615,K04489.01,0.631106722,131.89801,0.9942,0
6201203,K04490.01,176.17377,144.8337,14.58,0
4556468,K04491.01,114.336052,216.7966,14.077,1
9222516,K04492.01,0.63938062,131.894673,1.2067,0
7285673,K04559.01,0.566801045,131.79795,1.7499,0
5282437,K04560.01,0.992799002,131.70842,3.4878,0
7747457,K04561.01,1.5184181,132.138,2.842,1
8652360,K04562.01,0.96807117,132.44697,1.677,0
9602421,K04631.01,3.55661906,133.4975,5.396,0
4373195,K07692.01,0.56256804,131.72497,1.686,0
5090937,K03182.01,8.79991878,132.88614,41.564,0
6359175,K04703.01,349.03703,331.8869,4.76,0
8104207,K04704.01,177.8135,205.1936,9.76,0
10026502,K04706.01,101.952048,206.3499,5.991,1
3953173,K04493.01,2.41795911,132.5063,2.727,0
8037926,K04494.01,183.854867,211.4887,14.996,0
9002278,K00701.05,12.4418003,134.6507,3.572,1
6437617,K04564.01,293.60581,373.1896,11.07,0
8453851,K04565.01,2.78801663,132.5612,17.354,0
11650401,K04566.01,3.94660745,132.24892,2.705,1
9873759,K04635.01,4.99473798,136.1785,3.05,0
9516728,K04638.01,368.48518,174.9473,11.26,0
4825872,K04639.01,169.894419,201.4552,2.525,0
4680772,K04707.01,26.190289,143.22089,2.148,0
8110733,K04708.01,203.511886,329.4945,3.671,0
6278762,K03158.03,6.18943952,134.78,2.3316,1
9100953,K04500.01,8.70179611,138.24633,3.048,1
10407086,K04568.01,0.933747395,131.51671,4.798,0
4073089,K07682.01,58.873429,153.9076,17.487,0
6065351,K04569.01,14.1166583,136.3632,9.12,0
6761777,K04571.01,47.3128645,146.3073,11.444,1
4825872,K04639.02,29.6990126,135.6251,1.849,0
9412623,K04640.01,6.1082945,131.8756,3.493,1
3644505,K04641.01,119.72007,175.8762,9.48,0
4664743,K04642.01,1.27839331,132.0902,6.343,0
4735826,K03184.01,7.545922037,134.4902954,4.0329,1
6593734,K04722.01,0.58675746,131.75424,1.508,0
9711297,K04723.01,373.74856,305.2558,28.18,0
8395860,K04724.01,20.8822079,151.6953,4.556,0
7778621,K04725.01,7.28171395,137.30085,1.723,1
5956354,K04726.01,8.0386699,135.3098,3.549,0
9100953,K04500.02,44.9851885,150.5703,4.164,1
8109107,K04501.01,6.67410577,136.9407,3.645,0
6200529,K04502.01,374.92478,265.3585,18.05,0
6929285,K04572.01,4.60690612,135.19221,4.176,0
4848321,K04573.01,1.50178705,131.56426,2.936,0
12255382,K03167.01,0.499664962,131.62724,1.6123,0
6522745,K04574.01,17.4453935,135.7609,6.39,0
11076276,K04645.01,1.4725859,132.92731,2.953,0
12012439,K04646.01,2.97607935,132.953,4.606,0
4374610,K04712.01,1.44438449,132.75645,2.704,0
6278762,K03158.04,7.74347801,135.09417,2.7878,1
4545570,K04506.01,5.60473115,131.62861,2.885,1
7598111,K04507.01,132.778041,188.4972,5.624,0
8240746,K04576.01,184.568,173.6314,13.09,0
9652655,K04578.01,2.48882685,132.12332,3.487,0
10140843,K04579.01,367.19796,134.1748,15.92,0
10473272,K04648.01,17.6604653,137.3914,2.837,0
9824928,K04650.01,1.69999106,131.6296,3.289,0
5817685,K04652.01,4.2059745,132.2828,8.006,0
7282042,K04718.01,0.566803216,131.80982,3.325,0
7523542,K04719.01,365.13981,156.6413,4.46,0
3109937,K04720.01,37.809539,158.4002,7.547,0
9386171,K04721.01,381.18654,136.2434,9.73,0
11671579,K04510.01,5.17624997,133.7381,5.261,1
11553598,K04511.01,370.62071,311.1842,12.58,0
12069414,K04512.01,0.589458602,131.82156,0.8278,0
9216775,K04513.01,3.91794676,132.86384,2.549,1
8443265,K04584.01,0.614701901,132.08465,0.947,0
3240406,K03185.01,0.934181579,132.39492,3.943,0
5090803,K04654.01,379.65261,284.965,19.04,0
8377197,K04727.01,1.215181097,131.50904,1.295,0
6137779,K04728.01,21.5324915,131.87749,4.156,0
11913072,K04729.01,3.74779583,134.2022,3.157,0
9083470,K04731.01,0.91842238,131.5859,5.664,0
5783732,K04514.01,373.43233,297.3505,16.5,0
6278762,K03158.05,9.74048508,134.87916,1.6993,1
7900100,K04515.01,397.73781,171.6552,13.08,0
9849884,K04516.01,5.35745121,131.62784,2.592,0
11243547,K04517.01,2.16132662,131.90236,4.487,0
9009036,K04585.01,6.76289308,135.6771,6.204,1
10491525,K04589.01,1.09844642,132.4402,1.528,0
3859042,K07675.01,25.94947,148.9734,15.7,0
4946049,K04658.01,1.8789138,133.06338,4.279,0
2857607,K04659.01,41.8681996,146.9767,5.783,1
5559651,K04660.01,0.514771509,131.94435,1.256,0
5962262,K04661.01,8.61742738,133.50863,2.713,1
5437348,K04448.01,35.945188,146.6937,8.23,0
8429668,K04449.01,5.00749378,134.69035,2.898,0
7429240,K04450.01,196.436796,173.692,8.556,1
7032001,K04518.01,0.566810643,131.80277,3.471,0
6199864,K04521.01,262.477098,173.1293,5.816,0
9577855,K04522.01,2.21030572,133.57674,2.492,0
4386607,K07694.01,5.99321872,133.6359,3.92,0
12108364,K04592.01,0.70544189,131.6954,1.772,0
8295671,K04593.01,0.981399749,132.12493,0.5051,0
10407210,K04662.01,0.933728755,131.54241,4.363,0
7457278,K03188.01,12.607591424,136.8554856,29.1267,0
8984755,K04664.01,0.734573766,131.59872,1.295,0
7366895,K04665.01,289.86046,258.5572,11.103,0
10729472,K04453.01,357.13089,157.7985,13.04,0
6200612,K04454.01,370.50684,150.8212,12.132,0
9777200,K04455.01,1.332580225,132.03999,2.057,0
5003670,K04524.01,7.99144696,136.25855,3.639,1
5200084,K03159.01,2.9039446,133.8526,10.542,0
4144873,K07686.01,68.538296,186.21716,3.627,0
9171886,K04525.01,369.7985,173.3282,12.564,0
3337061,K03172.02,6.5588346,133.8215,3.034,0
5696918,K04594.01,0.643007769,131.68588,0.69,0
8487838,K04596.01,1.061937837,131.7269,2.31,0
8937762,K04668.01,15.07277287,143.96955,0.7794,0
2720828,K04669.01,1.71659304,131.6976,1.154,0
8652577,K04458.01,358.818895,416.5775,2.503,0
8804937,K04459.01,181.3537,190.4847,16.19,0
11912987,K04461.01,3.74786694,134.17739,3.632,0
4136659,K07683.01,0.913244995,132.18552,0.4931,0
3438976,K04527.01,2.97599368,132.9759,4.023,0
6610064,K04529.01,0.584148495,131.84461,1.6192,0
5476671,K04598.01,0.824180121,132.10276,2.839,0
7335972,K04599.01,0.579770948,132.081304,1.0377,0
2694632,K04600.01,0.92225589,131.8088,4.227,0
5428471,K04671.01,0.75499096,131.8315,2.485,0
7283710,K04672.01,353.40191,403.2834,6.681,0
10794509,K04673.01,1.428596987,132.79165,2.1401,0
2576224,K04465.01,2.21701025,131.80305,2.148,0
3967501,K07677.01,43.0759115,160.13883,90.95,0
6437226,K04531.01,372.62637,307.8836,18.52,0
2710623,K04532.01,1.02087831,131.66089,2.429,0
3330684,K04533.01,1.26132769,132.4274,1.244,0
2696703,K03161.01,6.09406648,133.65981,2.085,0
7699298,K04534.01,1.1578141,132.43684,3.253,0
7115661,K03174.01,0.566800926,131.81666,4.407,0
2853889,K04604.01,24.1876477,145.8464,2.654,0
4845862,K04606.01,2.44926655,132.82121,2.988,0
10130057,K04675.01,2.17812826,132.03068,2.601,0
9838608,K04677.01,1.33259494,132.0286,2.783,0
4247811,K04678.01,2.05048377,133.2849,3.67,0
6543645,K04679.01,1.19550618,132.3006,3.337,0
8738244,K03157.01,0.683082998,131.73271,4.409,0
4157052,K04468.01,0.791771167,131.523083,2.4463,0
10006641,K04469.01,0.894172544,131.51006,0.8302,0
10815916,K04470.01,1.68207624,132.12513,1.519,0
3547760,K04535.01,9.8480917,136.80247,3.079,0
7281484,K04536.01,0.566800593,131.8233,3.909,0
4848115,K04537.01,0.969602551,131.93121,1.728,0
5991765,K04538.01,9.25801294,132.88335,2.854,0
3962872,K04539.01,25.9554044,148.7989,8.491,0
11912911,K04607.01,3.74788208,134.1709,4.183,0
7045435,K04608.01,0.93479255,131.88578,4.5838,0
2972800,K04609.01,361.43653,421.747,9.08,0
8573168,K04610.01,0.89628253,131.54972,1.397,0
10801249,K04611.01,1.67495622,131.8099,2.994,0
3857860,K04681.01,8.2344072,137.4733,2.808,0
5024252,K04682.01,2.15052332,132.3132,3.447,0
7430876,K03193.01,32.6122381,144.55067,2.886,0
4843592,K04683.01,0.967073359,131.604602,2.4875,0
9602775,K04684.01,3.5564279,133.5377,6.998,0
8955709,K04471.01,0.942997994,132.24469,1.1658,0
7031430,K04472.01,0.566796775,131.83811,5.471,0
7133294,K04473.01,13.6471211,132.2552,8.331,1
4381429,K04474.01,16.473474,142.68604,4.201,1
11912916,K04475.01,3.74788322,134.17324,3.45,0
12108293,K04540.01,0.705455349,131.67764,2.469,0
5301093,K07724.01,488.67353,519.7805,12.35,0
9640946,K04542.01,1.08906057,132.0391,2.743,0
9776186,K04543.01,1.48922187,132.3722,1.882,0
9752973,K03162.01,0.716709761,132.05103,0.6969,0
8044600,K04612.01,4.1083812,134.8932,3.279,0
10220837,K04613.01,1.962282625,131.53585,1.45,1
10991239,K03178.01,0.523629052,131.63487,3.443,0
9345819,K04615.01,1.04588635,131.9887,2.833,0
9180566,K04616.01,51.31346091,162.7018814,3.94,0
11092040,K04687.01,419.92898,134.7701,14.55,0
4851145,K04688.01,1.23521458,131.9681,0.918,0
10292540,K04689.01,1.085229874,132.10036,0.652,0
3732894,K04476.01,1.540379557,132.00637,2.026,0
6278762,K03158.01,3.60011712,133.25983,2.396,1
6276791,K04477.02,9.32867952,135.87513,1.572,1
8636600,K04478.01,6.38671206,131.52991,1.201,1
10220950,K04544.01,158.348345,260.2924,10.55,0
10342316,K04547.01,0.93376962,132.4211,7.023,0
5305399,K07725.01,322.48381,189.1585,22.99,0
12021811,K04905.01,0.739404894,131.69907,1.753,0
3962684,K04908.01,25.949641315,148.9825267,11.6411,0
4730442,K07702.01,1.71051215,131.65812,1.284,0
9447166,K03296.01,62.869463,166.0137,6.842,1
9643043,K03297.01,84.8062818,192.37227,9.0006,0
8151055,K03298.01,29.9632816,149.94353,2.6,1
7177555,K03299.01,17.99643716,134.910537,4.164,0
3348082,K01196.02,11.63486009,140.50071,5.466,1
10615440,K04765.01,10.8118317,137.13426,2.627,1
5802292,K04767.01,1.208528832,131.97963,1.336,0
5126932,K07718.01,208.18711785,146.5337609,2.5404,0
10034146,K04835.01,0.93198504,131.62897,2.0472,0
4175105,K04836.01,0.60818508,131.62275,0.909,0
2437897,K04909.01,1.65320144,132.40988,1.525,0
9307966,K04910.01,3.37487541,132.48977,3.085,0
5556726,K03223.01,0.962825082,132.21375,2.8464,0
2554853,K04911.01,309.494217,375.9225,13.716,0
7889486,K03300.01,24.2382519,136.62118,2.703,0
7889486,K03300.02,24.2416103,155.0323,5.137,0
8233802,K03302.01,69.3788597,154.19137,3.807,0
7510820,K03303.01,29.3493852,148.46564,4.313,1
6116035,K04769.01,449.57274,153.3061,9.328,0
8958359,K04770.01,245.059374,301.678,9.549,0
7983117,K03214.01,11.49500229,141.27511,7.602,1
5480884,K04841.01,0.708726708,132.08629,0.753,0
12506417,K04842.01,283.72675,392.671,15.49,0
10187563,K04843.01,373.60683,246.5809,8.752,0
5544450,K03226.01,4.29388808,133.51002,3.618,0
9307105,K03304.01,13.5437884,135.27623,5.7076,0
6880517,K03305.01,65.6491001,174.79319,7.298,1
6615511,K03306.01,25.1593389,153.0404,5.198,1
3632089,K03308.01,31.7787564,136.76929,8.093,1
9959494,K03205.01,1.332568744,132.04697,3.755,0
8397947,K04772.02,9.0194714,139.9234,5.92,1
11456405,K04845.01,0.814278961,131.64806,2.087,0
4544684,K04847.01,2.1890751,132.09378,2.365,0
8975368,K03227.01,2.42649862,133.70347,2.014,0
9291039,K03230.01,8.80854183,134.02712,34.7564,0
5168498,K07719.01,219.74735,239.9455,22.48,0
10489539,K03231.01,19.7639874,134.17,12.319,0
9569711,K03232.01,6.05919881,133.67437,1.365,1
12314973,K00279.03,7.5143967,136.1851,4.865,1
3348082,K01196.03,33.1981761,142.09873,4.709,1
3632089,K03308.02,5.32784157,133.55005,4.696,1
12735830,K03311.01,31.827649,134.59995,1.639,1
6592335,K04777.01,0.824000125,131.80421,0.855,1
5651829,K04778.01,0.772152075,132.2074,1.78,0
9094763,K04779.01,1.08469871,131.7376,4.077,0
10338279,K03216.01,5.660274452,134.46727,0.9077,0
4851239,K04851.01,1.23512429,132.00059,4.22,0
5009688,K07713.01,1.381257093,131.84079,1.125,0
10057494,K03234.01,2.41810158,132.38894,2.144,1
6587796,K03237.01,33.4203001,159.1401,5.307,1
9489953,K03238.01,58.3437362,169.90401,22.482,0
5305240,K03239.01,1.070982122,131.98355,1.255,0
9838060,K03314.01,23.81578356,141.84883,3.7591,0
8554701,K03315.01,31.1748311,159.10049,3.79,1
5389632,K07726.01,0.474811162,132.20477,1.169,0
9031209,K03316.01,47.0568476,161.05864,5.2232,1
5951416,K04781.01,367.73299,302.3576,10.158,0
4645833,K04783.01,0.743495989,132.18904,2.255,0
8940918,K04784.01,1.405887031,132.01147,1.184,0
9827596,K04855.01,1.45728997,131.5882,3.582,0
6206559,K03240.01,1.245331397,132.22902,2.566,0
5024429,K07714.01,1.52593737,132.6849,1.958,0
9532117,K03241.01,8.21429932,135.00609,3.099,0
6928906,K03242.01,1.54945486,132.47682,6.698,0
9821151,K03243.01,8.42943991,132.29198,2.441,0
8073705,K03245.01,10.60052083,132.98523,4.509,1
8330548,K01132.02,0.9570701,131.7767386,2.75,0
4271474,K03324.01,21.8634638,145.2419,3.542,1
5130983,K03325.01,86.4392931,144.58294,6.534,0
11497958,K01422.04,63.3354719,162.6161,3.651,1
11093538,K03326.01,14.77820911,144.09725,5.395,0
11044779,K03327.01,15.60862948,144.30211,6.6957,0
6438379,K04785.01,389.14115,309.5721,7.93,0
9145415,K04786.01,365.78863,187.5436,12.76,0
4545926,K04787.01,2.4826619,133.78028,2.115,0
9396760,K04788.01,2.17811908,132.02334,1.468,0
5119619,K04789.01,1.11205787,132.01568,1.459,0
9582496,K04858.01,224.447413,293.1378,4.986,0
3343281,K04860.01,21.8660922,138.517,2.03,0
2573108,K03217.01,5.09506,132.4511,5.73,0
9885417,K03246.01,0.689967868,131.63498,1.1688,1
3336476,K03247.01,1.89132292,132.6489,5.607,0
9083564,K03249.01,0.918420801,131.58576,3.533,0
7335713,K03250.01,0.573709256,131.93854,1.4932,0
8331612,K03318.01,13.8353959,134.3082,4.961,1
5185765,K07720.01,46.9434911,176.32544,1.368,0
5965819,K03319.01,19.5906103,144.65969,6.745,1
5965819,K03319.02,8.23983041,137.75528,5.619,1
11294883,K04791.01,427.65334,136.2622,11.17,0
3832474,K00806.05,412.041857,354.8569,5.572,0
5471566,K04863.01,0.9628348,132.1907,2.259,0
5814013,K04865.01,1.57017249,132.1034,2.257,0
7117355,K04866.01,0.566798364,131.81891,3.172,0
5653072,K03252.01,3.22452656,132.50118,5.156,0
2707985,K03253.01,1.89127438,132.68059,4.491,0
9899141,K03254.01,1.33256944,132.05502,3.89,0
8183288,K03255.01,66.6504521,171.18229,5.744,1
11305996,K03256.01,55.7002642,152.6957,4.285,0
5965819,K03319.03,3.54553077,132.37486,4.143,1
6859801,K03321.01,10.882416555,132.677164,5.4674,0
7767733,K03322.01,25.19830439,142.2240343,5.1942,0
5201593,K07721.01,0.50727675,131.77681,2.32,0
9007609,K04795.01,1.316398648,132.2998,1.169,0
11038580,K04796.01,419.4596,275.458,13.53,0
9509223,K04867.01,14.2005007,135.7279,5.232,0
6720773,K04868.01,1.318347743,132.7886,0.871,0
8056651,K04869.01,5.5834987,132.562,2.484,0
4665991,K04870.01,1.12401084,131.64952,3.052,0
10191036,K03218.01,1.21374652,131.735,3.371,0
8280511,K01151.03,5.24970432,135.46911,2.746,1
10420301,K03257.01,45.4333769,172.93877,6.351,0
12156174,K03260.01,56.6746666,160.44836,5.516,1
4634135,K03328.01,63.9005941,189.47344,8.2789,0
4736644,K03330.01,16.2951259,144.80425,3.678,1
5876805,K03331.01,18.173045009,355.230984,10.9113,0
5818068,K03332.01,14.12678065,137.90377,5.9303,0
10139390,K04798.01,358.56462,151.8698,11.64,0
5273713,K07722.01,1.337561836,132.14597,1.575,0
3526331,K04800.01,2.23755641,133.0574,2.089,0
11496490,K04872.01,1.035268597,131.73249,0.5663,0
1430305,K04873.01,359.3259,431.3267,9.836,0
7117549,K04874.01,0.566805268,131.8224,3.721,0
12055539,K03261.01,12.27057043,137.57434,3.002,1
12056139,K03262.01,13.2274753,137.71768,6.356,1
4774646,K07707.01,0.559517155,132.07411,0.596,0
10030778,K03265.01,29.47316279,154.89251,6.4327,0
7870282,K04732.01,0.580725004,131.73303,2.071,0
11153259,K03200.01,1.94468659,133.2347,18.22,0
9021075,K04733.01,7.28116667,132.7518,2.716,1
5783938,K04734.01,383.10017,286.3372,8.8,0
3445812,K04802.01,0.605556082,132.02856,1.2399,0
4473613,K04803.01,4.36125889,132.53228,2.174,1
8960918,K04805.01,1.19087362,131.71838,1.785,0
4647662,K04806.01,1.06484622,131.5817,3.287,0
9822284,K04807.01,0.969824139,132.28429,0.783,0
8940700,K04876.01,190.60563,229.5171,14.33,0
9850966,K04879.01,8.480305,135.8796,6.19,0
8747009,K04880.01,410.11676,328.2965,13.97,0
8826007,K03266.01,54.5091549,140.82739,5.125,1
8620402,K03267.01,14.1959621,137.01221,3.605,1
8379021,K03268.01,11.52482874,134.08163,1.724,0
8104030,K03269.01,46.84008579,164.134422,3.8198,0
5282477,K04736.01,0.992798625,131.70889,3.5065,0
6681546,K04738.01,186.72243,308.6018,13.35,0
6421137,K04739.01,118.4039,195.109,5.593,0
9893278,K04740.01,182.281992,159.6829,8.828,0
4548162,K04809.01,10.0102876,131.8186,5.33,0
7293937,K03211.01,1.366964704,132.195909,2.3181,0
8043721,K04812.01,0.77957913,131.7173,2.457,0
7985733,K03219.01,0.544561598,131.94532,1.6053,0
6522824,K04882.01,17.4453133,135.7562,5.14,0
6802536,K04883.01,2.9788702,133.5035183,9.3,0
4750341,K04884.01,1.97515457,132.6578,2.633,0
6612327,K03270.01,21.993112,131.68608,8.616,0
7285757,K03271.01,19.5489666,149.78882,1.78,1
5211922,K03273.01,27.6853358,132.70397,4.661,0
5280587,K03274.01,35.6225528,141.4514,4.845,1
8129005,K04741.01,7.1403113,137.9994,5.891,0
4840156,K07709.01,2.69487041,131.59964,2.553,0
4138008,K04742.01,112.303136,230.4383,5.869,1
6468904,K04743.01,49.5387264,132.50072,2.238,0
5709906,K04744.01,3.39155966,134.1211,3.87,0
9777556,K04814.01,1.33254897,132.0549,3.083,0
10753922,K04816.01,18.2260472,133.5798,3.664,0
5980061,K04817.01,0.630539713,131.99124,1.7407,0
4059887,K04887.01,1.018347376,131.69633,4.386,0
8288741,K04888.01,0.659299289,131.738727,0.6908,0
6852354,K04889.01,101.97435125,163.8034772,2.34,0
5816811,K01042.02,4.45540935,134.4555812,4.14,0
5303346,K03275.01,37.32483952,143.0389,6.9676,0
3858879,K03276.01,25.951984,148.92323,20.585,0
3120904,K03277.01,42.9136635,139.88848,5.227,1
3342467,K03278.01,88.1804682,209.15533,5.033,0
11757451,K04745.01,177.668663,264.2428,9.298,1
2711597,K04746.01,0.98041685,131.78321,0.919,0
8047428,K04747.01,92.263742,146.4247,8.605,1
11513486,K04748.01,6.64754478,137.13371,1.961,1
4851283,K07710.01,1.23517588,131.9561,5.476,0
5024138,K04819.01,0.416995408,132.21942,0.8928,0
9086001,K04821.01,256.52387,366.9377,9.07,0
4927734,K03212.01,3.0001191,132.9097,6.61,0
11189311,K03220.01,81.4160138,160.86387,14.175,1
10031918,K04894.01,8.5900471,131.9816,3.463,0
5276332,K07723.01,357.82544,255.208,9.12,0
3544640,K03279.01,30.8278245,143.1448,4.214,1
10653179,K03280.01,47.1607932,150.25797,4.003,1
12066569,K03282.01,49.2768448,157.02073,3.787,1
6497146,K03284.01,35.2330694,135.36477,3.674,1
8625813,K03285.01,45.3965379,136.9486,3.826,0
4651399,K07698.01,508.807642,368.34861,4.495,0
9953575,K04751.01,362.69427,154.1124,9.7,0
7887890,K04752.01,370.35639,425.9854,12.75,0
4544628,K04753.01,0.729724346,132.04276,2.699,0
7052511,K04824.01,0.821472455,132.3003,2.433,0
4764774,K04825.01,1.29019586,132.11311,3.741,0
9910828,K04897.01,8.48032079,135.85214,5.791,0
11867608,K04899.01,227.6258,143.8206,9.47,0
8016691,K03286.01,18.1373788,136.8106,3.844,1
6584273,K03287.01,51.1104797,143.77855,7.712,1
5768816,K03288.01,47.9869119,160.65401,5.342,1
3644071,K01192.02,359.047933,295.76934,16.637,0
5360974,K03289.01,29.8042694,150.6786,3.107,0
4670267,K07699.01,1.003049079,132.372429,7.9657,0
7435780,K04757.01,0.933157032,132.35981,2.614,0
8938937,K04758.01,37.1083458,166.2453,4.112,0
10556180,K04828.01,1.02104719,131.5654,6.39,0
12401132,K04829.02,12.083457,134.475,3.536,0
8308070,K04830.01,401.5907,172.2086,14.77,0
6956136,K03221.01,53.912783631,132.2733337,44.0504,0
10661917,K04901.01,1.23142395,131.7651,2.186,0
7799701,K04903.01,386.828262,177.56829,5.045,0
6233483,K03291.01,15.8733803,135.62779,7.4672,0
5392871,K03292.01,42.3991752,151.96105,7.251,0
3858851,K03293.01,25.95198823,154.88102,14.602,0
3858917,K03294.01,25.9522401,148.91634,20.813,0
4466356,K03295.01,14.12809896,137.11989,2.326,0
9474232,K04760.01,13.6917833,133.78898,4.198,0
3859151,K04761.01,25.95633,154.7054,26.34,0
11456279,K03204.01,0.572937573,131.69432,2.576,0
5398002,K03213.01,14.15849823,134.0065,46.356,0
6680911,K04831.01,207.471349,254.0825,7.469,0
10356124,K04832.01,12.3748247,138.0615,90.01,0
6286161,K03501.01,14.541781166,144.269401,9.1151,0
5385471,K03502.01,12.4261177,141.51156,28.5357,0
6368175,K03503.01,21.1876185,148.8101,3.69,1
5471158,K03504.01,12.42560404,141.5345371,23.9402,0
4847843,K03505.01,30.9604688,156.1377,14.992,0
5120225,K07717.01,1.041619932,131.836717,8.1218,0
9656543,K03588.01,2.544594443,135.040236,3.21373,0
10751515,K03589.01,56.40651043,138.309825,18.4332,0
3348093,K03590.01,7.964400574,131.563644,4.4761,0
6182846,K03591.01,6.399101307,134.702264,4.7439,0
4939346,K01873.02,34.9168399,157.6693,7.343,1
6442602,K07778.01,0.56678228,131.8571,4.725,0
9851126,K03592.01,8.480303653,135.854594,7.48907,0
11455428,K03365.01,22.1270885,144.93039,4.472,1
10484409,K03366.01,10.6784787,140.159,2.307,0
5796185,K03369.01,42.559265547,161.57039,3.36626,0
3945802,K03435.01,24.2157996,133.4661,4.359,0
6265665,K03436.01,44.2018402,163.21471,4.949,1
4645174,K03437.01,15.0330623,131.89493,6.326,1
8719419,K03506.01,12.62530918,140.0602,3.163,0
9028474,K03510.01,124.93576738,177.686517,7.5608,0
4349442,K01803.02,12.720298433,140.3669017,2.4599,0
3644542,K03511.01,119.67980316,176.106325,32.1928,0
6182849,K03512.01,6.399107136,134.7016363,5.21981,0
9851142,K03513.01,8.480304281,135.854534,7.46159,0
3442054,K03593.01,117.6813778,147.206961,12.7591,0
4079530,K03594.01,17.72722648,144.070402,4.1376,0
6445531,K07779.01,1.71024931,131.6423,2.833,0
10677186,K03595.01,100.40132734,216.083194,9.7436,0
9025914,K03596.01,11.320287875,131.803042,4.82219,0
9366988,K03597.01,1.219034103,132.100694,2.4494,0
11657614,K03370.02,5.94228603,133.804,2.169,1
9785921,K03372.01,26.7575866,137.28717,5.858,1
3102000,K03373.01,57.0599992,164.25706,7.463,0
6599975,K03438.01,14.5565618,141.03671,4.554,1
8266276,K01731.02,0.837898153,131.98187,2.104,0
5887316,K07747.01,0.603086711,131.664075,1.0869,0
4282191,K03439.01,41.7084063,153.53793,8.567,1
3559860,K03440.01,33.0257179,161.01,6.032,1
10651945,K03441.01,25.366990665,138.8144224,5.9556,0
7117003,K03514.01,428.32173928,276.530352,40.5992,0
3240159,K03515.01,82.137609997,196.1225133,6.11904,0
6147851,K07766.01,3.06026014,132.762,2.545,0
9658118,K03516.01,24.0612744,138.38747,19.9438,0
7132542,K03517.01,66.36099916,168.379642,20.0614,0
8589754,K03518.01,8.939461148,133.013944,6.19136,0
3757590,K03520.01,135.58607679,177.9285627,5.54241,0
2437149,K03598.01,18.79862195,138.028268,7.4782,0
9715925,K03599.01,6.30828538,134.379945,2.48633,0
9529733,K03600.01,4.80912667,134.07939,7.9331,0
9613070,K03601.01,2.33211505,132.19683,2.96723,0
9967771,K01875.02,0.53835407,131.64999,1.5045,1
10845188,K03602.01,249.36211832,279.658296,8.3559,0
5709103,K07736.01,0.664727127,131.63516,1.561,0
6705026,K03374.01,9.5084871,140.5602,4.372,1
6779726,K03375.01,47.0563327,173.9653,4.807,1
3098843,K03376.02,179.85022331,225.3762426,2.95,0
7288306,K03443.01,96.169569,170.2581,7.496,1
5887393,K07748.01,1.55090374,131.61966,3.028,0
11860395,K03445.01,82.303914,159.0461,15.404,1
5456023,K03521.01,131.97827736,179.588119,7.14981,0
6187888,K07768.01,0.789171236,132.12333,1.734,0
9529744,K01806.02,17.9346606,138.21679,6.25,1
12021387,K03522.01,241.07074582,223.9933126,9.88863,0
8044608,K03523.01,106.17593813,234.6409876,10.4168,0
8760135,K03524.01,184.6467208,151.98458,18.9869,0
4073707,K03525.01,6.282033445,131.590793,8.3777,0
5730394,K03603.01,5.519188936,134.470023,7.1351,0
6956216,K03604.01,4.818863794,131.677655,6.2625,0
6137704,K03605.01,178.26802035,255.351351,5.86461,0
10275074,K03606.01,2.181555909,133.48675,4.41739,0
9110346,K03607.01,0.895276162,131.6225645,3.0518,0
10259301,K03608.01,244.83274973,285.7025679,4.37001,0
2995392,K03379.01,30.4544418,140.76863,6.896,1
3120308,K03380.01,10.26558924,136.49645,3.879,0
9991621,K03382.01,18.9257333,145.5267,6.149,0
8078502,K03383.01,37.8862977,133.03141,5.218,1
2852528,K03446.01,11.9615433,131.895,3.129,0
7032421,K01747.02,0.56683399,131.7800607,0.75,0
10798838,K03449.01,62.127677128,172.0663,5.25005,0
8560940,K03450.01,31.9730649,133.8409,8.872,0
10292238,K03526.01,143.1188694,266.359224,16.8109,0
8733497,K03527.01,76.81985465,188.1256603,5.16249,0
4255422,K03528.01,165.40574995,141.5762383,13.6363,0
9837544,K03529.01,71.661915163,172.9074598,6.33708,0
7877824,K03530.01,9.44942685,136.026498,6.40303,0
6469946,K07781.01,0.715802309,131.690348,1.5586,0
6947164,K03531.01,70.58284717,190.4997847,8.81169,0
6233903,K03609.01,2.995357359,132.796981,6.57901,0
7212066,K03610.01,3.840485025,134.446386,2.8592,0
7212066,K03610.02,1.92027188,132.5246606,2.65,0
6675060,K03611.01,10.443341795,133.62903,3.94077,0
5716508,K07737.01,4.75307877,134.5462132,2.35,0
10518735,K03612.01,19.515013291,136.215942,4.59379,0
6975129,K01628.02,1.772451066,132.08668,2.4592,1
8644365,K03384.02,19.9158863,139.36828,6.191,1
9489947,K03385.01,54.061328105,181.788127,4.48223,0
6960487,K03386.01,34.525990182,150.102207,4.47294,0
6309264,K03387.01,14.2821417,136.32946,2.068,0
7021177,K03452.01,18.64532882,147.207512,3.63893,0
7122259,K03454.01,20.882125422,146.5689626,8.03365,0
6364582,K03456.01,30.8609783,138.31416,4.216,1
6190535,K07769.01,3.652810043,134.7903032,1.5132,0
9834257,K03457.01,15.65134872,132.81191,4.1553,0
9529744,K01806.03,8.37159554,137.68075,5.252,1
10748621,K03532.01,286.1755875,314.101583,16.1025,0
4824268,K03533.01,152.15144795,215.015903,26.8612,0
6527016,K07783.01,0.542636318,131.95581,1.2536,0
6431670,K03534.01,29.911334059,153.595491,7.26916,0
7376500,K03535.01,5.877122485,136.42083,4.71655,0
9636559,K03618.01,10.636305846,139.783159,5.17212,0
8095110,K03619.01,2.1032389,132.868177,6.4774,0
11499263,K03620.01,46.698200933,167.6984656,3.57049,0
10328393,K01905.02,15.99560373,144.2399,3.471,1
9775253,K03621.01,4.39451798,133.62094,2.9527,0
3858988,K03388.01,25.9518795,148.92549,21.569,0
10798605,K03390.01,56.048096688,159.1678042,4.04427,0
5895083,K07751.01,2.25161215,131.54653,2.1,0
9714123,K03392.01,50.35545898,136.9113798,5.51863,0
6118370,K03458.01,14.0328775,138.0603,6.684,1
2717158,K03459.01,13.2226149,144.295,4.337,1
6198256,K07770.01,3.54828691,131.83563,3.281,0
2437112,K03461.01,18.79852,138.02082,4.795,0
7987086,K03536.01,156.51657398,278.137378,12.2259,0
7374746,K03537.01,1.366946478,132.204582,3.37701,0
8668810,K03538.01,313.09275066,424.715381,14.3447,0
6519865,K07782.01,0.566813677,131.78895,2.458,0
8868907,K03539.01,157.32263943,222.900363,21.9232,0
3865298,K03540.01,9.53040216,138.232917,5.95809,0
10091110,K03627.01,4.218512654,133.506768,3.62939,0
10091110,K03627.02,8.529991199,137.654769,3.9954,0
3542574,K03628.01,3.47140045,133.750744,1.55,0
3544694,K03629.01,1.922862476,132.735702,3.4594,0
11521793,K00352.02,16.00747237,142.63787,1.267,1
9085563,K03393.01,54.6493679,176.0447,7.962,1
11337372,K01650.02,100.8276725,216.38757,8.39,1
5952448,K07753.01,0.905675699,132.20066,1.701,0
11874338,K03464.01,15.9750417,135.71533,3.549,0
9763612,K03465.01,16.0505464,141.73408,3.171,1
6199716,K07771.01,0.805267592,132.09128,0.887,0
9468384,K03466.01,11.082622625,746.1967676,6.62584,0
8868364,K03541.01,421.42848194,262.2889053,8.60447,0
10092312,K01823.02,1.096587245,132.51421,3.0287,0
3964545,K03542.01,3.012476415,132.2466206,3.31903,0
9656397,K03543.01,204.74104758,202.871314,20.5357,0
5444491,K07727.01,0.759740194,131.82001,3.252,0
3735629,K03544.01,4.664186517,133.670668,4.0639,0
8244173,K03545.01,1.092066399,132.1028432,2.97608,0
6546508,K03613.01,3.053578643,133.878843,3.22884,0
9886224,K03614.01,2.992662857,131.893219,2.5258,0
3735634,K03615.01,4.664188563,133.670244,3.773,0
5730380,K07738.01,0.954873008,131.851983,1.0613,0
6058875,K03616.01,0.56493412,131.7871403,2.57621,0
10735564,K03617.01,1.674984844,131.793034,4.92134,0
3561464,K03398.01,7.31945294,137.22065,4.881,1
3561464,K03398.02,35.8007112,144.92169,8.219,1
5962509,K07754.01,0.790049989,132.11148,2.794,0
6359802,K03399.01,14.15402615,144.17685,4.115,0
7121885,K03467.01,33.93754213,147.182401,11.1677,0
5213404,K03468.01,20.7057153,139.9803,9.678,1
6205566,K07772.01,3.7228679,134.635,9.557,0
11551692,K01781.03,58.0198583,151.85007,5.348,1
7287391,K03546.01,4.286103033,134.590777,2.6422,0
6756202,K03547.01,290.7778719,393.511387,12.0525,0
10215869,K03548.01,5.017239915,134.490136,4.36126,0
5456319,K07728.01,0.937923475,132.34501,3.164,0
2307206,K03549.01,204.0329342,253.536626,17.5623,0
7025540,K03550.01,2.148219541,132.76673,2.94091,0
7620844,K03551.01,58.621578824,178.5674958,8.52961,0
6677267,K03622.01,3.125821128,134.479684,2.2163,0
7732791,K03623.01,1.032068851,131.8383,2.1344,0
5736801,K07739.01,6.6751871,137.4528,2.372,0
8177798,K03624.01,1.450205839,131.985523,3.6373,0
10489521,K03625.01,3.224486463,131.855925,4.61686,0
12643582,K03626.01,44.14579777,167.392037,4.088,0
9328641,K03400.01,33.3239576,132.58989,37.217,0
5991070,K07756.01,0.94102954,131.9021,4.415,0
5531953,K01681.02,1.992812339,131.70565,2.066,1
3757778,K03402.01,36.514374043,163.794463,6.48255,0
11754430,K03403.01,39.818832,166.65072,10.757,1
9995771,K03470.02,25.4337864,143.1302,6.514,1
11875511,K03471.01,67.451045,151.96756,8.9387,0
5213230,K03474.01,52.6095103,158.6253,8.202,1
3326377,K01830.02,198.7106251,156.51819,8.638,1
6233466,K03552.01,15.873380595,143.859941,8.0429,0
11249624,K03553.01,65.583665567,182.6493381,5.01216,0
6426592,K03554.01,394.67816267,346.1399939,6.05443,0
8491745,K03555.01,111.31980522,226.648705,23.0078,0
3970117,K03556.01,110.29512684,235.750948,16.5339,0
11147814,K03334.01,95.178317934,224.596785,3.60125,0
10922659,K03335.01,31.2543238,155.047,5.662,1
8892720,K03336.01,61.4911479,163.633663,9.745,0
6021275,K00284.04,110.2867031,239.22128,4.427,1
7869917,K01525.02,11.8061737,138.2641,4.472,1
11754430,K03403.02,6.15828666,135.4969,6.329,1
6032920,K07757.01,10.828825742,134.9251984,0.7275,0
8409295,K03404.01,82.292865,212.0314,7.048,1
7131760,K03407.01,92.436978,163.5794,6.432,1
9468382,K03409.01,11.08260553,136.6562,6.23,0
6145201,K03475.01,22.7832776,145.53344,4.194,0
5986209,K03476.01,23.737952838,147.006678,8.50818,0
9226339,K03477.01,21.4618453,132.2156,5.675,0
6525209,K03479.01,75.13194883,184.429462,20.8729,0
5534965,K03557.01,243.82122131,159.4958018,10.9312,0
5512513,K07730.01,0.77459856,132.3192077,2.71,0
9965206,K03558.01,16.227548674,136.6397289,5.08666,0
4247023,K03559.01,47.189437,148.044865,11.555,0
4848423,K03560.01,1.501760172,131.5669078,5.85519,0
11403216,K03561.01,4.05325447,134.744552,4.0116,0
11853878,K01833.02,7.68433346,133.36007,1.4346,1
5774375,K07740.01,1.549979213,132.675027,7.5945,0
8263752,K03338.01,10.99381963,133.253208,3.7889,0
8263752,K03338.02,10.9938087,138.80624,5.0403,0
9285265,K03410.01,16.5860329,133.28136,7.043,1
5780930,K03412.01,16.7525077,131.59834,3.174,1
4164393,K03413.01,49.612757516,165.9984372,7.07603,0
7288444,K03482.01,15.3317719,142.5217,5.467,1
10881457,K03484.01,84.704139,152.1832,10.393,1
5513861,K07731.01,0.755105584,131.8133513,5.02374,0
9948002,K03562.01,101.26336282,214.125128,17.8951,0
5264304,K03563.01,120.58167178,248.238772,8.2904,0
10960995,K03564.01,1.558544209,131.567665,3.3727,0
9592575,K03565.01,2.63757408,131.575561,5.9626,0
7898576,K03566.01,8.64636188,135.46223,8.73607,0
5806800,K07741.01,125.288206,252.0979,3.695,0
11671429,K03567.01,112.46358893,197.557702,31.8273,0
5392897,K03342.01,42.39930429,354.461453,18.3609,0
5282049,K01545.02,5.91039905,132.7277844,3.85,0
11810124,K03344.01,11.6044881,139.05603,3.409,1
6023859,K03414.01,27.009807384,141.2897316,1.96698,0
3433668,K03415.01,15.0219784,143.6989,5.068,1
7503885,K03417.01,91.078624,213.7723,10.304,1
3629330,K03418.01,85.272459,182.3725,13.31,1
5471289,K03485.01,12.42592675,141.5292956,29.1701,0
9783760,K03487.01,89.7398137,205.26465,3.26371,0
9528430,K03489.01,90.08255562,173.987561,19.7301,0
5529552,K07732.01,0.759768478,131.78573,2.824,0
8882847,K03490.01,42.2011587,172.4344,8.479,0
9773869,K03568.01,15.65129028,132.81543,6.7631,0
6707942,K03569.01,9.014220178,131.549902,2.76441,0
5023948,K03570.01,1.824653341,132.883177,4.25512,0
5113053,K03571.01,3.185090259,133.294014,4.80188,0
5817957,K07742.01,372.76888,377.6144,23.27,0
11853878,K01833.03,5.70940795,137.12208,1.622,1
4743508,K03572.01,2.086076372,133.416141,2.4032,0
11810124,K03344.02,3.63898953,131.78562,2.252,1
11303322,K03345.01,38.1303324,159.3878,6.53,1
11241912,K03346.01,14.42735088,138.84024,4.857,1
8824737,K03347.01,12.90235874,139.15105,2.446,1
9349757,K03348.01,36.4337867,132.90573,4.388,1
11519134,K03419.01,58.5850357,140.799676,3.5939,0
7703955,K01707.02,265.47847,151.0673,10.28,1
8552719,K01792.02,1.546222068,132.45951,7.998,0
12164634,K03491.01,89.3313828,204.18503,11.919,0
5193077,K03492.01,22.2941485,146.4526,3.188,0
8880123,K03493.01,46.7162336,145.5064,7.259,1
10068919,K03573.01,43.56225858,153.270753,3.6873,0
7353970,K03574.01,198.443477,155.615557,9.9776,0
12316447,K03575.01,17.907664726,139.743761,5.58652,0
5823557,K07743.01,2.4044122,133.2244,4.575,0
10491554,K03576.01,22.77196484,140.4865,8.3476,0
9785454,K03577.01,184.52015392,237.698721,15.3564,0
8636333,K03349.01,82.175197,197.20187,8.664,1
7136958,K03350.01,29.015852933,138.402477,7.19844,0
1995732,K03351.01,77.36241476,139.095626,12.1317,0
6069674,K07761.01,495.71095,450.0348,4.514,0
8081239,K03352.01,10.35857039,138.30794,2.577,1
3745559,K03423.01,30.2541186,136.63873,2.134,1
8356054,K03424.01,17.081202417,134.296431,7.20617,0
9117416,K03425.01,20.034708,145.4541,6.49,1
9117416,K03425.02,3.15722086,131.69915,3.762,1
7517261,K03496.01,23.2385587,143.5274,8.432,1
5653795,K07734.01,118.314913,215.6117,4.79,0
8424002,K03497.01,20.35971899,134.29123,2.1521,1
8635938,K03498.01,43.798566,172.58505,6.401,0
10464666,K03578.01,131.73630485,194.5833896,5.28476,0
5024292,K03579.01,4.301031137,134.44907,5.65214,0
4659255,K03580.01,198.01379181,234.151682,9.72673,0
8263746,K03581.01,10.9938268,138.805226,5.0746,0
10657406,K01837.02,1.682934607,131.96807,1.8846,1
3428468,K03582.01,114.90862419,199.450746,7.66397,0
7091432,K03353.01,11.55532445,134.12977,3.499,1
6368230,K03356.01,26.0841212,149.4437,6.141,1
7115291,K03357.01,52.802767576,167.270294,5.6184,0
9907505,K03427.01,39.206808648,142.4611109,6.24701,0
9027909,K03428.01,64.6589166,170.17972,7.71,1
6369845,K07777.01,27.6760342,144.9833,4.234,0
9230021,K03429.02,8.74192361,135.42727,4.235,1
9230021,K03429.03,26.936878,157.7573,4.969,0
3662838,K00302.02,53.34418038,170.0739545,3.62,0
5471688,K03499.01,12.4281308,141.4385,6.79,0
8552719,K01792.03,9.10969334,133.06566,5.3181,1
5471688,K03499.02,0.96283264,132.20087,2.947,0
6058816,K03500.01,73.7502765,188.52221,13.309,1
5130740,K03583.01,210.30644361,285.127394,6.68665,0
9892471,K03584.01,8.268081087,135.0563298,3.47103,0
2019076,K03585.01,3.564614021,131.86235,3.44204,0
5879448,K07745.01,533.47707,245.3651,23.71,0
7376490,K03586.01,5.877122413,136.420718,3.7369,0
11968513,K03587.01,1.036592635,132.089146,2.40749,0
7866921,K03360.01,91.4999978,182.769045,19.5818,0
6619815,K03361.01,65.9407869,231.97155,7.776,1
6113752,K07763.01,406.45737,230.8834,9.554,0
3098197,K03362.01,30.47639859,156.24007,17.9728,0
11651712,K03363.01,14.53260546,140.4685,2.4212,1
9896558,K01718.02,153.348739,190.5347,12.205,1
7045605,K07808.01,361.526458,339.3304,6.947,0
8738775,K03432.01,48.0506878,140.514,7.999,1
7877818,K03816.01,9.44942628,132.45174,6.3064,0
5636642,K03817.01,0.933489066,132.101834,1.41864,0
6515722,K03818.01,1.908525084,131.77571,4.169,0
6679504,K07788.01,0.798467681,132.04627,0.86,0
5560831,K03819.01,0.867721348,132.161646,4.8783,0
5305404,K03820.01,161.252567,189.10238,23.626,0
3728432,K03893.01,3.90863457,133.92971,1.7704,1
6696580,K02092.03,77.086191,202.7483,4.77,1
5473535,K03894.01,1.673662758,131.67166,2.3135,0
12106934,K03895.01,5.93717724,135.95682,5.355,0
6222898,K03896.01,3.89043062,132.7665,6.596,0
3955866,K03897.01,16.8282542,296.233,39.098,0
11200767,K03667.01,2.489549075,132.045037,2.4345,0
9892816,K01955.03,1.644221032,131.75241,2.9122,1
8589731,K03668.01,4.469731089,133.011683,5.257,0
4356766,K03669.01,1.731803197,132.887574,5.6803,0
2167890,K03670.01,2.64830047,133.034879,2.6395,0
5384079,K02011.02,17.2653659,135.3549,5.02,1
4935914,K03743.01,3.486318703,134.87329,2.7904,0
11303811,K03744.01,1.705780649,133.15662,1.6271,0
2437783,K03745.01,7.45306683,131.76434,4.7617,0
12062660,K03746.01,2.929299629,133.71721,7.102,0
9777087,K03747.01,5.50811352,134.32603,2.9516,0
5956776,K03821.01,0.569115097,132.020841,3.5028,0
8883727,K03822.01,2.529073751,133.390989,1.8827,0
6516874,K03824.01,0.916326699,131.80905,3.1427,0
11709124,K00435.03,33.0405509,161.22146,3.3613,1
9161118,K03898.01,1.306723495,132.53576,6.606,0
3556229,K03899.01,0.7967202,132.288291,4.25304,0
11911580,K03900.01,359.102042,393.8542,16.949,0
9480535,K03901.01,160.130899,203.47424,13.775,1
10583225,K03902.01,2.69634575,132.9969,3.785,0
5215251,K03903.01,2.553924603,131.94769,9.835,0
10383696,K03671.01,8.487871809,134.495278,4.19829,0
9777090,K03672.01,5.50817321,134.32367,3.6845,0
11455484,K03673.01,6.142812722,135.16085,6.0751,0
2446623,K03674.01,175.06586091,179.043787,4.5181,0
9596089,K03675.01,20.8392148,133.49781,2.3321,0
5738506,K03676.01,9.50158045,131.97492,5.0701,0
9777087,K03747.02,19.226055,132.6309,2.949,0
4247807,K03748.01,2.050435466,133.288776,8.0122,0
7700590,K03750.01,1.507101452,132.092456,5.2005,0
9053086,K03751.01,1.274841686,131.623318,3.5903,0
3128552,K02055.02,4.02582434,135.42508,2.8059,1
5467113,K03825.01,2.845746618,134.276987,13.0719,0
8240123,K03826.01,2.30120705,132.18748,25.08,0
5114623,K03827.01,337.377514,336.53604,12.136,0
5114623,K03827.02,389.28075044,310.5901867,12.52,0
10031907,K03828.01,8.58965725,132.01852,8.9793,0
5480736,K03904.01,8.56751264,136.06104,5.449,0
8487748,K03905.01,1.061934313,131.72596,3.194,0
9892856,K03906.01,2.406574511,133.73667,3.4382,0
7137213,K03907.01,28.64338839,141.22933,1.2246,0
6795089,K07792.01,96.231257,217.00033,2.488,0
3340313,K03677.01,30.5528701,143.348399,5.3367,0
9892816,K01955.04,26.2347447,141.99379,3.536,1
4150804,K03678.01,160.88451966,277.504342,10.8771,1
5021174,K03679.01,4.04506346,132.232226,3.22222,0
9025971,K03680.01,141.2415405,256.205347,6.7645,1
2581316,K03681.01,217.83184293,238.820035,21.306,1
6314185,K03752.01,1.433262145,132.822323,5.6316,0
8620561,K03753.01,0.782046543,131.674244,1.9874,0
8937019,K03754.01,5.663604992,133.892182,1.4283,0
9896435,K03755.01,18.076610347,146.256704,3.1396,0
10352938,K03756.01,6.47173281,136.35537,7.1964,0
10676927,K03830.01,1.031100362,131.87473,2.9759,0
5649836,K03831.01,0.597933142,131.95669,3.47133,0
7620660,K03832.01,5.36652724,134.86398,8.367,0
3836399,K03834.01,1.540392098,131.9989,3.7271,0
2581554,K03835.01,47.1484324,175.2689,3.1347,1
3128552,K02055.03,2.50475282,133.63645,2.376,1
10363115,K03908.01,59.3627946,184.14711,13.972,1
10491062,K03910.01,2.199076661,133.06147,6.11,0
9761615,K03911.01,1.79110997,131.95636,2.0917,1
4058881,K03912.01,7.77241144,132.58122,5.272,0
2581316,K03681.02,10.51421162,134.56738,3.877,1
8621353,K03682.01,11.344347453,138.811996,5.9738,0
10795103,K03683.01,214.3120439,336.330158,16.2938,1
9394601,K03684.01,0.876826336,132.0647202,3.6097,0
8494410,K03685.01,208.86909724,273.692419,4.5707,0
8494410,K03685.02,7.2593226,131.71082,6.1394,1
6863161,K03757.01,1.98663794,133.311523,4.7585,0
7840035,K03758.01,13.54208867,144.00206,4.9406,0
8543279,K03759.01,7.549303633,135.010802,2.3665,0
8047283,K03760.01,0.77544539,132.072938,1.8764,0
7090867,K07810.01,308.255238,282.4555,11.959,0
7612691,K03836.01,3.46724809,133.90269,11.01,0
9761573,K03837.01,7.4413445,137.3429,2.8754,0
8042789,K03838.01,4.618309224,135.85023,3.6752,0
10095484,K03839.01,0.677761275,131.625946,3.7085,0
5467102,K03840.01,2.845739012,134.279738,11.9327,0
6780367,K07789.01,175.358905,212.2454,5.34,0
5471496,K03914.01,12.42618005,141.50486,28.1949,0
4544620,K03915.01,2.189090653,132.08535,5.2094,0
5784777,K03916.01,5.33905606,132.14193,1.6415,1
6863187,K07794.01,1.99492332,133.4406,5.898,0
6949061,K01960.02,23.2218115,151.06904,2.744,1
9719636,K03686.01,3.351573993,134.28062,2.8758,0
2452440,K03687.01,8.097050622,138.423529,5.6736,0
5020034,K03688.01,2.119107262,132.58903,7.5384,0
6974867,K07800.01,0.887691177,132.36711,1.644,0
7102316,K02028.03,142.545,202.88,8.75,1
11518142,K03762.01,240.7990472,334.14037,16.666,1
3114667,K03763.01,0.888584158,132.100098,2.25012,0
12109845,K03765.01,0.865959015,132.053694,1.9058,0
3954227,K03766.01,0.594276199,131.835238,2.0188,0
8651551,K03841.01,1.527491117,132.259806,7.9136,0
7115550,K07811.01,0.566814046,131.79379,4.049,0
9532637,K03842.01,0.61496383,132.022402,1.93053,0
5305451,K03843.01,161.253747,189.0939,25.322,0
7174349,K03844.01,2.974163938,132.49312,1.7423,0
11824218,K03845.01,15.84131693,145.4595,1.8156,0
10788461,K03925.01,9.2075634,135.801,3.365,1
10788461,K03925.02,2.5903958,132.3011,2.088,1
10788461,K03925.03,5.3235335,133.0952,2.714,1
11667548,K03926.01,0.831741499,132.074741,2.297,0
8868649,K03927.01,4.44737112,133.84048,19.45,0
9715939,K03690.01,12.893018017,141.611199,3.30029,0
4751083,K03691.01,4.532416322,135.6589,3.2864,0
4751083,K03691.02,2.26631937,133.3865546,3.16,0
5903301,K03692.01,1.160153553,132.145331,2.16452,0
7695087,K03693.01,4.032760214,133.301891,2.7194,0
6200709,K03694.01,3.723552982,134.94613,3.5632,0
7013923,K07801.01,2.21396079,132.5689,3.452,0
5360082,K03768.01,11.35501209,133.20478,14.557,0
6543683,K03769.01,1.195515251,132.303851,5.0834,0
10555365,K03771.01,5.80184753,131.77347,3.9551,0
5481426,K03772.01,2.38404983,133.43927,3.2849,0
7983756,K03846.01,5.24078259,136.54913,5.238,0
7289165,K03847.01,5.26641416,131.69998,2.4404,0
12784167,K03848.01,1.847892736,132.19915,1.8904,1
8949316,K03849.01,0.604358764,131.68577,1.0423,0
8912730,K03850.01,11.3775281,132.5848,12.918,0
9784230,K03851.01,0.7981968,131.570334,2.22035,0
11466960,K03917.01,0.695954898,131.89905,1.469,0
3124420,K03918.01,0.948951607,132.468516,4.3809,0
4649440,K03919.01,19.37070781,147.66803,2.2466,0
2437488,K03920.01,14.46993942,141.81105,7.455,0
10083623,K03921.01,1.278555003,131.529071,1.4247,0
11253711,K01972.02,1.226223959,132.6827,2.1689,1
8043052,K03695.01,2.244600029,133.46529,1.9204,0
5435816,K03696.01,181.8521773,251.877795,5.7725,0
8559589,K03697.01,223.1127475,140.947135,8.9683,0
4372765,K03698.01,15.64064161,140.08502,6.4524,0
9489524,K02029.03,6.8873113,132.0711,2.214,1
10268903,K03773.01,1.103978,131.573418,0.74,0
7017437,K07802.01,43.8496474,157.7544,2.217,0
7220320,K03775.01,0.752158047,131.793035,2.42733,0
9291378,K03776.01,3.796488133,135.15079,11.0659,0
4949524,K03852.01,1.233076007,132.49795,12.506,0
2697935,K03853.01,21.5135234,132.3356,77.983,0
6531143,K07784.01,19.4444573,147.9093,5.509,0
3550434,K03854.01,1.1910489,132.076408,1.3738,0
2558370,K03855.01,0.546248198,131.585311,2.1081,0
5397166,K03856.01,1.811966339,132.27828,3.792,0
7024530,K03922.01,66.1539783,156.97153,5.896,0
5015459,K03923.01,158.3226379,251.75032,2.1881,0
11709124,K00435.04,3.93276627,134.64964,2.9403,1
8505920,K02094.02,198.680859,270.66535,8.282,1
1433980,K03924.01,1.592634161,132.328769,8.9488,0
2438490,K03699.01,3.31577795,131.53883,4.2349,0
3838496,K03700.01,2.990252395,133.110629,7.8462,0
6470521,K03701.01,2.08043378,131.827041,7.708,0
2449090,K03702.01,4.944046127,134.192012,4.50334,0
5652260,K03703.01,4.464565251,132.311502,4.0221,0
2569494,K03704.01,1.523298835,132.32762,5.9083,0
12405950,K03778.01,3.539631353,132.774997,1.5372,0
5206233,K03779.01,6.195861785,134.23422,2.6078,0
7031066,K07803.01,0.566805514,131.8162,4.367,0
6775985,K03780.01,27.961084,133.1759,3.8741,0
11357192,K03782.01,186.5168116,169.64687,3.1968,0
9533489,K03783.01,197.1455327,300.176978,2.1145,0
11825057,K03857.01,0.532087933,131.972409,3.45028,0
12306699,K03858.01,3.204222652,133.82223,2.7952,0
9692336,K03859.01,0.687898282,131.595979,3.96401,0
9641008,K03860.01,2.178154774,132.02433,3.5302,0
8588377,K03861.01,0.99466172,131.63284,1.576,0
3644601,K03862.01,359.00688,295.8649,32.16,0
4242692,K03928.01,1.138548215,132.46205,2.1482,1
8781480,K03929.01,121.0598037,159.3454,3.112,0
6783732,K07790.01,0.721335207,131.57505,1.509,0
11607176,K03930.01,3.28274272,132.64464,8.9,0
10661718,K03931.01,1.231361934,131.80783,5.433,0
6105462,K02098.02,89.7224125,163.15815,10.963,1
8257205,K01986.02,7.12766417,136.00586,2.491,1
6470516,K03705.01,2.080431782,131.827995,7.4997,0
7770471,K03706.01,1.157804607,132.448327,4.66082,0
5130380,K03707.01,19.979098,137.14659,10.5638,0
6314173,K03708.01,1.433262401,132.822635,6.2205,0
5688997,K03784.01,23.8706941,136.9568,3.4812,0
7031340,K07804.01,0.566769068,131.8681,3.011,0
4073730,K03785.01,6.2820426,131.58905,7.941,0
2854948,K03786.01,0.97430309,132.390205,2.1088,0
3644601,K03862.02,119.686505,176.0608,29.33,0
8459354,K03863.01,53.556625,184.4892,16.18,0
4164922,K03864.01,1.210693626,132.39306,1.434,1
12061969,K02061.02,1.090011003,131.58066,1.5,1
10328393,K01905.03,34.2115022,154.57508,4.947,1
10259029,K03630.01,7.061149921,134.558528,3.33515,0
8299947,K03631.01,2.682767439,131.570648,4.58143,0
3335813,K03632.01,3.711012492,132.488455,3.3394,0
11858741,K03633.01,1.780982447,131.520134,3.4297,0
6363494,K03634.01,1.815632406,131.9113803,3.35773,0
2576107,K03709.01,205.5833309,234.746256,6.0353,0
9532421,K03710.01,4.309067482,134.71445,2.21,0
6936966,K07797.01,36.4721523,159.7848,2.673,0
5653849,K03711.01,111.0396205,161.93506,25.751,0
2437060,K03712.01,3.187087241,132.8582,7.2897,0
8127648,K03713.01,1.023470248,131.703274,2.3804,0
11564013,K03714.01,0.875267982,132.03224,1.6038,0
9405541,K03788.01,5.55260695,132.08428,4.1178,0
8906045,K03789.01,2.347479696,133.67205,26.25,0
7031638,K07805.01,1.13353095,132.4414,3.17,0
7296094,K03790.01,0.890745373,131.884401,1.9215,0
5437945,K03791.01,440.7843755,139.3535,21.693,1
12009347,K03792.01,2.723858181,133.57632,1.4313,0
4037163,K03793.01,0.635441862,131.966607,1.9827,0
5535890,K03865.01,3.255189932,134.6015,2.7117,0
5215980,K03866.01,2.531140101,132.49471,20.399,0
9353742,K03867.01,0.938750221,131.68256,1.3568,1
9178185,K03868.01,2.992704682,133.29518,1.2585,0
6290382,K03869.01,6.12810722,137.03456,2.824,0
3327992,K03635.01,2.115511511,131.99137,8.5116,0
5649206,K03636.01,2.446736567,133.968534,5.0201,0
5193384,K03637.01,21.3779536,157.8164,24.872,0
5181804,K03638.01,4.350460215,132.27239,2.5276,0
10491544,K03639.01,22.77194512,133.84261,10.1995,0
9101496,K01915.02,67.844689,149.5007,11.757,1
11450414,K01992.02,27.3214242,154.29833,4.836,1
4937143,K03715.01,9.84883968,135.993,5.7425,0
8719324,K03716.01,10.23335969,139.7882155,7.55,0
11241814,K03717.01,227.6625222,232.241995,5.5072,0
5036537,K03718.01,1.06100873,132.521276,2.6715,0
9837083,K03719.01,0.623393802,131.599128,1.40392,0
12557548,K03794.01,0.65355361,132.058957,1.63,1
3657758,K02034.02,2.3702932,133.6801,1.666,1
7031726,K07806.01,0.566793534,131.8368,4.714,0
3338660,K03795.01,1.873380717,131.795634,10.1083,0
3338674,K03796.01,1.87337894,131.796393,9.1328,0
5546277,K03797.01,7.50023955,137.38848,2.916,0
8258160,K03870.01,23.6270348,150.0362,11.481,0
9752982,K03871.01,0.716709897,132.050846,0.7466,0
4666008,K03872.01,2.248063246,132.75441,5.1297,0
8430105,K03873.01,63.3278636,165.22656,47.0744,0
9517393,K02076.02,219.3215562,320.72862,12.4124,1
8052474,K03640.01,245.4382021,361.302835,14.502,0
3534118,K03641.01,178.4129899,218.225235,2.9298,0
3534118,K03641.02,178.44973004,217.6718259,12.86,0
2441161,K03642.01,2.192004364,132.218114,3.075,0
3231120,K03643.01,3.900109346,133.380544,3.9037,0
12216706,K03644.01,1.471060209,132.27522,4.3708,0
12216706,K03644.02,0.73553763,131.5246162,2.0,0
10735331,K03720.01,213.3990406,274.209685,6.5043,0
7763269,K03721.01,6.40802979,134.0732,2.9288,0
5471606,K03723.01,0.962835804,132.198475,4.9844,0
11200405,K03724.01,4.639602084,135.09909,3.4636,0
5475736,K03798.01,2.991885335,134.17581,7.4319,0
9049673,K03799.01,1.327471395,131.583734,5.2334,0
7031898,K07807.01,0.566792595,131.817,2.637,0
9593759,K03800.01,1.247156944,132.36584,2.6779,0
5020044,K03802.01,2.119100054,132.59118,8.2163,0
11560037,K03874.01,1.466535757,131.992658,0.8222,0
11911561,K03875.01,8.870415578,137.481093,1.2864,0
6547322,K07786.01,1.49131759,132.1676,4.721,0
3440118,K03876.01,19.57783279,131.71421,1.9857,1
9159265,K03877.01,3.04476607,132.43708,9.568,0
4472818,K03878.01,70.9672087,182.66991,6.9623,1
5816806,K03645.01,4.45543346,134.453921,5.116,0
6531496,K03646.01,14.323889947,135.225964,4.83729,0
9661869,K03647.01,20.427232317,135.862807,3.46429,0
9411166,K01922.03,105.6552651,230.09865,9.39,1
3097352,K03648.01,4.029803201,134.422433,4.4301,0
6066379,K03649.01,1.303858554,131.606872,4.36797,0
12154526,K02004.02,3.18899015,133.52624,2.722,1
3459199,K03725.01,1.570518376,132.340523,3.2035,0
6973796,K03726.01,115.9943364,139.57168,2.4136,0
12023089,K03727.01,0.623441636,131.6792187,1.46001,0
6286155,K03803.01,14.5417471,137.58734,5.6067,0
7831363,K03804.01,2.81753381,132.8937,2.1551,0
8804845,K02039.02,0.762132307,131.61542,1.22,1
4663185,K03805.01,56.6993107,146.1473,7.0706,0
5305471,K03806.01,161.252247,189.10948,23.467,0
5560830,K03879.01,0.867719291,132.165597,6.323,0
8211824,K03881.01,0.84112187,132.164939,2.0431,0
5980800,K03882.01,0.828326025,132.175806,1.42721,0
9592850,K03883.01,1.219324537,131.94673,4.7501,0
6227560,K03650.01,2.401751509,133.711919,2.0835,0
5866104,K03651.01,36.97709537,133.6264,5.2063,0
8256044,K03652.01,16.371883638,140.020073,3.44467,0
8780968,K03653.01,2.617284592,132.390683,9.5545,0
6960446,K03654.01,10.14873521,136.02501,5.603,0
8264097,K03655.01,2.897436854,132.038502,3.2833,0
7515679,K03728.01,5.546083089,133.50348,2.717,1
9674592,K03729.01,6.87366398,136.13966,7.0845,0
9674592,K03729.02,6.87366412,132.4575658,4.85,0
10879213,K03730.01,0.668483494,132.156558,2.4129,0
5650314,K03731.01,1.070272827,131.835891,4.2844,0
6962901,K07799.01,0.977170246,132.23783,3.4842,0
8302302,K03732.01,1.135930136,132.396556,4.5036,0
10581918,K03807.01,1.801863222,132.48449,7.2492,0
3851949,K03808.01,54.77145968,143.74319,37.1871,0
9097892,K03809.01,1.674690886,132.172107,2.0179,0
9351316,K02078.02,161.515617,176.49978,6.548,1
4579313,K03884.01,2.112405306,132.97515,2.5845,0
11614528,K03885.01,1.870990236,132.68949,1.8432,0
8848288,K03886.01,5.56648691,133.03305,10.931,0
6590307,K07787.01,1.33253834,132.066,3.737,0
5308419,K03887.01,1.241483276,132.10028,2.195,0
6312521,K03656.01,3.01551943,132.943637,3.1713,0
4579321,K03657.01,2.112395777,134.034448,2.7714,0
5202905,K01932.02,14.8444836,143.576,6.091,1
1575690,K03658.01,2.252417903,132.436339,1.9767,0
4386047,K03659.01,2.900613144,133.422871,3.7357,0
5103998,K03660.01,174.7697122,172.472322,2.3569,0
9655858,K03733.01,31.43284649,138.11259,5.3541,0
10275880,K03734.01,9.72675447,139.47635,19.6214,0
2166200,K03735.01,8.096939227,132.646466,2.8833,0
3547315,K03736.01,0.64234865,131.911078,2.1184,0
6933781,K03737.01,130.4194187,229.758424,4.165,0
6148271,K03812.01,1.78526527,133.1265,6.2233,0
5386904,K03813.01,4.8591441,132.6666,3.8588,0
2997178,K03814.01,5.95077813,135.06469,5.6,0
8956206,K02048.02,99.673478,219.33483,0.968,0
8260198,K03888.01,0.955297055,132.179352,1.7405,0
10733174,K03889.01,280.476576,299.3871,32.24,0
8564976,K03890.01,152.8255989,197.41339,22.688,0
11760860,K03892.01,2.41660149,131.53713,1.9699,1
7910148,K03661.01,4.252082243,134.299947,2.7543,0
12459731,K03662.01,14.180228311,143.127623,4.5344,0
12735740,K03663.01,282.5253558,363.071925,10.7965,1
4678875,K03664.01,1.87887673,133.0741983,6.60887,0
7812175,K03665.01,17.79391159,134.035628,4.3194,0
7708193,K03666.01,7.942583252,134.817062,7.0612,0
5478083,K03738.01,15.85231085,142.52451,4.8707,0
10857342,K03739.01,2.415925551,133.610004,9.7769,0
5215700,K03740.01,0.656201038,132.0994299,4.17901,0
8780959,K03741.01,2.617280959,132.391963,9.661,0
5565486,K03742.01,1.412524016,131.704429,5.74859,0
8453214,K01776.01,5.77676732,131.5416,6.822,0
8552719,K01792.01,88.40678718,176.274619,12.3079,1
8556077,K02027.01,3.635723653,134.6084,2.1862,0
7757698,K07848.01,369.181947,399.5169,3.239,0
8625821,K01859.01,45.3968385,136.93885,4.477,0
8652999,K01953.01,15.160166,136.55982,5.856,0
12164770,K02088.01,2.63009438,132.22517,11.226,0
9541322,K02089.01,9.40527028,134.55181,2.076,0
10470616,K02112.01,4.15713766,132.21689,1.808,0
10362031,K02118.01,3.2136904,132.98252,2.205,0
6373680,K02127.01,2.87066026,133.66393,1.541,0
10963242,K01312.02,31.24611088,138.4604477,4.76,0
9150827,K01408.02,82.37208458,208.4205685,6.35,0
9957351,K03964.01,0.991105114,131.893383,2.2137,0
5385575,K03965.01,12.425580393,141.5382062,57.2012,0
3732035,K03966.01,138.944022,153.90645,10.611,1
5385697,K03967.01,12.4260454,141.5025,27.7691,0
5385697,K03967.02,12.4260002,133.9385,30.1966,0
8823833,K03968.01,1.50650136,132.98952,3.1126,0
5015913,K01667.01,1.179969562,133.381942,1.9745,0
5103942,K01668.01,10.10176739,131.80667,2.1267,0
5195172,K01671.01,1.480283464,134.37254,2.486,1
8678664,K01782.01,15.420409367,133.516609,2.3707,0
8832512,K01821.01,9.97682072,131.76825,3.4873,1
8892721,K01844.01,61.4913415,163.63194,9.627,0
9042357,K01993.01,16.00351679,146.38812,4.001,0
9115681,K01865.01,1.86390886,132.19741,4.414,0
10481045,K02320.01,2.03743942,131.55893,3.103,0
8107034,K02322.01,332.74984,386.9102,14.77,0
3962751,K02326.01,45.60304785,171.32001,8.35,0
8582291,K02330.01,2.4681015,132.07692,2.83,0
5110683,K02334.01,12.53449909,134.95078,6.02,0
7967861,K02349.01,215.15218,171.913,19.97,0
8179325,K02359.01,3.17275711,133.98944,5.404,0
5475494,K03969.01,0.73619448,132.08341,1.1148,0
9412445,K03970.01,10.18670759,132.51843,7.498,0
7866914,K03971.01,365.994154,217.68143,13.071,0
6057684,K03972.01,0.54028956,131.85133,3.619,0
5271608,K01673.01,2.49047468,133.44225,2.2003,0
5357470,K01674.01,2.17257963,133.00429,1.5794,0
5443775,K01676.01,3.307669761,131.56743,1.672,0
5527172,K01678.01,3.183961388,132.865355,3.7875,0
7386391,K07837.01,48.507991,148.3182,8.984,0
5529643,K01679.01,0.759766456,131.7904,5.323,0
9366989,K01785.01,1.219034472,132.100235,2.151,0
9468717,K01954.01,7.37339245,134.0101,2.883,0
9528420,K01742.01,4.70847097,134.153065,6.0503,0
9529744,K01806.01,2.404556949,131.67616,7.4918,0
9674608,K01795.01,2.972047661,133.24987,1.198,0
8495415,K02362.01,2.237180102,133.68185,1.4734,0
10341905,K02391.01,0.93374232,131.52477,6.552,0
10336927,K02394.01,134.76308997,131.94463,8.77,0
12115188,K02396.01,0.495434094,133.458716,1.2496,0
9850957,K02446.01,8.48031302,135.86745,5.988,0
12470954,K00439.02,5.40534383,131.8513595,2.32,0
11568224,K03973.01,0.882131829,131.900716,6.8106,0
7938883,K03974.01,0.489682339,131.5738141,1.7495,0
9280239,K03975.01,364.751562,135.47514,13.057,1
4544571,K03976.01,2.189098506,132.080937,5.1498,0
3245661,K03977.01,0.7088055,132.168239,3.6789,0
5618071,K01682.01,88.821421,160.4918,9.35,0
6312534,K01689.01,1.507761203,132.942717,3.096,0
6470917,K01690.01,1.506019633,133.02809,2.408,0
7431709,K07838.01,0.572513875,131.776,2.353,0
6611330,K01691.01,35.14578122,136.493569,2.253,0
6699368,K01694.01,3.690317047,131.542094,1.3784,0
9886255,K01846.01,105.9566815,182.05127,6.9988,1
9973855,K01966.01,2.95600563,134.06322,2.6717,0
10019399,K01796.01,11.805707539,133.050811,2.0494,0
7841368,K07851.01,25.3710555,141.8015,3.739,0
10031707,K01827.01,8.58966893,132.01936,6.962,0
10092312,K01823.01,4.468456599,138.741584,1.4195,0
10407054,K02500.01,0.933754669,132.44306,4.048,0
10880007,K02502.01,86.79876649,199.89506,2.99,0
8418129,K02515.01,164.57506747,222.03648,9.57,0
6525185,K02568.01,1.71030803,131.6107,2.718,0
10812504,K02570.01,79.9201319,197.21721,4.482,0
8107115,K02575.01,199.3113,172.4242,6.43,0
10663411,K02584.01,157.82131,137.7418,12.42,0
10090219,K03978.01,2.28612573,133.53049,12.408,0
9205938,K02162.02,199.66876,131.609,8.996,1
9899217,K03979.01,1.33254971,132.05415,4.69,0
6750902,K03980.01,0.469334634,131.736456,0.8864,0
5895588,K03981.01,0.849277809,132.17649,3.137,0
6803855,K01695.01,71.4523167,148.80814,6.276,1
6891366,K01696.01,1.752564549,132.71889,3.503,0
7448023,K07839.01,0.566816802,131.77983,1.981,0
6891637,K01697.01,1.752553762,132.72735,3.877,0
6975615,K01698.01,2.065351521,133.15601,2.661,0
7137725,K01699.01,2.253551793,132.4798,3.66,0
10153855,K01981.01,1.06378861,131.52465,1.072,1
10230571,K01926.01,123.11494773,172.26301,17.24,0
10294613,K01896.01,1.854493861,132.49056,4.2367,0
7879648,K07852.01,1.020713389,132.20309,0.873,0
10491044,K01763.01,2.1990638,133.06948,3.197,0
10614012,K01807.01,132.1331011,149.17288,26.715,0
10616415,K01999.01,1.120646438,131.59197,1.7664,0
6525193,K02653.01,1.710279417,131.61739,2.252,0
6866251,K02661.01,65.238281,158.9557,5.756,0
7117710,K07817.01,0.56679641,131.8085,2.324,0
7762723,K02663.01,9.88736642,139.52781,4.23,1
4178606,K02728.01,42.3520039,131.61246,7.773,1
5980208,K02742.01,0.789160884,131.50545,0.9268,1
5303557,K03982.01,2.399081606,133.06425,4.384,0
10227863,K03983.01,5.14072621,135.0222,27.24,0
7281668,K07829.01,0.566798545,131.8431,5.224,0
8036287,K03984.01,1.44445234,132.80685,0.9753,1
9602562,K03985.01,3.55653637,133.5172,8.7,0
10668665,K03986.01,9.60853601,137.74499,3.672,0
10407020,K03987.01,0.933747751,131.52218,3.9236,0
7380829,K01703.01,3.17463577,132.24293,10.988,0
7470491,K07840.01,0.902222843,131.7156501,2.0516,0
7768952,K01709.01,22.4685309,148.4968,3.034,0
8162790,K01712.01,10.16104834,141.51593,3.0448,0
9655129,K01714.01,2.743978797,133.76412,6.442,0
9899483,K01719.01,1.332561398,132.0511,4.103,0
7882360,K07853.01,364.14397,376.4124,15.37,0
10965740,K01887.01,21.78769087,136.69645,4.498,0
11187436,K01804.01,5.90741476,133.93511,1.016,1
11285136,K01774.01,2.368173896,133.81015,2.346,0
11298815,K02015.01,5.73865933,136.91835,4.051,0
11342573,K01771.01,91.05641908,204.836321,6.7282,0
9823519,K02793.01,4.49686066,134.20642,1.7306,1
7047824,K02806.01,24.7543849,140.20732,3.39,1
4479633,K02814.01,0.475068516,131.8191,0.8552,0
4952341,K02818.01,1.79683793,134.83029,7.911,0
8176019,K02843.01,187.51251276,178.10516,8.05,0
5385491,K03988.01,12.425484,133.99,28.0218,0
11358389,K02163.02,17.7838298,146.91035,3.997,1
5551504,K03989.01,1.204529346,131.93613,1.62,0
6421503,K03990.01,2.15839583,131.89506,8.09,0
7538434,K07841.01,371.1495,415.4245,15.855,0
10487119,K01635.01,3.374684854,131.769948,4.48335,0
10621666,K01636.01,2.61841046,136.66312,3.304,0
10747439,K01638.01,4.593594819,134.889552,2.6391,0
10749128,K01639.01,125.0426,240.291,8.99,0
10813841,K01640.01,6.17039154,354.54497,2.116,0
10879656,K01642.01,0.364860478,132.07029,1.4736,0
12691412,K01983.01,6.90522317,137.02059,3.533,0
5024482,K02041.01,1.5259105,132.7061,3.114,0
8175131,K02139.01,4.27121961,132.10466,2.9283,0
7177766,K07819.01,0.769358923,131.57827,1.5364,0
5513897,K02591.01,0.755109106,132.56239,2.967,0
10664416,K02599.01,25.3239215,138.49766,70.405,0
9602613,K02612.01,4.61225043,133.86134,2.695,1
5807769,K02614.01,7.99022379,132.268,3.273,1
11495766,K02630.01,4.1749166,134.1713,4.828,0
7282154,K07830.01,0.56678694,131.82489,1.959,0
3228988,K03992.01,0.73094701,132.22433,4.223,0
2970804,K03993.01,0.686994057,131.661024,3.5252,0
7552701,K03994.01,1.324247867,131.51043,1.4759,0
7418173,K03995.01,0.780632043,132.190835,1.4109,0
3228804,K03996.01,0.730947169,132.22192,4.396,0
11045383,K01645.01,41.16676097,158.917777,2.2133,0
11391667,K01652.01,1.083736642,134.1369208,1.57912,0
11392017,K01653.01,2.45570369,133.03195,3.1,0
3446451,K01735.01,0.64234875,131.910695,1.3699,0
6603756,K01729.01,5.204286663,135.885314,6.2598,0
8460600,K01730.01,6.352090869,134.2069907,3.88771,0
12121470,K02142.01,1.877350712,132.26591,1.7478,0
3327993,K02157.01,2.11552348,134.09961,6.712,0
5467124,K02161.01,2.84573962,134.27578,7.28,0
7906739,K02165.01,7.01476115,136.88345,3.945,0
2860114,K02170.01,0.941603153,132.976171,1.1886,0
8501062,K02176.01,24.40213373,149.47431,12.57,0
7199644,K07821.01,1.13357304,131.8204,2.849,0
11966253,K02772.01,0.643468999,131.83868,1.1108,0
10275805,K02782.01,112.645961,182.99824,7.037,0
5709889,K02783.01,0.526887517,131.86561,0.8971,0
3119256,K02784.01,4.14244748,132.907,2.203,0
9943435,K02788.01,0.777663575,131.52537,1.1741,0
2442359,K03997.01,0.552834211,131.75468,1.2887,0
7707742,K03998.01,0.758354475,132.623984,4.56811,0
6041734,K02167.03,76.5369531,164.15644,5.574,1
2010191,K03999.01,3.43525124,132.6333,4.509,0
5471675,K04000.01,0.962828092,132.20697,4.411,0
8845574,K01734.01,1.878156188,136.2716,2.058,0
2021440,K01987.01,7.81153999,136.33101,5.984,0
3122985,K01949.01,0.993488979,131.607354,1.9694,0
3248019,K01759.01,1.334104585,132.3674913,3.14624,0
3328026,K01994.01,2.115498574,134.11259,6.738,0
7116024,K07812.01,3.40076682,131.8405,4.7,0
2014991,K02178.01,6.49676881,132.17439,2.527,0
12885212,K02184.01,2.057499811,133.31318,2.569,0
5894073,K02187.01,10.5856758,136.9685,4.911,0
10518424,K02188.01,2.69633621,132.99538,5.238,0
4245933,K02190.01,11.2580745,140.794,23.516,0
7199724,K07822.01,0.566795586,131.83245,4.124,0
12935144,K02847.01,1.099291188,131.50242,1.765,0
6185496,K02858.01,0.47462889,131.54237,1.0194,0
6606438,K02860.01,103.4269873,220.22869,5.03,1
12170648,K02875.01,0.299697755,132.017121,0.8473,0
7282168,K07831.01,0.56681727,131.7715,1.779,0
9851943,K04001.01,1.081935491,131.52874,5.136,0
5773121,K04002.01,0.524175803,131.60105,0.7648,1
2708420,K04003.01,1.89129881,132.6639,5.294,0
4814502,K04004.01,4.94330596,135.57568,2.9334,1
8142787,K04005.01,178.139072,210.11802,9.654,1
3654950,K01766.01,4.067371428,134.316022,5.8962,0
3836453,K01903.01,1.540395781,131.99631,1.6305,0
3952651,K01912.01,32.9045733,141.29325,4.402,0
3966262,K01811.01,2.46353343,135.3459,2.954,0
4144231,K01791.01,22.91339043,140.64839,3.94,0
9964670,K02192.01,1.541350116,132.32528,3.29,0
6209798,K02196.01,1.205412526,131.93619,1.537,0
6525249,K02197.01,1.710316235,131.60973,3.614,0
11075429,K02198.01,23.9210408,139.07872,5.174,1
11705004,K02199.01,9.03326435,137.17738,2.857,1
6137681,K03932.01,356.535835,433.62066,5.467,0
11244682,K03933.01,3.490785878,133.10269,1.4513,1
9655419,K03934.01,1.92149487,133.2283,1.891,0
5895158,K03935.01,1.093665854,132.47213,1.4399,1
5471690,K04006.01,12.4247333,134.0338,16.828,0
5350447,K04008.01,70.7511986,175.37157,6.198,0
4173026,K02172.02,116.583183,246.6275,5.8,1
8934103,K04009.01,175.13892,296.03778,10.767,1
7618364,K07844.01,1.302061421,132.56436,1.8238,0
4150390,K01768.01,55.25178622,144.456513,6.094,0
4851464,K01757.01,5.548250634,133.219686,6.06772,0
4913000,K01775.01,4.442520831,133.607376,2.4779,0
4945877,K01936.01,1.339670241,132.16786,1.895,0
5110423,K01777.01,2.685223546,133.731821,4.0632,0
2581191,K02203.01,1.99042642,132.71317,3.083,0
7379385,K02207.01,67.230028,171.7451,25.01,0
6199702,K02211.01,0.805259637,132.100758,0.9779,0
6307083,K02050.01,75.3787816,167.10798,5.268,0
6780158,K02231.01,2.464160779,131.92201,2.427,0
7199756,K07823.01,0.566781152,131.85715,3.995,0
4947556,K03936.02,13.0267964,139.14777,0.785,1
7362696,K03937.01,4.93129874,134.82009,1.8626,0
3865595,K03938.01,5.59187448,132.87618,1.6782,0
9593528,K03939.01,1.88665445,132.3531,1.343,0
5195945,K03940.01,14.53682228,132.36831,3.195,0
5288577,K04010.01,1.72853003,131.80572,3.819,0
11969988,K04011.01,2.19068738,132.01727,4.41,0
8483258,K04012.01,372.16478,233.7717,11.288,0
4832225,K04013.01,0.947730124,132.39338,1.1171,0
9009953,K04014.01,234.240739,210.8122,12.925,1
7664272,K07845.01,341.01495,448.7233,5.12,0
5302006,K01755.01,6.14631207,132.74983,3.803,0
5306720,K01991.01,27.36432337,143.46464,3.545,0
5389540,K01836.01,10.26231992,133.20719,3.568,0
5444384,K01778.01,1.519529227,132.55256,5.1675,0
5450814,K01780.01,6.487525901,137.625165,2.4536,0
7116519,K07813.01,0.56676437,131.8708,2.326,0
9635510,K02234.01,2.35197616,131.90696,5.304,0
8076630,K02235.01,0.861643331,131.80744,2.4318,0
4077901,K02239.01,12.1097626,140.74725,10.174,0
10271691,K02240.01,63.909601,136.6718,11.85,0
10544677,K02244.01,19.7352868,138.58362,5.097,0
7199883,K07824.01,0.566799125,131.81289,3.072,0
8552587,K03941.01,1.061935973,131.723748,3.3177,0
6019872,K03942.01,1.485898163,132.74414,2.446,0
7679812,K03943.01,38.5763483,167.85725,19.861,1
4864734,K03944.01,1.845610523,131.80574,2.337,0
8282846,K04015.01,133.303247,167.76042,7.342,1
5938970,K04016.01,125.4132302,195.62605,2.3241,1
8381693,K04017.01,21.5702917,137.2647,40.4,0
4929299,K04018.01,0.868723418,132.08264,1.4617,0
7375348,K00266.01,25.30893566,171.50611,5.7704,1
10223615,K00065.01,27.25471993,176.52949,0.73,0
3342463,K00383.01,34.10787519,183.56881,4.1,0
6680177,K00860.01,16.61474421,177.04832,2.77,0
5565497,K01789.01,1.412526202,131.70353,5.49,0
5730389,K01956.01,2.759573341,131.71354,6.999,0
5802478,K01834.01,3.79188234,134.1344,2.15,0
5942093,K01995.01,14.38724729,131.85133,1.9078,0
5992270,K01855.01,58.4302648,168.30179,7.18,0
7117126,K07814.01,0.566717263,131.9699708,2.6079,0
4761060,K02249.01,13.37935853,140.92523,8.809,0
5479802,K02251.01,13.26255423,136.29135,4.65,0
5607631,K02254.01,20.5696575,140.25123,4.263,0
4951249,K02258.01,4.52342256,135.46854,2.531,0
9156585,K02054.01,22.32423657,134.44763,3.669,0
3121340,K03945.01,0.723947772,132.06247,2.125,0
8636434,K03946.01,308.544422,296.0738,18.503,1
5952366,K03947.01,0.905679492,132.196318,2.1164,0
5952366,K03947.02,22.735911,144.077,42.435,0
6045250,K03948.01,0.909310626,131.725419,3.4411,0
5598595,K03949.01,0.648774274,131.74545,2.643,0
6681233,K00562.01,32.63286247,177.22208,3.08,0
7351237,K00879.01,25.64384513,177.41892,5.05,0
7436215,K00885.01,25.58546721,177.07745,2.28,0
9763754,K00589.01,17.47702,186.5568,54.52,0
10216045,K00594.01,16.88954693,183.15557,3.41,0
8846163,K00962.01,26.77891391,186.20963,3.12,0
12366681,K00973.01,13.33386985,263.78932,6.51,0
1996399,K01026.01,94.10628163,184.9905063,17.21,0
2697169,K01027.01,14.71266408,366.02309,4.21,0
8435247,K01131.01,0.696125302,354.767068,2.0054,0
8332986,K01137.01,302.38867822,309.18675,3.1229,0
6364327,K01744.01,5.24372504,132.7225,17.136,0
6762829,K01740.01,18.795269797,138.6686066,9.9816,0
7369865,K01918.01,42.2625935,152.31269,4.465,0
7593110,K01748.01,3.549386251,134.247174,2.4342,0
7810483,K01943.01,29.92208104,146.00807,2.7716,1
7117147,K07815.01,0.566812588,131.79719,3.596,0
6634133,K02262.01,9.94221873,133.84961,2.453,0
7021534,K02267.01,9.06557317,135.15009,1.6208,0
9277210,K02268.01,4.9432827,132.8581,40.01,0
9728465,K02270.01,7.35390869,132.01829,2.061,0
7124026,K02275.01,15.7455586,145.54111,13.877,0
7200485,K07825.01,0.566796615,131.8009,1.999,0
9904006,K02135.03,8.48651582,138.01698,5.267,1
4544572,K03950.01,2.189092892,132.082757,5.1128,0
5738634,K03951.01,2.40435335,133.22999,4.07,0
10152836,K03952.01,220.9290121,240.81927,7.335,0
10651816,K03953.01,3.1877519,134.418,14.836,0
6964043,K01351.01,10.72396374,357.14874,3.8439,0
3644523,K01195.01,119.67747,415.4806,32.274,0
11909686,K01483.01,185.9526325,288.874323,3.5964,0
6678383,K00111.04,103.62650922,426.3726042,6.89,0
12644769,K01611.01,41.077590334,173.7358974,6.20583,0
6233890,K01624.01,2.99540439,132.78128,6.172,0
7918172,K01817.01,63.934965,162.84507,12.71,0
8009496,K01869.01,38.4769457,150.56893,5.825,0
8081187,K01951.01,37.3228722,152.83532,7.2146,1
8111919,K02030.01,1.664980224,131.68433,1.7455,0
8127586,K01752.01,16.6094904,147.61311,3.189,0
7117485,K07816.01,0.566789505,131.8313,5.835,0
2860793,K02277.01,2.62982665,132.08013,6.213,0
3851130,K02284.01,2.69787749,133.65962,1.915,0
7257363,K02292.01,5.23340265,133.1457,3.242,0
11922722,K02301.01,3.51289168,133.79619,3.313,0
12061969,K02061.01,14.092583189,141.1447066,4.1536,1
7203326,K07826.01,9.087508013,137.2042403,2.7597,0
8030339,K03954.01,0.65244373,132.05504,1.471,0
9899414,K03955.01,1.332564704,132.04974,5.9775,0
5471059,K03956.01,2.636899795,132.07629,0.9105,0
7458309,K03957.01,0.660629055,131.86099,5.894,0
7777372,K03958.01,0.885123683,131.88646,3.3865,0
7377200,K07836.01,471.65421,421.64532,3.456,0
6312314,K01625.01,1.221204888,133.61014,1.8511,0
6387969,K01617.01,135.90795753,199.74974,1.83,0
6468337,K01620.01,0.959853772,131.85197,1.9163,0
10357040,K01634.01,46.882525,174.9031,1.93,0
10514429,K01614.01,20.7191626,143.30626,3.912,0
8127607,K01919.01,16.60973843,147.6085,4.515,0
8129042,K01743.01,54.323118,153.7774,25.863,0
8180020,K01741.01,5.803127153,136.101253,4.9041,0
8223328,K01767.01,35.51619219,165.930432,2.5,0
8444552,K01769.01,0.589049151,132.1792702,2.25397,0
6342333,K02065.01,80.2321467,162.39301,4.656,1
6032517,K02070.01,1.791406261,132.99503,2.8159,0
4768846,K02077.01,1.25483232,132.18633,2.67,0
8260234,K02085.01,5.71483873,132.13046,2.748,0
7210749,K07828.01,17.5859472,138.7798,3.815,0
9282769,K03959.01,1.332567005,132.0492,6.3373,0
10404582,K02147.02,10.32736351,139.37228,1.889,1
7777416,K03960.01,2.54557259,132.69874,5.636,0
7597005,K03961.01,0.704541784,132.18236,1.0726,0
5479717,K03962.01,0.697996932,132.136059,4.3323,0
3764714,K03963.01,6.63449721,134.16545,22.982,0
11392618,K01623.01,110.9215892,174.22374,5.282,0
4474645,K01657.01,3.88673217,136.94489,20.491,0
4570949,K01658.01,1.544928892,133.5487914,1.43586,1
4927315,K01663.01,11.76921923,138.41222,3.219,0
4928119,K01664.01,44.638983058,156.45087,3.04001,0
10861608,K03118.01,174.95980475,151.16448,5.23,0
10934313,K03121.01,1.926888595,131.63323,1.235,0
11497958,K01422.05,34.1420506,136.03624,2.945,1
7516809,K03133.01,0.241842544,131.86819,0.7257,0
6115516,K03134.01,0.865759153,131.57771,0.8408,0
6444896,K03138.01,8.68910764,133.23559,1.1627,1
5640511,K03139.01,0.63624396,131.968841,4.0,0
7336093,K03143.01,4.4040248,134.00341,2.41,0
10196493,K03149.01,9.81101738,134.18676,2.09,0
11442793,K00351.05,8.71980135,139.52134,3.7454,1
11442793,K00351.06,7.00821787,137.67164,3.812,1
7812455,K02881.01,0.903583394,131.877566,1.5942,0
9520443,K02893.01,0.99014722,132.02928,0.9394,0
10601465,K02902.01,138.61227705,170.98026,13.79,0
7461307,K02909.01,0.77359329,132.09232,1.7603,0
7269881,K02916.01,0.306937807,131.635518,0.5925,0
10964265,K02934.01,0.637487312,131.97829,1.9626,0
8672910,K00918.02,5.71489488,134.87432,2.0705,0
3233043,K00966.02,7.76967007,133.0900444,4.74,0
7269493,K01961.02,76.642481,143.224,5.476,0
8753896,K02473.02,73.45736853,373.2353172,5.28,0
11074835,K02533.02,9.49361221,136.1777807,6.52,0
10812504,K02570.02,4.4296786,133.1491002,1.96,0
9827149,K02586.02,5.9703813,356.5416,0.669,0
7584650,K02631.02,3.95383243,133.4182993,2.37,0
9758089,K01871.02,32.376183,150.41557,4.4639,1
10005758,K01783.02,284.063137,200.83619,8.297,1
9823564,K02940.01,129.68366098,244.8914,7.86,0
9532424,K02941.01,4.30908594,134.70804,1.52,0
9950316,K02947.01,57.104588,151.083,11.5,0
6028860,K02950.01,0.422015793,131.747838,1.23416,0
6778019,K02953.01,0.945825494,131.62223,1.8496,0
4571536,K02954.01,0.676715927,131.7606,0.63,0
3336283,K02974.01,0.576441813,131.68331,2.027,0
5695904,K02983.01,0.423854275,132.19107,1.0198,0
1725415,K02988.01,2.43731228,132.06982,1.89,0
11304987,K02993.01,0.692693892,131.804922,1.2804,0
11709423,K03001.01,0.768934934,131.740302,1.216,0
8758136,K03006.01,0.998212785,131.81898,2.489,0
12405333,K03009.01,0.764863517,132.13343,1.16,1
10617638,K03016.01,0.710894157,132.05192,1.0183,0
12833566,K03024.01,0.537839241,131.58521,2.169,0
9153554,K03044.01,0.373684977,131.963342,0.9621,0
8161830,K03046.01,1.10118564,132.61692,5.2,0
6461850,K03054.01,0.544962596,131.52348,1.085,0
7613246,K03062.01,0.769127296,131.56425,0.998,0
11551715,K03076.01,225.56791218,262.51086,6.31,0
2715695,K03077.01,4.09578199,131.61992,1.704,1
11442793,K00351.04,91.9401253,134.3,9.195,1
6312171,K03079.01,92.57337995,171.1309675,8.45,0
10665043,K03080.01,185.0097245,307.67922,17.96,0
12352520,K03094.01,4.5770016,132.09921,0.949,1
7455981,K03096.01,14.4540329,135.4521,7.183,1
7107561,K03100.01,0.812587678,131.56261,1.1144,0
11237332,K03103.01,19.3073774,139.1411,3.437,0
8669092,K00068.01,1.000840564,121.293771,1.3292,0
5474613,K01599.02,13.6164547,140.93263,5.175,1
9823519,K02793.02,1.766789509,133.08336,1.3345,1
10587105,K00339.03,35.8656484,135.92374,8.035,1
8558011,K00577.02,0.638162933,131.74826,1.2313,1
7885494,K07854.01,1.72929014,132.5562,3.609,0
5281714,K05148.01,40.301684,166.83148,1.398,0
5289857,K05150.01,26.524553,156.16784,2.359,0
5303185,K05151.01,26.1537851,145.2879,1.802,0
5308777,K05152.01,0.944598153,132.2327,4.018,0
5364090,K05153.01,354.63284,178.4349,2.227,0
5370944,K05154.01,35.40103336,135.1605852,1.75,0
6364143,K05272.01,5.2433865,132.786,12.472,0
6364307,K05273.01,5.2435703,132.7496,15.864,0
6369548,K05277.01,634.84739,248.0735,16.186,0
3098843,K03376.01,29.9756697,135.45089,2.987,0
3958301,K03381.02,387.56519,269.7929,13.28,0
5353137,K03447.01,31.5073649,159.1203,7.362,0
4932689,K03453.01,18.1118457,134.7252,6.309,0
7742408,K03478.01,33.4969115,163.7638,4.833,1
3970397,K05031.01,34.33339948,152.0693144,2.45,0
3973549,K05032.01,1.389947459,132.266549,1.193,0
4058169,K05034.01,282.5363563,241.528666,10.3088,0
4068391,K05036.01,289.490952,363.4177,3.91,0
5391911,K05157.01,0.782068488,131.8940201,1.239,0
5397106,K05159.01,440.65087204,421.7840447,4.07,0
5425908,K05161.01,289.76961138,194.4183952,3.19,0
5436415,K05163.01,273.223848,272.069,3.787,0
6387887,K05280.01,0.650701055,131.830637,0.89164,0
6428602,K05282.01,59.742966,188.0166,6.78,0
6447372,K05285.01,405.32064,443.8561,7.77,0
6461675,K05286.01,342.830882,430.438,3.826,0
8231667,K03494.01,42.8774169,156.06967,1.991,1
3439096,K03509.01,2.97601892,132.96926,5.5,0
3324644,K03781.01,2.882424694,131.63584,25.91,0
5437945,K03791.02,220.142913,245.94139,19.528,1
1161949,K04920.01,473.95103,366.0309,11.778,0
4077252,K05038.01,0.534109403,131.80501,0.9513,0
4077767,K05039.01,168.77118,233.3138,2.263,0
4144238,K05041.01,22.9138322,140.6387,4.855,0
4147171,K05042.01,538.36855,232.5637,19.26,0
4149060,K05043.01,65.5327181,151.4591,2.256,0
4160006,K05045.01,1.018360336,131.67768,7.622,0
5440435,K05166.01,78.04064906,137.0269121,2.15,0
5440472,K05167.01,396.349253,272.6416,2.685,0
5440651,K05168.01,0.502807253,131.6152743,1.01493,0
5446961,K05170.01,149.526152,196.8608,3.033,0
5467126,K05171.01,2.845736321,134.280263,11.5703,0
6522124,K05292.01,43.60012467,163.4367382,1.48,0
6525196,K05293.01,1.710299164,131.6153344,3.92227,0
6525398,K05294.01,252.04444,265.201,5.13,0
6526377,K05295.01,1.39508873,132.059107,2.09,0
1297263,K04922.01,153.521361,281.2973,3.893,0
1572948,K04924.01,3.0031801,132.1161,2.814,0
1725193,K04925.01,2.96384168,134.119473,5.4768,0
1870398,K04927.01,43.142257,132.3007,61.73,0
1873513,K04928.01,3.290304098,131.90944,1.7215,1
4179201,K05047.01,326.70552,439.648,3.36,0
4242806,K05049.01,343.49816,340.5486,7.46,0
4245861,K05050.01,11.2582311,140.7718,16.89,0
4246343,K05051.01,139.54219147,186.9535324,3.42,0
4253860,K05052.01,155.046089,166.60575,10.205,0
4274816,K05053.01,14.3641542,144.2631,2.629,0
5470851,K05172.01,12.4276185,141.3698,18.56,0
5471108,K05173.01,12.427076,141.4085,17.447,0
5525484,K05175.01,315.502534,389.6319,3.112,0
5547424,K05177.01,276.54167976,174.8709449,7.76,0
5551240,K05178.01,4.13960513,134.04705,3.31,1
6527229,K05296.01,200.79976002,263.875635,7.6419,0
6543674,K05298.01,1.195515364,132.3039982,6.08509,0
6548429,K05299.01,210.971635,243.576,3.578,0
6599305,K05301.01,42.02646,172.228,2.553,0
6600515,K05302.01,372.04697,259.4285,14.29,0
6608090,K05303.01,438.81524,307.9493,6.75,0
2010607,K04929.01,18.622214,141.6268,4.42,0
2015013,K04930.01,27.8923345,146.02135,2.204,0
2163226,K04933.01,452.10093,460.4884,12.69,0
2165352,K04934.01,0.7906069,132.077067,3.3996,0
2305255,K04935.01,24.5714867,156.0157,29.96,0
2305543,K04936.01,0.681137796,131.57697,2.7287,0
4276114,K05054.01,3.722404453,133.56824,2.5214,0
4281023,K05055.01,230.385488,268.65697,3.134,0
4281700,K05056.01,222.84909312,340.6821732,2.43,0
4365461,K05058.01,1.714414962,131.8661453,5.17207,0
4366923,K05059.01,646.28789332,234.150707,5.39144,0
4449752,K05060.01,290.438547,283.0998,12.85,0
4455763,K05061.01,0.766298172,131.687569,1.78462,0
5563057,K05179.01,1.049468616,132.26871,4.848,0
5565261,K05180.01,2.362348096,131.705479,3.5979,0
5602409,K05181.01,136.830243,138.5183,2.956,0
5603270,K05182.01,103.284757,147.79022,1.674,0
5612111,K05183.01,36.1904638,146.55956,1.919,0
5616628,K05184.01,419.75224,525.0002,4.154,0
5623137,K05185.01,419.95929,354.2265,13.86,0
6611779,K05304.01,206.309658,231.818,1.498,0
6612411,K05305.01,8.46184728,134.13323,35.525,0
6612973,K05306.01,681.01756,136.3997,8.74,0
6615600,K05307.01,2.19509634,132.74891,1.796,0
6635813,K05309.01,141.00582791,135.4379543,3.0,0
6677415,K05311.01,73.9239955,168.2132,1.699,0
2309910,K04937.01,1.8437362,132.23042,21.04,0
2437209,K04939.01,281.36926,215.41653,66.892,0
2438406,K04941.01,262.71162,134.3692,7.72,0
2452289,K04942.01,6.0353643,133.1818,9.211,0
2569488,K04944.01,1.52327807,132.3306,3.813,0
4459503,K05062.01,260.31119904,314.5841346,3.23,0
4464689,K05063.01,574.37064,391.2165,11.89,0
4469825,K05064.01,253.87706,197.0254,11.18,0
4470888,K05065.01,523.36921,185.174,1.007,0
5623839,K05186.01,80.292171,145.8825,1.936,0
5650420,K05187.01,1.049406508,131.80328,3.0072,0
5653152,K05189.01,3.58957045,132.99426,3.418,0
5653163,K05190.01,2.40435325,133.2257,6.825,0
5685113,K05191.01,37.078668,142.0615,4.403,0
5698524,K05193.01,228.196872,323.9146,3.525,0
6784887,K05328.01,44.714450094,135.3418468,5.7615,0
6864891,K05330.01,40.8801539,163.3624,5.472,0
7891264,K07855.01,25.166806,150.271,2.111,0
6880123,K05334.01,323.972022,260.24288,1.25,0
6891512,K05335.01,1.752562808,132.7222455,6.1245,0
2569516,K04945.01,45.5827119,138.6761,3.193,0
2570432,K04946.01,1.89140138,132.6124,9.52,0
2574543,K04947.01,6.70258007,134.37408,4.632,0
2578811,K04948.01,6.2095391,135.2715,2.752,0
7897936,K07856.01,363.17077,401.1646,28.26,0
2582800,K04949.01,615.16033,226.4594,3.958,0
2707916,K04950.01,1.89124738,132.6891,4.697,0
2708270,K04951.01,1.89125883,132.687,4.656,0
4540508,K05069.01,362.1273,302.6897,6.719,0
4565943,K05070.01,353.36705,412.2698,3.279,0
4570555,K05072.01,4.750256809,134.63889,1.9278,0
4586482,K05073.01,623.005238,201.386299,23.5615,0
4647949,K05074.01,45.41810604,166.3910358,5.3,0
4678873,K05075.01,1.878877205,133.074035,5.8768,0
4732015,K05076.01,0.938857507,132.206796,3.98767,0
5709014,K05194.01,287.46579664,242.2768409,9.06,0
5732636,K05195.01,32.245486,158.2607,13.86,0
5779606,K05197.01,142.20400109,140.9358759,3.0,0
5780194,K05198.01,149.237142,168.1563,2.503,0
5781991,K05199.01,501.51698,449.5543,3.809,0
5784803,K05200.01,357.77096,309.1578,12.999,0
5791713,K05201.01,531.33282,295.2843,3.702,0
6681473,K05312.01,396.048721,471.22802,16.376,0
6688318,K05313.01,326.370361,190.3324,4.526,0
6690523,K05314.01,148.666527,156.8241,4.353,0
6692742,K05315.01,163.104677,140.3163,2.129,0
6695801,K05316.01,1.10656965,132.3665,1.669,0
6699562,K05317.01,46.270524872,173.6558757,8.93033,0
6707260,K05318.01,13.4256161,144.7838,11.781,0
6718474,K05319.01,590.44065,199.918,7.55,0
2710101,K04952.01,28.88008607,144.4386895,1.35,0
2711123,K04953.01,2.858879267,134.17606,2.3753,0
2833632,K04954.01,241.647602,325.21488,1.742,0
2836076,K04955.01,528.07962334,466.1720499,3.49,0
2850321,K04956.01,25.2218929,143.6316,14.84,0
2861126,K04957.01,105.52127462,145.4682374,2.52,0
2987433,K04959.01,420.92920358,196.685958,17.3985,0
4732137,K05077.01,393.946106,334.4022,6.012,0
4736439,K05078.01,194.896925,252.0208,2.504,0
4740375,K05080.01,471.95076253,172.3928906,5.03,0
4741777,K05081.01,101.928291,182.2662,2.171,0
4750406,K05082.01,379.63135,245.0035,16.78,0
4760478,K05084.01,287.377314,348.83318,18.821,1
5794687,K05203.01,367.72767,265.14033,3.104,0
5817712,K05204.01,4.20601251,132.2794,6.82,0
5858519,K05206.01,4.18236124,134.053289,6.70175,0
5869272,K05208.01,186.59466,317.713,16.57,0
5905728,K05209.01,7.87173698,132.35405,2.619,0
6762188,K05323.01,7.155547398,133.998101,4.5711,0
6766583,K05325.01,63.024229,188.2057,5.77,0
6767337,K05326.01,506.771836,158.7498,10.535,0
3003673,K04962.01,57.1143966,166.4525,2.182,0
3117115,K04964.01,485.91276,213.3906,2.42,0
3120397,K04965.01,20.5311708,136.4829,5.67,0
3222680,K04966.01,2.31164074,132.12133,2.317,0
4769799,K05086.01,21.92866538,135.528574,9.7526,0
4814168,K05089.01,545.54618,406.0538,6.944,0
4815612,K05090.01,1.928420823,131.58805,3.8253,0
4819158,K05091.01,328.84846,385.9456,5.45,0
5942112,K05210.01,125.95781975,134.667118,8.63,0
5949765,K05212.01,426.34444,464.9081,14.139,0
5956038,K05214.01,256.846143,331.8595,6.289,0
5963591,K05215.01,146.931518,190.4351,23.78,0
6947062,K05338.01,309.19347,318.487,23.51,0
6948815,K05339.01,1.541530919,131.98454,4.8691,0
6952570,K05340.01,122.713036,135.2952,3.999,0
7011044,K05342.01,25.50236699,141.3438916,1.8,0
7013635,K05343.01,290.625016,349.7098,4.411,0
3240049,K04968.01,2.945414866,133.95496,2.702,0
3245638,K04970.01,232.822285,253.934,0.99,0
3329985,K04971.01,146.355097,226.299,5.034,0
3341760,K04973.01,0.523493764,131.6968,0.9015,0
3341982,K04974.01,514.14221,439.365,4.153,0
4840327,K05093.01,26.737139497,146.8472356,4.68919,0
4843751,K05094.01,310.61299,267.0451,2.562,0
4856592,K05095.01,461.1417,388.34717,3.875,0
4863260,K05096.01,0.987069622,131.9133173,1.0092,0
4902673,K05097.01,329.71491,347.1667,12.11,0
4914399,K05100.01,1.23708565,132.7235,5.743,0
5967194,K05217.01,498.24938,313.7462,8.73,0
5980354,K05218.01,1.573020098,132.28063,15.574,0
5986270,K05220.01,1.534679933,132.331163,1.7237,0
5989391,K05221.01,71.59889,135.431,10.53,0
3428359,K04979.01,77.66967809,151.0243323,3.01,0
3439031,K04980.01,2.976012511,132.9704424,6.52033,0
3449540,K04982.01,1.606003121,132.4945147,4.88602,0
3449870,K04983.01,61.438007,136.9729,3.861,0
4917357,K05102.01,147.863607,259.53,1.948,0
4917658,K05103.01,586.91711807,275.4739232,5.32,0
4927738,K05105.01,19.545185,147.733,1.597,0
4937140,K05106.01,215.044269,225.6177,3.517,0
4945035,K05108.01,1.174683069,131.835254,2.5167,0
6033602,K05225.01,33.2948005,141.5302,2.997,0
6047853,K05232.01,476.39752,227.0486,12.13,0
3459529,K04984.01,231.364508,299.729,4.747,0
3532510,K04985.01,106.779168,146.11456,1.905,0
3542117,K04987.01,12.5748872,143.1278,3.549,0
3542928,K04988.01,484.172005,545.2208,4.566,0
3545749,K04989.01,277.77499,351.829,7.07,0
3546821,K04990.01,561.08191,133.5178,14.94,0
4946581,K05109.01,28.615014,147.7816,24.74,0
4996558,K05111.01,3.017155419,133.68607,13.3898,0
5006817,K05112.01,94.818136,186.3262,83.31,0
5008775,K05113.01,52.6727624,178.5395,3.039,0
5015027,K05114.01,34.4886903,137.00685,1.22,0
5016163,K05115.01,2.6228301,131.8572135,7.29719,0
5024476,K05116.01,222.068928,290.58724,1.938,0
6058896,K05233.01,0.56493398,131.787277,2.4385,0
6062298,K05234.01,246.12174,301.8089,18.0,0
6065010,K05235.01,159.05846,209.213,10.08,0
6116605,K05238.01,419.21314,164.0745,6.385,0
6118840,K05239.01,350.98474,164.2084,14.49,0
6129632,K05240.01,298.4688,303.902,3.748,0
3554819,K04993.01,43.22793081,144.4486525,1.39,0
3555178,K04994.01,528.10984,155.1493,18.01,0
3632330,K04995.01,63.12379762,147.195046,1.87,0
3641216,K04996.01,358.54455552,376.8056254,11.46,0
3644399,K04997.01,119.669671,176.1667,20.67,0
3644649,K04998.01,598.31791,295.9314,16.07,0
5032842,K05118.01,18.40783671,139.3507372,1.55,0
5037742,K05120.01,250.4858,183.25,12.72,0
5039053,K05121.01,401.38712,328.5916,32.21,0
5080565,K05122.01,49.312677,162.638,4.057,0
5091808,K05123.01,288.94276,193.4457,11.43,0
6139220,K05241.01,273.6857427,350.85157,8.3881,0
6143819,K05242.01,28.1117095,138.30651,1.689,0
6145939,K05243.01,17.745456135,137.697754,4.0678,0
6149980,K05244.01,603.3102,151.0618,8.025,0
6184894,K05245.01,7.20281185,135.19499,2.8305,1
6195792,K05246.01,36.4772788,137.1924,2.092,0
3646515,K05000.01,249.61377295,201.4461838,3.2,0
3730176,K05002.01,399.49671,368.4202,5.351,0
3755522,K05005.01,251.958533,367.3803,4.742,0
5105886,K05125.01,389.169027,388.2063,3.759,0
5113146,K05127.01,18.78970984,143.82465,4.13997,0
5130563,K05128.01,0.915782856,132.27591,2.24,0
5131276,K05129.01,0.66882716,131.8692,1.069,0
5174677,K05131.01,43.5428781,150.4229,3.6768,0
6205384,K05250.01,3.72273683,134.6473,8.552,0
6205405,K05251.01,3.7229369,134.6174,10.57,0
6206470,K05252.01,1.80455062,132.4262,2.166,0
6263468,K05253.01,10.1955065,140.26643,2.447,0
6277594,K05255.01,3.66115536,133.7708,14.807,0
9002278,K00701.04,267.282521,589.71975,7.788,1
6026438,K02045.03,16.9348104,137.2502,3.408,1
3763724,K05008.01,225.43420422,210.1832295,13.02,0
3836450,K05010.01,1.540399732,131.99296,1.63,0
3836509,K05011.01,1.540389045,131.99987,1.8325,0
3836522,K05012.01,1.540393027,131.998449,1.75,0
3846515,K05013.01,0.888045184,131.84685,2.1961,0
5179609,K05132.01,43.9311596,134.214029,12.9395,0
5181086,K05133.01,494.62409,242.5567,8.36,0
5192660,K05136.01,110.75214125,174.9520694,2.09,0
5193813,K05137.01,121.1825045,213.3594926,2.97,0
5199426,K05138.01,78.60436061,143.9949276,4.65559,0
5211631,K05139.01,294.202469,221.2782,2.36,0
6281127,K05256.01,588.10504,289.5538,15.474,0
6285906,K05257.01,116.170346,205.5026,2.656,0
6287131,K05258.01,452.30053,261.1684,5.918,0
6289459,K05259.01,39.5931053,141.0746,2.306,0
6289897,K05260.01,1.55935718,132.54264,2.892,0
6290467,K05261.01,100.629443,189.6247,1.708,0
6342980,K05263.01,273.169948,309.84052,2.701,0
8753896,K02473.03,14.5123622,143.8154,4.163,1
4150611,K03156.02,1.434200327,132.0647,5.968,0
4150611,K03156.03,8.653098686,136.657941,3.9071,0
4909707,K03175.01,2.302365255,132.4231,23.88,0
7919516,K07857.01,0.575445783,132.0648853,0.8463,0
6850665,K03244.01,214.715417,275.49823,34.146,0
4948730,K03272.01,23.0295222,151.14686,7.96,0
3848665,K05014.01,359.04147,274.206,14.04,0
3848919,K05015.01,0.52363021,131.7669254,3.45121,0
3848948,K05016.01,0.523632451,131.76512,1.99,0
3852865,K05017.01,492.25299,520.86,5.077,0
3854101,K05018.01,293.5056071,328.7269,3.4075,0
3858926,K05019.01,25.95247,149.0004,12.945,0
3859890,K05020.01,4.34573349,134.40693,2.246,0
5213005,K05140.01,484.58335927,569.5386194,3.2,0
5213811,K05141.01,288.285213,325.0419,5.343,0
5260419,K05143.01,19.93826636,145.9495067,1.77,0
5262539,K05144.01,491.08027,202.7762,7.42,0
5263802,K05145.01,3.350209754,131.838052,4.43333,0
5265982,K05146.01,628.592314,270.9081,3.603,0
5271637,K05147.01,471.37787,365.397,16.91,0
6347434,K05265.01,425.22927,268.3096,6.76,0
6363560,K05270.01,606.91488768,132.3897061,5.96,0
6364064,K05271.01,5.24331899,132.7859,11.137,0
11177676,K03281.01,47.0320478,175.473,5.892,1
4936990,K03290.01,10.31453308,132.53723,3.6641,0
7130418,K03317.01,15.52861675,145.70184,2.131,0
12208887,K03333.01,53.501860974,132.211255,5.25334,0
10711551,K03359.01,10.692230094,139.953907,5.46939,0
7919867,K07858.01,1.60375114,132.16816,1.498,0
11081512,K03364.01,15.7397651,132.7942,3.297,0
3867593,K05023.01,73.3377984,136.58646,9.029,0
3941219,K05024.01,282.159571,259.9132,5.069,0
3953106,K05025.01,6.58729511,133.3652,8.3582,0
3953212,K05026.01,459.23193,192.7716,17.722,0
3962728,K05028.01,25.9493253,155.024,12.17,0
3965326,K05029.01,212.76701,167.485,12.8,0
9265521,K05646.01,386.62189,319.129,17.72,0
9268456,K05647.01,84.644104,132.5301,48.182,0
9271739,K05648.01,575.95408,188.4547,8.618,0
9274431,K05650.01,117.844963,229.8693,1.951,0
10189542,K05773.01,24.614775,142.51094,2.395,0
10191056,K05774.01,1.21374744,131.7423095,5.79293,0
10201891,K05777.01,372.30881,379.1454,3.874,0
10208477,K05778.01,454.244158,494.92901,3.399,0
10222603,K05779.01,112.48226,177.56967,1.923,0
7581535,K05400.01,218.56734012,246.0741577,2.38,0
7592339,K05401.01,229.948531,339.4719,1.813,0
7598326,K05402.01,403.5637828,424.8697825,3.64,0
7599004,K05403.01,2.41172358,133.8617,2.6311,0
7618231,K05404.01,92.9314146,147.8009148,2.35,0
7619667,K05405.01,103.22293786,145.1458222,2.63,0
8507073,K05527.01,209.06299275,300.828345,10.0389,0
8509781,K05529.01,70.335879746,198.9473258,4.65625,0
8510197,K05530.01,591.37382,333.48076,4.35,0
8516349,K05531.01,559.28332,228.2959,4.245,0
8542879,K05534.01,136.355967,157.0974,3.17,0
9306677,K05655.01,532.9307,285.017,3.89,0
9357578,K05658.01,171.69799,221.34517,2.904,0
9362842,K05659.01,444.89411,240.274,7.937,0
9368524,K05661.01,229.86928,265.1432,12.91,0
10227881,K05780.01,5.14108479,134.9699,25.93,0
10266852,K05781.01,179.27230765,149.1729837,2.21,0
10292000,K05783.01,200.83849979,268.6842367,2.37,0
10319341,K05784.01,40.1043796,158.8392,3.471,0
10320341,K05786.01,30.114681501,158.5292451,5.68713,0
7658229,K05409.01,36.1826854,144.69811,4.2546,0
7674050,K05412.01,472.2265706,363.713605,4.8732,0
7700561,K05414.01,1.507099289,132.09341,4.8361,0
8546464,K05535.01,253.652263,230.25666,3.85,0
8547366,K05537.01,128.66825288,142.6652144,2.67,0
8547525,K05538.01,485.57785,327.5177,6.67,0
8548403,K05540.01,643.4528,204.0423,9.346,0
8552607,K05542.01,1.061934307,131.72622,3.211,0
9390655,K05662.01,9.5497037,137.5008,1.881,0
9394762,K05664.01,77.138911,166.5847,7.229,0
9402670,K05667.01,0.536551592,132.02205,4.89,0
9402859,K05668.01,68.54443156,161.4962975,2.05,0
9407689,K05669.01,130.110715,165.4972,2.227,0
10356840,K05788.01,242.484764,367.222,6.451,0
10399137,K05791.01,385.593209,393.8276,2.799,0
10416390,K05792.01,215.737826,330.88376,7.257,0
10419108,K05793.01,507.48249,251.1107,8.19,0
7701809,K05415.01,30.2111162,160.3175,4.202,0
7731281,K05416.01,76.377855,146.3485,4.809,1
7743464,K05417.01,55.249007325,164.9788729,5.15147,0
7747197,K05419.01,22.52907,142.2496,1.373,0
7750342,K05420.01,66.247851,162.2694,4.04,0
7751133,K05421.01,370.91308,261.1884,17.655,0
8560475,K05543.01,7.41505161,133.31055,2.061,0
8561192,K05544.01,2.742590902,132.6997,10.4143,0
8575061,K05548.01,216.453511,299.1452,3.321,0
8612291,K05549.01,37.0488669,142.0283185,2.48,0
9412267,K05670.01,542.16158927,428.8111364,8.77,0
9418508,K05672.01,11.0153889,140.6804,2.666,0
9449320,K05673.01,28.34230575,141.4055394,1.65,0
9451521,K05674.01,231.521608,341.06653,2.819,0
9455322,K05675.01,180.890384,162.9617,1.901,0
9455526,K05676.01,60.0546149,181.8867,3.435,0
10480952,K05797.01,2.037453129,131.5522356,5.43155,0
10547378,K05802.01,35.164087,147.7597,86.05,0
10548411,K05803.01,107.11003503,148.1046554,2.12,0
7762717,K05424.01,462.26052152,185.8488415,4.05,0
7800285,K05427.01,0.533000886,131.735703,1.54684,0
7804128,K05428.01,200.35091012,170.6693855,3.78,0
7809049,K05429.01,114.32859485,153.6678346,2.64,0
7811057,K05430.01,99.97889,186.4888,8.76,0
8622875,K05551.01,374.71687,505.6954,52.986,0
8655076,K05555.01,42.070868,161.03377,1.293,0
8671707,K05557.01,401.73243,393.61848,1.535,0
8676061,K05558.01,428.1186,243.23,6.56,0
9457533,K05678.01,37.3683802,135.1439,2.8,0
9463329,K05679.01,615.81928,261.7343,14.93,0
9474485,K05683.01,0.512581525,131.781117,2.54719,0
10551346,K05804.01,1.42796645,132.604851,12.8653,0
10556891,K05808.01,70.61977122,139.6638405,2.09,0
10579570,K05809.01,216.10910854,150.9246541,3.95,0
10591578,K05811.01,44.51439331,172.4645281,1.55,0
7819520,K05432.01,230.80401566,231.8142184,3.57,0
7837526,K05436.01,28.297207229,137.2347229,3.94247,0
7884986,K05438.01,412.227551,380.0972,4.303,0
8677186,K05559.01,586.63177,227.5013,7.299,0
8678345,K05560.01,364.95068,183.717,0.636,0
8682751,K05561.01,44.36123319,145.3581805,2.49,0
8715564,K05562.01,438.00974,358.2924,11.46,0
8718273,K05564.01,3.479508244,133.389072,3.9097,0
8737343,K05565.01,406.29695,404.6352,5.32,0
9489348,K05686.01,3.34465934,134.7267,10.796,0
9517242,K05687.01,513.14417,359.6183,14.13,0
9543302,K05691.01,13.0366377,138.22895,3.184,0
10799291,K05828.01,270.98477,279.048,6.718,0
10817600,K05832.01,2.74703312,131.79105,2.655,0
7885558,K05439.01,0.864651455,131.69239,3.461,0
7900450,K05441.01,25.4805211,145.4404,10.701,0
7900695,K05442.01,512.11636,403.34,9.557,0
7900727,K05443.01,348.61891,227.3466,3.567,0
7902719,K05444.01,368.70839,232.613,6.08,0
7916058,K05445.01,7.1091096,133.4379,10.67,0
8742270,K05567.01,397.3958488,374.57082,6.1014,0
8745553,K05568.01,62.134919,154.0853,8.711,1
8747222,K05569.01,1.667482003,133.17729,1.5931,0
8766285,K05571.01,5.29730786,135.55681,4.02,0
8812360,K05573.01,77.395279,165.805,5.26,0
9579072,K05693.01,612.882452,274.9048,2.024,0
9591728,K05695.01,11.03571773,137.28413,5.62958,0
9594184,K05696.01,42.093314,141.1113,4.649,0
9594992,K05697.01,274.10859251,182.1603339,6.59,0
9598315,K05699.01,339.18109,415.078,5.34,0
9602595,K05700.01,3.55650976,133.5221921,12.7364,0
10616317,K05813.01,38.27772448,157.8294108,1.73,0
10616656,K05814.01,25.285232337,135.9662009,4.76313,0
10661679,K05818.01,1.23138339,131.7865,3.943,0
7935997,K05447.01,322.55663046,321.7790604,3.74,0
7938499,K05448.01,7.2269859,136.1514,14.241,0
7941635,K05449.01,0.762724045,131.650802,1.98818,0
7948619,K05450.01,206.76425774,325.9501578,2.57,0
7967210,K05452.01,362.49906,404.3391,12.17,0
7970194,K05453.01,190.65896,164.9278,35.472,0
7978202,K05454.01,509.997402,276.73122,8.481,1
8823893,K05575.01,1.50650036,132.9895,2.762,0
8836224,K05576.01,194.48732212,155.0535312,3.6,0
8891684,K05581.01,374.878133,491.064,10.556,1
8904714,K05582.01,5.2362026,133.7395,3.148,0
9645188,K05701.01,48.55059299,148.6714009,1.79,0
9662475,K05703.01,247.372131,277.35008,3.271,0
9705620,K05705.01,95.254421,181.4574,3.379,0
9715631,K05706.01,425.483539,149.0438,17.856,1
9724993,K05708.01,7.863361238,131.685485,3.42771,0
10677763,K05820.01,120.16983803,222.0869054,3.19,0
10724569,K05823.01,0.745086745,131.82655,4.29,0
10734441,K05824.01,247.47724314,195.2104849,7.6,0
10777591,K05827.01,6.10968225,133.80253,5.735,1
7982917,K05456.01,11.8045536,141.8433,3.195,0
8016211,K05460.01,3.1748772,133.7621,7.089,0
8025718,K05462.01,371.18648,260.7045,19.929,0
8935352,K05584.01,10.90962154,135.36692,17.8024,0
8939211,K05586.01,27.0779813,135.6789,138.54,0
8939650,K05587.01,1.827660875,132.821298,3.986,0
8949512,K05589.01,376.554588,247.6177,3.182,0
8955741,K05590.01,538.4263,154.9034,12.751,0
9758615,K05709.01,94.20561159,169.2951411,6.62,0
9771920,K05710.01,378.70643955,470.6725521,14.66,0
9775475,K05711.01,78.4286313,169.312404,3.7368,0
9780149,K05713.01,2.53021,132.0918,21.79,0
9786017,K05714.01,2.249000963,132.651415,9.6022,0
9837659,K05716.01,121.62387378,207.4934505,2.73,0
10879247,K05838.01,432.074696,481.2681,4.763,0
10905641,K05840.01,460.77905,533.8441,15.541,0
10920086,K05841.01,3.21318517,132.044475,15.47,0
10958972,K05843.01,331.78248134,431.8146374,4.94,0
8029848,K05463.01,1.20608769,132.0861,2.2272,0
8035322,K05464.01,613.82905,263.471,18.18,0
8036863,K05465.01,476.80454,158.1644,10.65,0
8037038,K05466.01,4.09513876,131.67784,2.462,1
8043968,K05469.01,0.779615874,131.68006,3.932,0
8975776,K05593.01,224.469892,230.1638,2.952,0
8979500,K05594.01,113.556471,186.2321,2.383,0
9003126,K05595.01,208.02789,324.5074,10.82,0
9008125,K05596.01,308.024953,159.18628,2.665,0
9838414,K05717.01,1.33261458,132.0098,5.161,0
9845362,K05720.01,105.895315,231.4441,2.581,0
9845931,K05721.01,61.224558,181.701,4.103,0
9847239,K05722.01,28.507877538,132.793009,3.13331,0
9848760,K05723.01,444.46522,389.693,0.767,0
9850843,K05724.01,8.48039,135.853,6.134,0
7019580,K05345.01,72.0153825,168.8166,2.548,0
7022603,K05346.01,21.12752693,142.67722,2.253,0
7024045,K05347.01,23.9341825,145.76028,1.607,0
7035812,K05348.01,87.775799,183.4282,1.862,0
7038988,K05349.01,65.67350728,189.2618327,2.73,0
7041972,K05350.01,222.06409878,339.0218658,2.89,0
7047299,K05351.01,35.882272887,165.5325652,3.95004,0
8075618,K05471.01,8.780603773,137.923785,3.16989,0
8105398,K05475.01,224.150923,341.02756,12.455,1
8106139,K05477.01,551.49832,387.3411,40.92,0
8108437,K05478.01,351.2878737,207.294303,11.2066,0
9016592,K05599.01,46.50446209,142.7268259,1.37,0
9024568,K05601.01,124.091252,135.5509,2.172,0
9875101,K05726.01,212.771978,328.1461,2.115,0
9896438,K05728.01,18.0766788,146.25271,3.06,0
9899514,K05729.01,1.33255577,132.0672,4.282,0
9899607,K05730.01,1.33259275,132.01197,4.014,0
9908486,K05731.01,36.6092739,138.77398,1.835,0
7107567,K05353.01,0.812592362,131.55642,1.5646,0
7109680,K05354.01,81.871309,169.94965,1.606,0
7115671,K05355.01,0.566805859,131.80997,3.835,0
7123580,K05356.01,326.36595188,253.1342058,3.75,0
7123614,K05357.01,520.58269,221.425,2.264,0
8155368,K05481.01,0.718643659,131.889141,2.51246,0
8179747,K05483.01,17.946328114,136.9472719,8.15905,0
8192427,K05484.01,204.818268,209.59041,1.93,0
9049550,K05606.01,23.81490574,135.92167,1.9948,0
9049697,K05607.01,1.3274511,131.59052,3.465,0
9087071,K05611.01,209.238576,321.1236,2.245,0
9911112,K05733.01,1.166835206,131.912321,2.17596,0
9933600,K05734.01,230.70578883,260.3639847,2.69,0
9934274,K05735.01,4.99471597,136.1833,3.44,0
9941387,K05738.01,27.659607786,141.2478883,4.16321,0
9941550,K05739.01,476.727302,496.4298,9.327,0
7138841,K05361.01,22.0495604,133.82677,3.428,0
7174911,K05362.01,150.70039392,278.5397643,2.82,0
7176424,K05363.01,44.48477463,142.9633835,1.67,0
7184556,K05364.01,93.6452481,157.28348,2.12,0
7189825,K05366.01,574.69029,392.483,4.269,0
8223655,K05488.01,280.1604956,286.93817,2.8637,0
8229361,K05489.01,370.46262,261.4078,9.541,0
8234889,K05490.01,116.301793,168.3304,2.253,0
8241258,K05491.01,480.19416,257.1738,10.76,0
8241736,K05492.01,368.49828,233.4248,14.903,0
8242350,K05493.01,6.993576155,131.988507,21.2695,0
8244947,K05494.01,223.52131732,185.1827031,3.27,0
9101279,K05614.01,1.811461128,132.9324534,8.42343,0
9108058,K05615.01,2.17491508,131.93954,8.4418,0
9116075,K05617.01,24.5002702,154.6193,4.079,0
9117123,K05619.01,2.16402661,133.5762679,2.78,0
9118858,K05620.01,392.89275632,436.2879702,4.93,0
9137257,K05621.01,114.734287,231.5017,3.724,0
9954225,K05742.01,1.340649911,132.05521,5.0912,0
9957659,K05743.01,30.69537638,155.71927,5.6634,0
9957668,K05744.01,30.69533113,155.7207691,5.94855,0
9967398,K05746.01,49.873958,167.55502,1.351,0
7192680,K05368.01,114.25041494,235.8523992,2.11,0
7203858,K05370.01,407.97623,378.6999,14.69,0
7207081,K05374.01,239.25578975,133.1367334,5.21,0
8255058,K05495.01,6.279888981,135.296067,5.5086,0
8265239,K05496.01,37.47695717,150.6694873,1.46,0
8288404,K05498.01,519.80221867,462.625278,14.9678,0
8300828,K05501.01,48.9200563,163.9628,2.295,0
9141355,K05622.01,469.61309,422.5089,13.709,1
9142225,K05623.01,583.73632,174.6085,15.75,0
9142334,K05624.01,502.658,174.6294,19.51,0
9153246,K05627.01,243.954706,221.2717,2.562,0
10002266,K05750.01,12.71368909,136.9328,1.875,0
10004515,K05751.01,25.26363805,139.3088062,2.72,0
10004772,K05752.01,1.391716834,132.09937,1.421,0
10006096,K05753.01,70.516233809,142.8575773,4.09296,0
10007492,K05754.01,2.645596805,133.705953,2.9095,0
10018364,K05756.01,105.6327297,229.1273427,2.73,0
7255910,K05376.01,274.553579,158.0863,5.95,0
7256460,K05377.01,251.02304011,194.2011858,3.11,0
7258902,K05378.01,1.80774253,132.9483,2.637,0
7345136,K05381.01,28.7369766,153.842,1.586,0
7352727,K05382.01,2.45649061,133.21452,2.844,0
7375100,K05383.01,98.51783198,173.7083904,1.65,0
8308639,K05503.01,457.513348,138.6556,5.763,0
8313697,K05504.01,224.02589924,335.8214821,2.93,0
8351919,K05505.01,323.77153,191.0744,17.57,0
8352016,K05507.01,40.0389613,156.35794,1.711,0
8364969,K05508.01,22.571972634,145.0344991,4.00349,0
8380743,K05510.01,1.018861199,132.07252,6.5005,0
9159461,K05630.01,80.519237,164.0077,4.044,0
9164003,K05631.01,149.356804,278.1387,15.415,0
9178502,K05634.01,50.47759052,141.7787075,2.02,0
9180282,K05636.01,2.79123954,131.94858,2.843,0
9181402,K05637.01,223.31769215,233.6828323,3.54,0
10023469,K05757.01,44.637111,157.2998,5.868,0
10074700,K05760.01,365.620697,238.984,32.263,0
10096697,K05763.01,191.272501,293.2441,3.064,0
7386200,K05386.01,575.42002,369.5923,17.22,0
7456380,K05391.01,368.72715,434.378,5.06,0
8414914,K05513.01,100.303613,176.75827,10.578,0
8432034,K05516.01,0.83620025,131.91663,3.7127,0
9216231,K05641.01,616.34132,154.168,12.724,0
10130646,K05765.01,390.40832,265.436,7.916,0
10132552,K05766.01,191.528018,260.9129,2.342,0
10132908,K05767.01,386.59946,221.2945,3.305,0
10141271,K05768.01,15.4032765,137.9906,3.246,0
10158715,K05770.01,61.0011095,144.84614,1.049,0
10161534,K05771.01,198.232389,294.73515,1.919,0
7458433,K05392.01,0.66062715,131.8646,4.56,0
7468295,K05394.01,456.5734,228.3838,5.465,0
7516073,K05395.01,601.13797,226.686,15.26,0
7538450,K05396.01,344.06248,451.4323,15.6,0
7539174,K05397.01,39.94344731,170.5021796,1.71,0
7550875,K05399.01,466.90824,136.3731,2.64,0
8442463,K05519.01,361.30991,469.7513,12.968,0
8474892,K05520.01,199.4424134,240.8521,7.2533,0
8480642,K05521.01,31.59115876,162.501885,2.6431,0
8482513,K05522.01,356.99135,235.7367,17.03,0
8487777,K05523.01,96.120478,166.9531,1.125,0
8495232,K05524.01,9.63647672,134.93429,2.999,0
8499922,K05525.01,45.680876,142.3574,2.293,0
8505674,K05526.01,43.169798,159.086,9.686,0
11465869,K05904.01,322.544807,267.9262,11.236,0
11506938,K05906.01,22.57494749,149.09617,36.756,0
11513441,K05908.01,85.5692223,188.06607,4.954,0
11599800,K05914.01,422.255426,160.6562,4.974,0
11603298,K05920.01,471.39698,247.0802,10.714,0
11654039,K05927.01,436.42852,452.2705,13.8,0
11924426,K05944.01,64.713168094,171.3677102,5.69869,0
11968514,K05947.01,1.036592136,132.089545,2.296,0
12156805,K05957.01,371.54879,183.5693,9.841,0
12165063,K05958.01,226.499243,131.6622,1.328,0
12257851,K05962.01,2.61594288,132.415,6.45,0
12265150,K05963.01,1.686009643,133.060575,1.1818,0
10964747,K05844.01,344.961485,208.2266,3.023,0
12405436,K05969.01,163.820347,232.6163,1.331,0
12417572,K05970.01,151.577009,194.7958,2.59,0
11037818,K05856.01,259.34304,165.6794,16.04,1
11046870,K05858.01,8.34410791,136.54528,1.606,0
12645262,K05975.01,545.45623972,131.6984103,5.91,0
12645761,K05976.01,2.709570339,134.084891,5.57527,0
12736658,K05980.01,0.855294909,131.6579596,2.89112,0
12835139,K05981.01,350.609298,163.1091,1.621,0
11073238,K05861.01,452.40428,189.0844,17.2,0
11076176,K05862.01,0.699985822,131.840533,3.02633,0
11090561,K05865.01,35.8726918,131.5668,4.402,0
11176166,K05875.01,9.8788502,134.3829,2.951,1
11199233,K05880.01,386.22400908,506.1610851,4.93,0
11338918,K05884.01,588.63759,246.525,3.84,0
11341314,K05887.01,9.8338474,132.5363,14.585,0
11401845,K05894.01,1.080695116,131.86822,7.449,0
8517303,K06181.01,24.0733775,141.13539,19.612,0
10055126,K01608.03,232.040326,262.2531,12.235,1
9285265,K03410.02,61.569765,182.0201,9.75,1
6525209,K03479.02,1.71029474,131.61307,2.946,0
6368175,K03503.02,31.8245304,144.5289,4.17,1
2309587,K05982.01,1.838514245,132.101259,3.2601,0
2445134,K05983.01,8.412008943,139.6485198,5.41096,0
3241344,K05984.01,3.912679136,133.4288498,3.556,0
3347485,K05985.01,7.544804312,137.11963,8.2678,0
2161623,K06094.01,2.283466438,132.34883,7.7999,0
2707097,K06095.01,0.692807507,131.88094,1.49242,0
2719873,K06096.01,17.279290765,135.2741342,5.07591,0
8590780,K06183.01,4.326946311,132.1921929,5.55905,0
8613338,K06184.01,527.29093,209.218,14.305,0
8646141,K06185.01,168.858303,237.5792,12.964,0
8653134,K06186.01,5.34264143,134.38122,2.453,1
8702921,K06187.01,19.38444245,137.214882,20.5899,0
8957954,K06189.01,2.179924994,132.1293516,4.87581,0
8984706,K06190.01,10.135401047,132.3238999,5.6831,0
4247807,K03748.02,2.02487934,131.9026,1.621,0
8030339,K03954.02,5.71668787,136.32274,1.97,1
8037145,K00520.04,51.1658019,172.30921,4.637,1
5471059,K03956.02,12.4249559,141.5823,16.332,0
5471675,K04000.02,12.427135,141.4159,12.81,0
3530668,K05986.01,1.946198513,132.314091,4.0336,0
3831911,K05988.01,30.4838006,149.8133,2.6,0
3852258,K05989.01,5.7584367,135.11279,2.587,0
3858919,K05990.01,25.9522913,154.8689,10.977,0
3869326,K05991.01,8.58599537,136.21367,2.4078,0
3971315,K05992.01,9.892240848,136.693856,4.1774,0
2997455,K06098.01,1.129848432,131.789871,2.07578,0
3003991,K06099.01,7.244778994,131.8598491,3.3873,0
3003991,K06099.02,110.1552727,211.5620379,2.04,0
3229028,K06100.01,0.730964241,132.19448,2.483,0
3230787,K06101.01,17.734020239,143.9226707,7.27595,0
9101400,K06192.01,0.829019343,131.46667,4.8401,0
9119652,K06193.01,1.1080999,131.7222,3.3542,0
9145861,K06194.02,215.778765,180.324,3.737,0
7100673,K04032.03,5.99273265,131.75079,2.6502,1
7100673,K04032.04,5.10110666,132.42955,2.657,1
4150496,K04046.02,94.22498,196.1757,22.445,0
6129694,K04131.02,241.0122,263.077,1.19,0
9899315,K04181.02,164.689421,287.2483,1.847,0
4037428,K05993.01,4.264729569,135.198495,2.2075,0
4049124,K05994.01,4.804469712,136.0047256,3.51946,0
4275328,K05995.01,6.150529292,132.522141,4.4562,0
4753561,K05996.01,4.944927575,131.61124,3.4648,0
4912991,K05997.01,4.442517008,133.608114,2.43922,0
5036966,K05998.01,62.7356439,152.22026,10.7925,0
5254230,K05999.01,7.035518449,137.950087,3.5286,0
3634051,K06103.01,453.54212,360.0617,17.026,1
7967517,K07860.01,0.579516759,132.00256,1.342,0
3761319,K06104.01,16.2480865,143.96708,8.232,0
3761319,K06104.02,466.9407,244.7508,30.56,0
3762553,K06105.01,289.788624,370.8039,2.857,0
3965879,K06106.01,55.00402906,134.2268671,6.06,0
4035675,K06107.01,2.873657901,132.5847,2.1054,0
9282687,K06196.01,1.680425996,132.33173,5.4548,0
9289960,K06197.01,0.53345831,132.001459,1.32,0
9291629,K06198.01,20.686460198,133.8900931,37.7424,0
9304842,K06199.01,131.68018,229.6497,14.73,0
9304923,K06200.01,200.762693,308.7451,2.215,0
9343862,K06201.01,1.123258617,132.02671,4.27355,0
5385410,K04323.02,12.4250319,141.4868672,1.4446,0
3645438,K04385.02,386.370512,452.874,11.007,1
5385139,K06000.01,12.4297161,141.2846,15.078,0
5385150,K06001.01,12.4288476,141.2012,16.43,0
5385269,K06002.01,12.4258252,141.5229,21.841,0
8210370,K07872.01,153.725848,284.07258,117.52,0
5385509,K06003.01,12.4257907,141.5345,19.859,0
5385566,K06004.01,12.4253356,141.58,27.49,0
5385773,K06005.01,12.4254201,141.5458,18.56,0
5386163,K06006.01,12.424995,141.5904,20.282,0
5470960,K06007.01,12.4227918,141.7972,27.29,0
4144236,K06109.01,22.913446297,140.6466918,4.11699,0
4144236,K06109.02,10.0046881,136.47719,2.389,0
4150701,K06110.01,8.65315602,136.64735,2.627,0
4285087,K06112.01,2.243015737,133.450825,4.31675,0
4346875,K06113.01,4.694218481,133.780334,4.53365,0
9394605,K06203.01,0.87683182,132.06142,1.96,0
9471755,K06204.01,0.953734449,132.413233,1.7616,0
9479460,K06205.01,2.073873563,132.59754,6.5605,0
9549472,K06206.01,15.713787218,132.0981464,11.3122,0
9576197,K06207.01,7.964440392,136.194674,9.1701,0
8110758,K07866.01,0.518071538,131.92715,1.7865,0
9579860,K06208.01,2.151214629,131.74391,2.226,0
5796186,K00651.02,320.18471858,423.2096375,11.94,0
5471068,K06008.01,12.426469,141.4649,25.71,0
5471192,K06009.01,12.4262889,141.4617,18.764,0
5471217,K06010.01,12.424747,141.6151,25.24,0
5471769,K06011.01,12.4255705,141.5298,28.88,0
5471770,K06012.01,12.426173,141.5013,30.64,0
5556804,K06013.01,12.4244306,141.647,26.15,0
5597970,K06014.01,6.71738328,137.2100078,3.60057,0
4459068,K06114.01,24.955998503,149.094437,2.76331,0
4547480,K06116.01,4.426942241,133.564383,1.6116,0
4740676,K06119.01,3.454241684,131.711253,4.69505,0
9767392,K06211.01,1.457256942,131.60891,6.51381,0
9774400,K06212.01,10.818248422,137.17026,18.2848,0
9839081,K06213.01,2.559236603,132.263863,1.6706,0
9974142,K06214.01,281.35877,390.582,7.74,0
10163066,K06215.01,462.12345,408.2031,8.46,0
8780959,K03741.03,5.1117547,133.76122,3.281,1
8780959,K03741.04,9.6310258,132.7273,5.255,1
7429287,K04260.02,101.889228,213.9353,2.71,0
6592335,K04777.02,48.5023669,168.2091,1.053,0
5951416,K04781.02,524.14139,344.9169,11.603,0
5643492,K06015.01,41.86539723,161.17679,6.663,0
5795648,K06016.01,4.553370029,135.433898,3.2209,0
5961350,K06017.01,5.262652179,135.6269856,2.85554,0
10340423,K00736.03,345.98207283,392.1763832,2.97,0
5979863,K06018.01,16.621853404,133.5526451,3.91517,0
6117415,K06019.01,19.741616041,136.446922,3.07231,0
6128027,K06020.01,5.455766383,136.907217,2.8923,0
6146418,K06021.01,22.44620704,149.1595,7.5491,0
4826439,K06121.01,1.237147407,132.6581514,7.06623,0
4933476,K06122.01,1.28619671,131.87462,1.114,0
4990977,K06123.01,2.649026189,133.379281,2.4698,0
5034333,K06124.01,6.932281325,134.876198,11.0301,0
5039441,K06125.01,2.151384476,133.1088143,3.34471,0
8231299,K07874.01,0.562273947,131.52433,3.1572,0
5121173,K06126.01,17.4352218,143.2261,51.666,0
10219361,K06218.01,117.634213,176.0874,3.82,0
10228942,K06219.01,21.025447023,148.2226428,6.52216,0
10341878,K06220.01,0.933753371,131.50945,4.438,0
10357831,K06221.01,1.72153588,131.7292,1.9227,0
6150977,K06022.01,2.765621941,133.680095,2.3191,0
6182019,K06023.01,3.664964374,134.152879,3.9058,0
6191945,K06024.01,6.8072842,135.5474,1.9477,0
6209347,K06025.01,2.136577151,133.026579,2.4682,0
6268722,K06026.01,2.638432816,133.003946,2.42989,0
6301030,K06027.01,11.991000357,139.598337,6.4648,0
10480982,K00744.02,2.03746414,131.54567,2.895,0
6606934,K06028.01,37.80694072,153.8409531,3.84264,0
5385548,K06128.01,12.42555055,141.5457,28.492,0
5385778,K06129.01,12.42592247,141.54848,31.5,0
5471617,K06131.01,12.4237327,133.9642,18.15,0
5471617,K06131.02,94.38163,171.3362,11.87,0
5629353,K06132.02,7.5844241,137.847,3.918,1
10363233,K06222.01,210.899577,230.1954,2.167,0
10385682,K06223.01,3.103730697,132.8744585,6.93402,0
10414727,K06224.02,253.40538,273.6514,7.43,0
10483644,K06225.01,5.110771787,133.315344,2.48392,0
10601549,K06226.01,1.463773705,132.807589,1.9123,0
10614158,K06227.01,4.46255312,133.64977,14.0957,0
8505215,K00099.02,79.87804945,184.7704412,3.19,0
6614926,K06029.01,3.026764871,133.3279059,4.32532,0
6628237,K06030.01,3.840130917,135.139765,2.8951,0
6694186,K06031.01,5.554227226,135.16203,4.77434,0
6934587,K06032.01,1.570919281,132.47362,3.2232,0
7219906,K06033.01,35.08976902,153.396702,3.9623,0
7257373,K06034.01,5.233450136,133.1261573,8.57374,0
7295570,K06035.01,3.6037011,131.6711,2.994,0
7362852,K06036.01,3.518356021,131.8005089,6.90375,0
5641294,K06133.01,2.6160943,132.5162,21.34,0
5738698,K06134.01,2.404386969,133.2105484,7.40348,0
5768927,K06135.01,4.390513938,132.550761,2.9472,0
5814635,K06136.01,3.86963822,131.6242,2.29,0
5816144,K06137.02,7.384681,132.1721,3.548,0
10717220,K06228.01,21.0907909,133.96316,4.751,1
10728219,K06229.01,3.371796653,134.876289,3.4421,0
10735988,K06230.01,1.927177921,132.571474,2.7742,0
8112324,K07867.01,0.575925434,131.92458,2.4676,0
10971944,K06231.01,496.17566,174.0663,11.63,0
10973583,K06232.01,6.256352128,133.543181,2.3512,0
10989274,K06233.01,16.17803,132.326,5.18,1
11099351,K06234.01,2.37795507,132.557333,2.4329,0
11147460,K06235.01,2.053866175,132.944062,4.8045,0
10662202,K00750.04,36.5521313,165.0716,2.481,0
11607193,K00983.02,5.177577252,132.9009561,2.4777,0
10743597,K00989.04,4.08029328,131.7047,2.8343,0
4247991,K02311.03,104.3519624,190.10261,3.695,1
8042747,K07861.01,469.52303,381.4073,5.487,0
9008737,K02768.03,11.83271013,137.5928634,6.152,0
7373877,K06037.01,32.669962587,159.4801924,3.581,0
7436177,K06038.01,19.93364711,143.94041,8.6122,0
7537945,K06039.01,1.071911311,131.607529,3.8559,0
7624297,K06040.01,18.019651402,148.6673673,5.08572,0
8109692,K07864.01,117.934158,197.8657,9.25,0
7695093,K06041.01,4.032762189,133.3016604,4.14212,0
7749318,K06042.01,2.371589507,132.743293,3.5116,0
7777397,K06043.01,5.09112124,135.17945,2.159,0
5817566,K06138.01,4.206070484,132.248423,10.6988,0
5952403,K06139.01,0.905677864,132.197687,2.2432,0
4150539,K01330.02,94.219289,196.1952,24.312,0
6182093,K06143.01,297.113395,309.1459,4.529,0
9839821,K02012.02,180.921729,234.3344,8.99,1
11252617,K06236.01,4.478116695,132.8719936,3.357,0
8245108,K07876.01,0.579108481,131.7753,1.659,0
11252617,K06236.02,1.27620899,131.6866,2.169,0
11296437,K06237.01,528.50344,209.8264,6.394,0
7830321,K06044.01,2.027383251,131.686117,1.5528,0
7841986,K06045.01,10.73370737,141.11176,7.6706,0
7877820,K06046.01,9.449438672,136.025779,5.5479,0
7914906,K06047.01,8.752913958,138.724933,3.4546,0
8019043,K06048.01,1.985586627,132.9336782,2.53163,0
8023317,K06049.01,16.579028045,146.733098,7.803,0
8126531,K07868.01,513.42784,174.3904,6.278,0
8121067,K06050.01,2.064900876,132.874485,6.8769,0
6197038,K06144.01,9.751720174,138.538319,16.1937,0
6221385,K06145.01,19.672324,134.3013,4.812,1
6221385,K06145.02,32.657035,152.881,5.953,1
6362386,K06146.01,4.592401261,133.139791,4.96038,0
8260269,K07877.01,6.70995253,134.02352,2.297,0
6449358,K06147.01,5.776794344,133.6275034,6.33505,0
6593968,K06148.01,23.19923256,146.6907294,2.09,0
6674908,K06149.01,0.503199724,131.90627,1.117,0
11516930,K06240.01,4.768540307,133.8648842,0.9938,0
11558882,K06241.01,73.91858615,154.696798,6.9735,0
8042835,K07862.01,2.38793696,133.22902,17.302,0
2853780,K02081.02,589.17968,185.0175,10.2,0
11673686,K06243.01,4.618767943,133.386655,6.03,0
8153568,K06051.01,3.60727417,133.77548,14.0841,0
8167938,K06052.01,2.565717939,133.22148,1.7084,0
8167978,K06053.01,22.05274533,151.552457,5.5924,0
8168581,K06054.01,2.881338104,132.909319,3.5943,0
8230809,K06055.01,4.078355243,132.160073,6.4649,0
8364115,K06056.01,7.73590441,137.98785,4.4389,0
8458207,K06057.01,3.530164642,134.77535,4.11466,0
4150624,K01334.02,94.225938,196.1319,22.08,0
6967278,K06152.01,395.07333,244.4858,7.844,0
7108433,K06153.01,1.51918335,131.913532,5.45573,0
7119080,K06154.01,13.59940118,133.0874188,2.52,0
7129465,K06155.01,2.745910734,133.1719105,4.02594,0
7174617,K06156.01,1.608363345,131.58432,2.1988,0
11724210,K06244.01,5.746017234,132.042549,3.6347,0
11867071,K06247.01,3.963787093,135.029951,3.10316,0
11975363,K06248.01,1.759208679,132.6537254,4.60837,0
12207117,K06249.01,1.6031794,131.5678,0.91,0
8580438,K06058.01,6.496031958,135.4687416,5.21924,0
8581232,K06059.01,4.012537983,134.652406,2.0101,0
8655458,K06060.01,1.594162001,132.634679,5.4958,0
8695779,K06061.01,10.238939876,132.722552,3.4851,0
8953059,K06062.01,5.499941387,136.869403,5.1339,0
9048145,K06063.01,8.667826242,137.3415297,5.06514,0
9214712,K06064.01,265.2996227,316.91977,8.8452,0
9214715,K06065.01,265.2999623,316.91821,8.8577,0
7190639,K06157.01,98.1020983,170.33189,1.225,0
7198881,K06158.01,182.467019,215.019,7.607,0
7198881,K06158.02,126.57837267,198.1194352,2.5,0
7422883,K06159.01,11.41437505,142.59649,6.276,0
7464205,K06160.01,151.31847,148.9275,16.45,0
7622059,K06161.01,10.4032399,138.18443,23.85,0
12367464,K06250.01,1.853209359,132.249661,1.7543,0
12470041,K06251.01,14.66769462,139.161736,2.4462,0
8179286,K07869.01,11.4132144,140.11988,2.371,0
2581191,K02203.02,172.178768,139.442,1.19,0
9221398,K06066.01,13.787520532,136.762097,2.55435,0
9411317,K06067.01,8.2904597,132.24956,2.6002,0
9532123,K06069.01,8.214204254,135.01403,4.5905,0
9549471,K06070.01,15.71377375,132.09973,7.464,0
9649222,K06071.01,5.918619554,132.924716,3.94804,0
9664215,K06072.01,3.319523463,131.923046,3.3465,0
7750740,K06162.01,5.874197307,134.3187261,4.26585,0
7779942,K06163.01,19.7959731,135.93667,5.342,0
7835312,K06164.02,209.00055019,149.8223238,2.52,0
7838906,K06165.01,5.614892073,132.842964,3.7294,0
7908367,K06166.01,12.2064304,134.053,2.407,1
7908367,K06166.02,6.6513189,135.289,2.135,1
7940533,K06167.01,3.905532605,133.349361,6.8091,0
4142847,K02210.02,210.631486,300.72292,8.419,1
4665571,K02393.02,0.766691517,132.19667,1.2638,1
6364215,K02404.02,5.2438528,132.6659,10.539,0
7047363,K02432.02,93.6273251,222.5881699,1.92,0
9714358,K06073.01,6.474202359,134.3950738,3.35989,0
9851123,K06074.01,8.4803048,135.85228,7.5348,0
9966115,K06075.01,8.947426242,132.0457395,4.89701,0
10026458,K06076.01,9.93443795,132.87307,8.098,0
10139305,K06077.01,2.173552528,132.3118,1.6107,0
10288922,K06078.01,10.157715971,139.442275,2.9526,0
7974634,K06168.03,404.701927,196.6089,3.981,0
8043882,K06169.01,0.779609509,131.67843,4.013,0
8058507,K06170.01,15.80529628,135.9561178,1.56,0
8095099,K06171.01,2.103239235,132.8681395,7.08365,0
12206313,K02714.03,184.262741,255.2287,11.94,1
10122538,K02926.03,20.9569985,139.07664,3.493,1
10659313,K06079.01,15.249335907,143.662829,3.82224,0
10710755,K06080.01,4.816610903,133.763636,3.82353,0
10727668,K06081.01,2.305903447,131.7928588,3.3828,0
10735519,K06082.01,1.814128042,131.938871,3.0646,0
8197767,K07871.01,1.247121237,132.39461,9.363,0
10935310,K06083.01,4.128795314,132.5796644,2.771,0
11021252,K06084.01,3.269176601,133.257825,2.7233,0
11408935,K06086.01,15.995094054,147.305407,8.45037,0
8181016,K06174.01,0.70914232,132.1761,1.936,0
8197761,K06175.01,9.86869589,138.99584,2.876,0
4840513,K01541.02,66.34455122,153.314206,3.64,0
8265156,K06177.01,0.978362973,132.126,1.206,0
10122538,K02926.04,37.6333868,158.8156,4.49,1
6609270,K03090.02,15.0367776,133.6558,3.042,0
11125797,K03371.02,12.25384348,143.70549,2.373,1
11519226,K06087.01,22.16127178,148.46378,3.699,0
11756821,K06088.01,2.745121487,133.619276,2.9845,0
11769146,K06089.01,282.9656538,193.502758,21.4259,0
11812199,K06090.01,37.32030954,135.426946,6.9616,0
11826400,K06091.01,5.889372452,134.779685,4.94674,0
12010534,K06092.01,2.581595167,132.947414,4.9153,0
7116117,K03163.01,0.566801886,131.8258,5.733,0
7868092,K03169.01,180.71809,222.2962,10.85,0
3337061,K03172.01,6.5583706,133.83031,3.286,0
9826171,K03173.01,434.39148,131.4436,13.02,0
3936658,K03180.01,71.1577054,178.29611,4.85,0
4577484,K03181.01,73.26417,173.8331,5.54,0
4735826,K03184.02,11.3220104,142.7143,5.86,1
5005618,K03186.01,681.9363102,289.0653808,7.94066,0
4663658,K03187.01,0.705891195,131.62062,5.281,0
10467815,K03191.01,377.88909,143.4845,9.259,0
10847721,K03192.01,199.21638,293.6619,9.23,0
10118942,K03195.01,121.70747,229.2617,1.37,0
9471539,K03198.01,273.528359,246.3207,22.346,0
5482603,K03199.01,3.88258905,134.82111,2.741,0
2305819,K03201.01,135.57186,245.3504,9.94,0
10284575,K03210.01,173.06929,221.2582,12.84,0
3342952,K03215.01,1.039046871,131.54272,1.689,0
10338624,K03222.01,0.607538435,131.70989,5.549,0
5307990,K03228.01,0.98762513,131.97212,1.127,0
2142501,K03233.01,113.0707574,171.705,9.03,0
2713018,K03235.01,66.713573,170.075,4.487,0
8413968,K03251.01,135.223193,246.3872,8.989,0
9008103,K03283.01,195.7093855,177.4118,10.78,0
4376629,K03378.01,27.6775212,146.1243,2.513,0
3958301,K03381.01,35.2340413,164.0831,11.874,0
8211605,K03405.01,20.9794338,147.72605,3.762,0
11098573,K03406.01,15.6937855,131.9841,5.149,0
9837586,K03442.01,20.73376301,132.84493,5.8043,0
6021655,K03488.01,63.571688,186.4598,6.01,0
8308682,K03507.01,338.20075,263.5018,15.23,0
11442793,K00351.07,124.922516,129.7295,11.942,1
3344427,K03764.01,1.303570451,146.145985,2.28163,0
6205481,K03774.01,3.72277264,136.51757,15.869,0
4474637,K03829.01,3.886730304,135.0201,16.1723,0
8435232,K03833.01,49.5740154,201.97177,63.196,0
6462874,K01231.02,10.42360821,138.01504,5.404,0
11450414,K01992.03,85.517344,181.351,9.331,1
5217733,K03155.01,161.2529031,189.10446,24.3711,0
4150611,K03156.01,0.761119678,131.68986,1.43,0
4150611,K03156.04,94.212787,196.3636,14.48,0
5716244,K06619.01,1.330333096,132.785555,5.045,0
5725851,K06620.01,1.140133012,132.34077,9.251,0
5731312,K06621.01,7.946367138,135.0947711,2.58667,0
5735878,K06622.01,16.832079803,133.1746947,7.79748,0
5736461,K06623.01,7.346159047,136.8912771,6.5974,0
5737869,K06624.01,26.2402438,151.5242,3.024,0
5771589,K06625.01,10.738427243,139.893962,2.3544,0
6672229,K06754.01,23.832382513,143.2182023,7.06068,0
6676725,K06755.01,1.428766771,132.1908553,3.9753,0
6695622,K06756.01,14.5567427,135.6994,1.421,0
6695889,K06757.01,1.106560721,132.3745985,2.64151,0
6697716,K06758.01,0.721624431,131.859672,2.54242,0
6698670,K06760.01,10.81589054,139.7935811,4.73495,0
7541746,K06886.01,4.1747072,134.604,11.13,0
7584778,K06887.01,0.622303871,132.0916,1.84,0
7588436,K06888.01,23.3924063,139.7612,3.416,0
7597703,K06891.01,4.608901433,133.9949845,8.73393,0
7605600,K06893.01,3.326193904,133.329774,2.08375,0
8312222,K07017.01,12.823275455,136.1765764,5.32062,0
8314801,K07018.01,37.183276326,158.645758,14.0996,0
8316503,K07019.01,5.065329723,134.9819163,4.90392,0
8330575,K07020.01,0.957079167,131.7737065,3.85011,0
8345358,K07021.01,9.380632783,132.5586444,4.295,0
8358008,K07022.01,10.064687893,135.251088,3.59854,0
8364119,K07024.01,7.73591011,137.9876592,5.01919,0
9278021,K07152.01,3.359470825,133.952372,2.14715,0
9284741,K07153.01,20.729255112,134.55034,7.53677,0
9286728,K07154.01,3.04459739,132.4989,7.638,0
9291368,K07155.01,3.796448299,131.37037,11.5917,0
9291368,K07155.02,3.79654367,133.2353,11.4071,0
9291748,K07156.01,15.926990634,144.4526221,11.5142,0
9304561,K07158.01,1.219049953,132.09455,1.477,0
9328852,K07159.01,0.64585177,131.889136,1.97644,0
10091257,K07284.01,1.70192371,131.955498,3.0271,0
10093664,K07285.01,1.20693963,132.63953,6.881,0
10095512,K07286.01,3.008602107,132.923023,4.34296,0
10098534,K07287.01,41.81145,166.5262,2.208,0
10129482,K07288.01,0.846291334,132.1935855,1.79962,0
10155080,K07289.01,1.930451347,131.770748,3.87956,0
10156064,K07290.01,2.427967843,133.598772,4.7847,0
11198723,K07417.01,6.840305932,137.5713643,4.32742,0
11199725,K07418.01,1.032967155,131.92284,1.17,0
11200773,K07419.01,2.489550708,132.044138,2.84685,0
11228612,K07420.01,2.980479588,134.40206,3.72527,0
11232745,K07421.01,4.81712182,133.10276,2.45699,0
11233911,K07422.01,2.479948394,133.643169,5.7219,0
11234677,K07423.01,1.58742695,131.9849807,2.66475,0
11235323,K07424.01,19.668404822,132.523858,21.1764,0
8652360,K04562.02,0.968065631,131.97214,1.772,0
5476671,K04598.02,0.824181335,131.68906,2.4864,0
4919550,K04766.02,2.45261841,133.60879,1.9,0
8094120,K04881.02,0.706423768,132.15228,1.0597,0
3858757,K06369.01,25.9534494,154.8716,6.001,0
3858767,K06370.01,3.49550335,132.0754,3.799,0
3858884,K06371.01,25.95193721,154.881253,15.9897,0
3938073,K06373.01,31.024310431,158.8651537,7.63621,0
3972391,K06374.01,0.634131057,131.78951,2.851,0
3973002,K06376.01,1.992098705,132.891052,4.03833,0
5025217,K06496.01,1.78752921,132.4646,5.315,0
5025234,K06497.01,1.77555333,131.92,14.41,0
5025294,K06498.01,5.462689263,134.26516,3.2605,0
5026187,K06499.01,3.58966681,134.56621,18.534,0
5031804,K06500.01,1.37347867,132.22105,12.62,0
5031882,K06501.01,1.00960235,131.6797,7.847,0
5036516,K06502.01,1.060996585,132.53457,2.6494,0
5036530,K06503.01,2.735152701,133.6322499,0.1046,0
5781192,K06626.01,9.459993213,138.3433458,5.3012,0
5802285,K06627.01,1.208524388,131.985195,1.8478,0
5802470,K06628.01,3.79187443,134.134368,3.5521,0
5807579,K06629.01,17.844323157,133.6947708,5.07999,0
5809372,K06630.01,34.6506368,143.0279,10.287,0
5871918,K06632.01,12.643303542,139.7603975,5.48853,0
5894825,K06633.01,1.36293943,132.7485,10.32,0
8374394,K07883.01,185.103836,296.7426,4.19,0
6706287,K06761.01,1.267693801,132.120397,3.57993,0
6766748,K06764.01,7.002865192,136.013297,5.90232,0
6774408,K06766.01,0.85450941,132.2059,3.723,0
6778289,K06767.01,30.130130001,152.231115,13.4919,0
6781047,K06768.01,7.0435762,136.2789,15.76,0
6781535,K06769.01,9.12208711,138.8352077,4.62417,0
8440062,K07886.01,366.71923,185.6459,9.8,0
7622072,K06894.01,6.373454978,136.899832,3.9377,0
7630658,K06895.01,1.075577069,131.558551,4.11779,0
7631194,K06896.01,0.811390968,131.8759,1.0114,0
7662209,K06897.01,14.6494599,132.1027,2.883,0
7663804,K06898.01,321.00742,301.0957,13.01,0
7668648,K06899.01,27.81892382,158.10282,8.3777,0
7670485,K06900.01,8.467706136,139.412302,4.05376,0
7670617,K06901.01,24.70361995,136.13429,6.9719,0
8367298,K07025.01,5.1348689,134.236,48.69,0
8374499,K07026.01,5.251918489,136.74098,5.59653,0
8378656,K07027.01,3.62944008,134.701164,5.94104,0
8378922,K07028.01,43.263305017,150.3780757,10.0915,0
8379547,K07029.01,6.042029838,132.205367,8.0666,0
8381592,K07030.01,2.892087553,133.201742,3.16757,0
8382339,K07031.01,5.40597608,131.61052,2.79,0
8398290,K07033.01,0.510804497,131.88057,2.539,0
9328864,K07160.01,0.645850521,131.88911,1.2082,0
9334490,K07161.01,18.84497113,149.94759,4.9442,0
9344623,K07163.01,14.759477667,139.7828128,9.7746,0
9353182,K07164.01,10.476258265,136.5282906,7.77203,0
9357275,K07165.01,1.588298157,132.1833032,4.37027,0
9357375,K07166.01,1.58826263,132.19139,2.655,0
9392702,K07167.01,3.909314318,131.8944811,5.36124,0
9394920,K07168.01,1.38385822,132.762,1.0,0
8524110,K07891.01,0.79708975,131.8481,3.301,0
10164018,K07292.01,8.5412411,131.6163,3.654,0
10189523,K07293.01,1.013922622,132.414157,1.6393,0
10198109,K07294.01,17.918743061,146.3929572,4.36387,0
10208759,K07295.01,2.287515702,132.3567704,10.0879,0
10214328,K07296.01,659.2907,254.33,22.106,0
10215422,K07297.01,24.847087207,154.1275658,7.28274,0
10257903,K07298.01,0.85574731,131.8240876,2.01,0
10258558,K07299.01,20.867855659,136.4038679,5.73122,0
11240948,K07425.01,3.401949837,134.6247,16.5797,0
11250867,K07428.01,2.252822538,131.6331462,3.41062,0
11251058,K07429.01,2.25284817,131.6206,3.069,0
11285625,K07431.01,5.39525573,131.542553,7.8377,0
4732015,K05076.02,0.939740093,131.7401,3.682,0
9214712,K06064.02,265.299451,326.26375,4.563,0
9214715,K06065.02,265.310499,326.24511,4.013,0
7838906,K06165.02,35.4261827,161.164,4.393,0
1026032,K06252.01,8.460438928,133.7744903,4.73492,0
3973504,K06377.01,4.318726936,131.605675,2.67349,0
4042088,K06378.01,3.22598684,134.7245837,1.67,0
4055092,K06379.01,76.45315813,133.986308,5.1822,0
4067549,K06380.01,7.698431197,137.868033,5.43677,0
4069063,K06381.01,0.504296702,131.905285,1.4145,0
4069213,K06382.01,5.194256813,134.5723735,7.25775,0
4075064,K06383.01,61.42252657,161.2406686,3.76585,0
4076952,K06385.01,9.761172507,133.7034265,11.4007,0
5036530,K06503.02,1.36513839,132.0907941,1.86,0
5036538,K06504.01,1.061008464,132.5213941,2.8029,0
5038469,K06505.01,1.36840167,131.5320332,4.58,0
5039687,K06506.01,5.8957069,136.3002,56.84,0
5042785,K06507.01,1.67473779,132.7799,5.67,0
5078879,K06508.01,1.039370613,131.62419,1.0713,0
5080346,K06509.01,2.31169425,132.3203,8.689,0
5080652,K06510.01,2.072177815,133.095727,4.54864,0
5894972,K06634.01,3.34328534,134.8451,27.29,0
5952309,K06636.01,0.905678252,132.19647,1.249,0
5952457,K06637.01,0.905672916,132.20453,1.0,0
5962514,K06639.01,0.790046373,132.1225,4.9939,0
5962716,K06640.01,1.804591904,132.3963298,3.85009,0
5977541,K06642.01,1.14073528,132.5852,2.394,0
5977804,K06643.01,3.31976683,131.7956,4.523,0
6792124,K06770.01,0.52880817,131.67844,2.2865,0
6804648,K06771.01,0.700606479,131.59767,0.993,0
6806632,K06772.01,9.469191607,140.9753434,9.55999,0
6841577,K06773.01,15.53753378,140.2734399,5.8262,0
6852488,K06775.01,2.172042913,131.764641,8.0331,0
8460634,K07887.01,6.35216475,134.1982,3.251,0
7671594,K06902.01,0.705174384,131.694866,1.11196,0
7677005,K06903.01,38.058140058,142.4101791,8.82403,0
7691527,K06905.01,4.800232532,135.7829072,3.57105,0
7695445,K06906.01,1.74336627,132.8574,10.405,0
7700578,K06908.01,1.507100589,132.09322,5.8097,0
7707736,K06909.01,0.758355704,131.863972,4.4135,0
7733540,K06910.01,0.77258608,131.7134714,2.7,0
8411947,K07034.01,0.898837525,132.13405,3.5342,0
8414159,K07035.01,11.931131598,142.8536843,5.56983,0
8414216,K07036.01,11.93137992,142.82366,3.639,0
8415863,K07037.01,27.533803402,147.2410009,3.96227,0
8423903,K07038.01,12.4964346,132.0358,84.32,0
8429450,K07039.01,1.352576807,132.0374311,5.49531,0
8445775,K07042.01,13.254134073,136.3679147,4.34991,0
9411943,K07170.01,1.922009494,132.161285,3.101,0
9412462,K07171.01,10.186578749,132.5289587,10.6304,0
9418994,K07172.01,32.003815635,136.49482,4.31197,0
9451096,K07173.01,1.250390814,131.7337519,3.7184,0
9466042,K07175.01,9.2742685,133.599,13.39,0
9468296,K07176.01,5.748815953,132.28021,1.9216,0
10264202,K07300.01,0.517573708,131.5161551,2.23102,0
10268809,K07302.01,24.70932686,138.996552,5.0698,0
10274244,K07303.01,13.68369259,135.2108067,4.22504,0
10275887,K07304.01,9.726748645,139.4774644,19.4093,0
10290447,K07306.01,0.691561191,131.6477,5.23,0
10292465,K07307.01,1.35337091,131.936954,2.2396,0
10294608,K07308.01,1.854491777,132.4915806,5.14771,0
11287726,K07433.01,4.737713268,132.325253,6.384,0
11295085,K07436.01,2.49777454,133.7602628,5.241,0
11350389,K07438.01,1.51264208,132.025984,1.871,0
11356602,K07439.01,323.2575,191.3655,17.26,0
11358392,K07440.01,0.984971822,132.402887,1.64247,0
1433531,K06254.01,567.71329,436.4746,12.85,0
1717528,K06255.01,9.31392071,135.7783,0.971,0
2012722,K06257.01,2.32539968,132.12985,16.791,0
2013883,K06258.01,0.764597756,131.69552,1.119,0
2162994,K06260.01,4.101595158,132.6324315,6.10362,0
2167444,K06261.01,2.43574046,133.47404,22.25,0
4078693,K06386.01,2.756536015,133.025652,1.5908,0
4142768,K06387.01,13.99585365,131.65924,5.0308,0
4149684,K06388.01,4.320850062,132.4183917,4.26661,0
4150703,K06389.01,8.6532378,134.3027,2.974,0
4157488,K06390.01,5.197420145,132.5674705,6.78534,0
4160669,K06391.01,2.183517999,132.692938,4.2703,0
4171955,K06392.01,383.61248,254.3616,12.263,0
4174507,K06393.01,1.945914237,133.042081,2.8712,0
5083252,K06512.01,2.500560859,131.6761907,7.5902,0
5091075,K06514.01,1.25625738,131.7577,9.726,0
5091614,K06515.01,21.142458554,138.3916328,5.17846,0
5094301,K06517.01,0.99519559,132.4712,2.293,0
5983348,K06644.01,25.150788449,150.345557,7.72717,0
5990753,K06645.01,7.21636091,133.88924,2.218,0
6029130,K06647.01,12.591656377,134.7421233,5.53385,0
6035335,K06648.01,1.044408447,132.31116,3.633,0
6041511,K06649.01,0.97705114,132.1871,2.33,0
6042116,K06650.01,5.407157086,136.5956575,5.8919,0
6042663,K06651.01,30.971766472,151.5322506,8.31171,0
6044064,K06652.01,5.06318803,133.707285,13.8913,0
6859813,K06778.01,10.88242209,132.6767451,5.51934,0
6863840,K06779.01,1.926366998,131.7468446,3.98088,0
6864569,K06780.01,2.325185422,133.265218,7.2871,0
6864859,K06782.01,40.877841988,158.3207395,9.88456,0
6877673,K06784.01,36.75892725,156.0924573,15.5723,0
6877871,K06785.01,0.536869783,131.84557,4.164,0
7741048,K06911.01,0.843400322,131.57039,1.7606,0
7751562,K06912.01,17.042155208,142.4257555,7.80412,0
7755741,K06913.01,0.874236216,131.7986,2.352,0
7769072,K06914.01,0.60886299,132.0506751,1.27896,0
7769815,K06915.01,4.43529675,134.7488,2.117,0
7777365,K06916.01,0.88512187,131.8821,3.349,0
7798259,K06917.01,1.734221252,132.833439,2.4577,0
8453191,K07043.01,5.776764285,131.5421677,6.99715,0
8453324,K07044.01,1.26227317,132.0407385,3.30141,0
8479107,K07045.01,0.76757669,131.819082,2.04757,0
8479386,K07046.01,5.860377067,134.8440004,10.4634,0
8488876,K07047.01,5.801881299,136.9821453,4.21133,0
8504570,K07048.01,4.00770453,134.8009815,5.50884,0
8509346,K07049.01,6.099032889,135.5223947,4.82208,0
8517433,K07050.01,0.652956712,131.52361,0.627,0
9474222,K07177.01,13.691790011,133.7914664,5.64674,0
9474969,K07178.01,21.570508432,151.7931354,13.8604,0
9509207,K07181.01,14.199840087,135.748091,5.98531,0
9520700,K07183.01,2.136834989,133.617975,4.34882,0
9529294,K07184.01,2.51690133,133.49353,2.521,0
10296163,K07309.01,9.296746368,135.6856399,6.88069,0
10330495,K07310.01,18.060078203,138.611105,11.5759,0
10332789,K07311.01,18.74072534,135.2072208,5.19791,0
10340228,K07312.01,0.93371313,131.5534,2.971,0
10341787,K07313.01,0.93373716,132.46828,5.015,0
10342097,K07314.01,0.933735579,131.53509,3.892,0
10345862,K07315.01,58.28819056,135.87642,21.6014,0
10346522,K07316.01,3.989144446,132.572437,20.7947,0
10352603,K07317.01,32.77897303,136.182037,19.1378,0
11359305,K07441.01,28.487107336,132.872485,3.77887,0
11391181,K07442.01,8.61733907,139.0692516,4.05563,0
11401869,K07443.01,2.16146908,131.8342,3.643,0
11409698,K07444.01,10.26782676,139.1769796,6.02685,0
11455795,K07446.01,1.057335679,131.792007,1.5795,0
11457191,K07447.01,1.149198426,131.817374,4.1603,0
11462556,K07448.01,2.50012775,131.5829,28.2,0
2305372,K06264.01,1.40469182,131.552084,6.26327,0
2306740,K06265.01,10.306982793,143.7331641,11.4277,0
2308957,K06266.01,1.109841858,132.1655985,8.11952,0
2437452,K06268.01,7.234965722,134.582307,7.0245,0
2437804,K06269.01,7.45301717,131.77618,3.685,0
2438061,K06270.01,2.442941283,132.011468,4.1847,0
4180396,K06394.01,3.684337918,132.61121,2.1931,0
4245897,K06395.01,11.2570616,140.81576,29.059,0
4252226,K06396.01,21.858963291,151.2628164,6.32492,0
4261960,K06397.01,1.461270059,131.78154,16.467,0
4269252,K06398.01,9.4022333,134.8876,2.79,0
4281895,K06400.01,9.543584955,137.7738831,3.72007,0
5095269,K06518.01,18.611957253,133.8661994,4.24721,0
5097278,K06519.01,0.73240662,131.5735,4.33,0
5098757,K06520.01,2.954598,134.3663,24.79,0
5111801,K06521.01,0.562006231,132.0289,3.496,0
5112198,K06522.01,3.21559054,133.5375,16.261,0
5113809,K06523.01,1.547426532,132.8859128,16.1346,0
5115178,K06524.01,12.851722103,132.8395131,5.71731,0
5115379,K06525.01,4.2055797,132.1233,19.4,0
6046311,K06654.01,0.957476003,131.91263,0.6624,0
6048106,K06655.01,1.559360638,132.53955,5.4458,0
6048255,K06656.01,0.57627248,132.0811,1.75,0
6060580,K06658.01,2.313367981,133.1999763,2.42645,0
6063448,K06659.01,76.01811375,139.943296,13.4849,0
6066107,K06660.01,0.82883944,132.013443,1.83,0
6890618,K06787.01,1.574063832,133.05514,5.6357,0
6925263,K06788.01,2.51989935,133.7109,1.55,0
6927629,K06789.01,3.867613816,135.3438766,5.36467,0
6929016,K06790.01,0.733726452,132.02005,2.309,0
6936977,K06791.01,36.473115046,159.7666622,2.91005,0
6939670,K06792.01,4.238855579,135.201464,5.2235,0
6947837,K06794.01,1.17033848,132.4153,11.56,0
6949550,K06795.01,7.841066931,136.5883392,5.47901,0
7816680,K06920.01,4.292599454,131.7702811,4.73293,0
7838639,K06922.01,2.113197701,132.3310213,3.46341,0
7846730,K06923.01,11.02822674,136.96732,8.275,0
7847927,K06924.01,70.37626987,151.228445,6.4205,0
8526387,K07051.01,0.772803664,131.70354,1.368,0
8543278,K07052.01,7.549299761,135.0113297,2.46338,0
8552500,K07053.01,0.530972263,131.7212,3.653,0
8552540,K07054.01,0.530967171,131.725385,3.8102,0
8553788,K07055.01,1.606163631,131.6342249,4.92516,0
8553907,K07056.01,42.032096076,133.581119,11.6768,0
8559796,K07057.01,0.619303759,131.5539456,6.6038,0
8559863,K07058.01,22.470494368,143.284831,7.39097,0
9529856,K07185.01,37.482223878,155.8400132,4.81451,0
9536048,K07186.01,3.71186243,132.6486,1.032,0
9540450,K07187.01,1.077358008,131.600551,3.6713,0
9540675,K07188.01,3.55643514,133.5696,8.529,0
9541163,K07189.01,0.5366497,131.71771,2.887,0
9541567,K07190.01,1.12284501,131.671908,0.95,0
9569866,K07191.01,1.480324075,131.7556963,3.20209,0
9579192,K07192.01,12.08353781,139.6155998,7.90317,0
8540376,K07892.01,10.692115,141.116,4.657,1
10363300,K07318.01,0.934926138,132.1779461,3.1925,0
10407047,K07321.01,0.93374699,131.52406,6.168,0
10407430,K07322.01,0.933759404,131.50294,3.491,0
10407464,K07323.01,0.93373711,131.5293,3.151,0
10417704,K07324.01,3.0082548,132.68976,2.38,0
10420279,K07325.01,45.43324862,159.870473,14.242,0
10422852,K07326.01,1.398890216,132.16558,4.9641,0
11499757,K07450.01,12.314402323,134.2520931,5.8903,0
11501774,K07451.01,0.691823991,131.57,5.965,0
11502172,K07452.01,25.431861399,135.619194,5.23771,0
11502179,K07453.01,3.98855869,135.129,1.467,0
11506235,K07454.01,20.413052415,140.0167643,4.4621,0
11560382,K07456.01,0.527679032,131.81119,1.395,0
11560431,K07457.01,0.527673075,131.8234533,1.3693,0
2438062,K06271.01,2.44295727,132.00292,4.0656,0
2438517,K06272.01,3.31587688,131.50648,3.152,0
2442084,K06273.01,49.788613011,175.192714,7.41807,0
2450716,K06275.01,1.38607973,131.5931,8.7,0
2557430,K06277.01,0.648868342,131.842892,2.82428,0
2568971,K06278.01,5.088582739,134.055128,7.6066,0
4284147,K06402.01,1.1611022,132.2174,2.48,0
4349935,K06403.01,0.792023257,131.92896,3.2604,0
4352168,K06404.01,10.643743766,134.9422857,6.29783,0
4356621,K06405.01,1.7317958,132.8964,2.924,0
4357985,K06406.01,8.65298599,136.67132,1.549,0
4367544,K06407.01,1.19563447,131.5506,5.3934,0
4372410,K06408.01,0.550537628,131.6623478,1.216,0
4372961,K06410.01,2.53470797,132.88117,20.143,0
5119143,K06527.01,0.530799654,131.68727,3.487,0
5125048,K06528.01,0.56818769,132.06643,2.0,0
5126627,K06529.01,1.0094779,131.6463,3.72,0
5130890,K06530.01,0.91057795,131.5209695,2.73,0
5164794,K06531.01,1.0429419,131.966,7.22,0
5172274,K06533.01,6.12650913,133.2391,15.43,0
5174492,K06534.01,0.720589427,131.9829699,4.329,0
6068947,K06661.01,0.573036404,120.5159138,1.3176,0
6103049,K06662.01,0.643171495,131.8893076,2.31285,0
6109688,K06663.01,14.086776961,140.287018,10.1279,0
6128141,K06665.01,1.872620976,132.727701,1.7626,0
6131659,K06667.01,17.527826808,144.5700534,5.78491,0
6146838,K06668.01,27.467217305,143.6727101,4.17961,0
6950275,K06796.01,40.879068,163.4056,6.562,0
6953219,K06797.01,0.566802325,131.79626,1.842,0
6962018,K06799.01,0.634946497,132.074576,2.40541,0
6965293,K06800.01,5.077746556,134.63539,3.1718,0
6967430,K06801.01,2.00383703,132.8086,3.473,0
7009828,K06802.01,5.321224925,135.125071,7.48973,0
7025851,K06803.01,2.340534383,132.74718,4.43017,0
7870250,K06926.01,0.580724809,131.72956,1.82,0
7871395,K06927.01,501.07647447,143.2445125,3.21,0
7885518,K06928.01,1.72933255,132.5413,3.631,0
7885570,K06929.01,1.729338354,132.536976,6.8524,0
7886329,K06930.01,0.567493852,131.9916219,1.35349,0
7919653,K06932.01,2.105238039,132.675463,5.23595,0
7938468,K06933.01,7.226944171,136.163008,23.0124,0
8560861,K07059.01,31.973311701,133.867225,13.2105,0
8565900,K07060.01,1.64125844,131.9294,4.51,0
8569819,K07062.01,20.849919614,137.5588347,13.7687,0
8574270,K07063.01,15.120212531,139.6966549,3.50007,0
8581658,K07064.01,3.481657589,134.1835162,4.75315,0
8590527,K07065.01,0.739769962,131.9671179,1.95901,0
8604993,K07066.01,6.570421193,134.01948,4.4698,0
8608490,K07067.01,0.541405029,131.933523,2.7481,0
9579789,K07193.01,2.17814186,132.02946,1.988,0
9581498,K07194.01,10.54884842,140.3874343,1.17,0
9592855,K07196.01,0.609662423,131.946514,4.24033,0
9596187,K07198.01,0.953299962,131.699309,1.69478,0
9597095,K07200.01,2.745640575,131.707795,3.04508,0
10454401,K07328.01,12.180721266,139.3460044,4.15602,0
10462826,K07329.01,50.467024395,132.009484,8.96181,0
10468514,K07331.01,0.84986054,132.0547,1.3875,0
10471113,K07332.01,0.933728196,131.5336,3.441,0
10481054,K07333.01,2.03742712,131.5592,3.939,0
10486425,K07334.01,5.274819905,136.708908,4.6688,0
11560447,K07458.01,0.527678272,131.8133693,2.33166,0
11601357,K07459.01,3.55027051,133.7711,1.879,0
11615481,K07461.01,65.4317194,144.171343,12.2384,0
11616200,K07462.01,1.718649321,132.21092,3.94095,0
11616631,K07463.01,7.2949175,136.0798,41.04,0
11616663,K07464.01,7.2935801,136.2546,40.02,0
11618798,K07465.01,42.9261364,138.5107,2.578,0
2570505,K06279.01,1.89129338,132.6698,5.677,0
2570767,K06280.01,1.89124453,132.6958,5.08,0
2571075,K06281.01,1.89134201,132.6744,4.674,0
2576692,K06282.01,87.87826191,194.105106,12.8138,0
2580872,K06283.01,15.926632768,145.5519669,7.42888,0
2583777,K06284.01,0.958116585,132.052919,2.3496,0
2693092,K06285.01,39.841522897,168.1412318,8.79024,0
2708156,K06286.01,1.891268461,132.6833032,8.24958,0
2708172,K06287.01,1.89114441,132.7545,8.724,0
4375101,K06411.01,61.25964956,140.698649,12.1777,0
4380283,K06412.01,0.872359598,132.0311474,3.74512,0
4384793,K06413.01,374.318792,431.5127,5.96,0
4445630,K06414.01,5.627911313,133.1491782,7.08223,0
4446411,K06415.01,0.62927655,132.015321,0.9698,0
4454219,K06416.01,1.22578134,131.6062,2.235,0
4456622,K06417.01,0.751408792,131.948266,2.2974,0
4482738,K06418.01,0.866344816,132.06358,1.9188,0
4484312,K06419.01,2.24294107,133.47862,2.532,0
5174920,K06535.01,0.950487062,131.73468,2.9283,0
5181455,K06536.01,5.579631021,133.5534687,3.38646,0
5193386,K06537.01,21.37831102,157.804933,21.7174,0
5196851,K06539.01,0.541396363,131.5974,2.384,0
5199978,K06540.01,0.550509602,131.86731,1.1836,0
5211470,K06541.01,2.404293523,132.755943,4.4649,0
6147573,K06669.01,25.836831272,137.3641956,6.32201,0
6152521,K06670.01,0.94895231,131.85772,3.952,0
6185717,K06671.01,11.702203927,139.4312652,2.75173,0
6205460,K06673.01,3.722775537,136.515472,14.3309,0
6206751,K06674.01,1.245342215,132.220019,4.40308,0
6207053,K06675.01,0.604755462,131.84831,1.3741,0
6220470,K06677.01,8.144135648,136.5054788,8.88876,0
7031132,K06804.01,0.566795196,131.80925,2.18,0
7031732,K06805.01,0.566798827,131.81946,3.662,0
7031767,K06806.01,0.56678012,131.8499,3.257,0
7031948,K06807.01,0.566800113,131.81731,3.315,0
7031992,K06808.01,0.56679293,131.83103,3.814,0
7032117,K06809.01,0.566809491,131.79695,3.156,0
7032174,K06810.01,0.566799218,131.81553,4.227,0
7032383,K06811.01,0.566797404,131.83652,4.109,0
7943535,K06935.01,4.719336335,133.514832,2.83787,0
7947631,K06936.01,1.258274109,132.7042523,1.92467,0
7950775,K06937.01,8.966610607,138.5745618,4.01883,0
7955301,K06938.01,15.32763411,134.92291,6.0662,0
7960295,K06939.01,2.10413487,132.63638,4.2269,0
7960547,K06940.01,6.767341062,135.2655184,4.49213,0
7967100,K06941.01,1.92730001,132.36067,18.812,0
8610483,K07068.01,48.79936881,160.196299,8.80873,0
8618226,K07070.01,5.882036054,131.7687637,5.16326,0
8621026,K07071.01,4.059428737,133.1885651,5.26926,0
8690001,K07075.01,19.35954117,134.25201,12.8464,0
9597854,K07201.01,1.287097944,132.37957,1.94,0
9602431,K07202.01,3.5565617,133.522,6.691,0
9602538,K07203.01,3.55646511,133.5549,4.72,0
9630640,K07204.01,3.661895766,132.5316735,35.6374,0
9635529,K07206.01,2.35195525,131.9168815,5.98883,0
9637299,K07207.01,1.882438182,132.7396834,3.50695,0
10490960,K07335.01,5.682410334,133.6376552,5.33373,0
10491031,K07336.01,2.199069234,133.0633498,6.30646,0
10535807,K07337.01,1.481655821,132.699429,3.4913,0
10535858,K07338.01,0.93370968,131.5714,3.356,0
10547685,K07340.01,1.388509353,131.786298,2.84811,0
10549576,K07341.01,9.089355023,139.083714,6.4006,0
10552700,K07342.01,0.94808587,131.93348,8.03,0
11619964,K07466.01,10.368552685,132.718439,4.37878,0
11651105,K07468.01,13.8602646,139.4033,74.26,0
11662440,K07469.01,13.639480425,144.531439,3.12422,0
11704044,K07472.01,6.882686062,134.052302,5.47323,0
11706658,K07473.01,1.407937865,132.26921,1.585,0
2708445,K06288.01,1.89117723,132.7285,6.986,0
2708614,K06289.01,52.884577,147.01058,7.892,0
2711114,K06290.01,1.429439352,132.74659,2.424,0
2720354,K06292.01,2.821328194,131.680097,5.02692,0
2852560,K06294.01,11.961308501,131.9131819,4.6414,0
2856960,K06295.01,204.280255,164.7235,37.2,0
4484356,K06420.01,0.572079631,132.0189884,2.27811,0
4489844,K06421.01,0.822314545,131.7125281,3.3374,0
4540632,K06422.01,31.005392846,150.8616525,3.073,0
4544623,K06423.01,2.189097,132.0841,5.768,0
4565985,K06424.01,17.51191534,134.39065,5.678,0
4569590,K06426.01,41.3701638,166.1673,29.254,0
4574310,K06427.01,1.306220168,132.1122056,5.14519,0
4575824,K06428.01,631.632,239.8779,16.13,0
5216727,K06543.01,0.756511623,131.9298652,2.81832,0
5218014,K06544.01,10.845286549,138.334343,4.3876,0
5255552,K06545.01,32.45541269,137.607894,7.3736,0
5266937,K06547.01,5.917085496,132.900327,23.7545,0
5269407,K06548.01,0.958871144,131.6864267,2.74361,0
5271803,K06549.01,0.5402463,131.5521,13.93,0
5272571,K06550.01,1.288046428,132.00088,3.637,0
6228703,K06678.01,4.200206781,134.6578,5.21948,0
6231401,K06679.01,6.091954982,137.5877592,3.60482,0
6279823,K06681.01,485.52409,307.5674,11.04,0
6283224,K06682.01,0.76647343,132.034804,2.46345,0
6285094,K06683.01,5.2439783,132.6829,10.1,0
6285396,K06684.01,5.2436639,132.6741,10.53,0
6285397,K06685.01,5.2438269,132.6874,8.235,0
7032968,K06812.01,0.56678702,131.849,3.074,0
7033713,K06813.01,2.19642864,133.4945,4.933,0
7033748,K06814.01,2.19635512,133.515028,9.65516,0
7049486,K06815.01,26.718417546,138.0518033,8.14155,0
7050754,K06816.01,0.615787196,131.71405,3.067,0
7090801,K06817.01,548.08441,367.3828,17.66,0
7097571,K06818.01,2.213964145,132.565776,6.7598,0
7970629,K06942.01,1.025534511,132.4990072,3.52048,0
7970760,K06943.01,7.64941291,132.1070518,6.56935,0
7971389,K06944.01,13.174807933,136.4631739,3.37392,0
7976136,K06945.01,0.655094658,131.78278,6.159,0
7976435,K06946.01,3.33287187,133.4408645,7.13,0
7985167,K06947.01,0.692239369,131.584611,2.91121,0
7987749,K06948.01,17.030857558,145.542727,4.24308,0
8700506,K07077.01,43.797829003,172.60192,7.70289,0
8701327,K07078.01,4.254417651,133.8376474,6.55436,0
8711548,K07079.01,18.778162159,149.6776416,8.1018,0
8713828,K07080.01,1.25451792,131.7413568,2.64,0
8719897,K07081.01,1.575710265,131.692741,6.83787,0
8736245,K07082.01,2.534740757,133.477837,4.85013,0
8738115,K07083.01,37.59406667,168.578815,8.9943,0
8739209,K07084.01,3.6972959,131.753,21.335,0
8746310,K07085.01,6.855624762,136.0224296,3.02199,0
9640921,K07210.01,80.7060641,139.436835,6.8899,0
9640921,K07210.02,2.17814513,132.02979,2.321,0
9641031,K07211.01,1.089077111,132.024245,3.8834,0
9641103,K07212.01,1.089057762,132.03859,1.637,0
9644411,K07213.01,0.379412331,131.61159,1.561,0
9644683,K07214.01,0.585940879,131.705742,4.6979,0
9652166,K07216.01,0.646523404,131.6881,3.917,0
10556578,K07343.01,0.626431697,131.899296,2.0171,0
10583181,K07344.01,2.696354974,132.9926416,5.39585,0
10592163,K07346.01,14.762889172,133.7747853,6.52705,0
10597164,K07347.01,4.5638537,133.2096,13.05,0
10601538,K07348.01,1.463775066,132.80636,0.953,0
10601579,K07349.01,8.098754149,134.775324,5.62354,0
10613718,K07350.01,0.587938916,132.057929,1.40211,0
8557246,K07895.01,246.87131,220.3739,10.69,0
11709022,K07474.01,0.71957289,131.98038,1.79,0
11724091,K07475.01,1.559090282,131.7719964,4.95211,0
11757422,K07476.01,1.81993557,132.52714,2.43,0
11763910,K07477.01,0.612888148,131.96372,2.822,0
11768970,K07478.01,15.541358818,141.9557755,2.44433,0
11775530,K07480.01,12.8177012,143.6091,3.465,0
11811454,K07481.01,2.274628199,132.0170362,4.52648,0
8560280,K07896.01,85.338393,215.564,8.5,0
2860594,K06296.01,5.499941793,132.816764,11.3096,0
2860788,K06297.01,2.629870555,132.067717,6.606,0
2969638,K06298.01,1.97362159,131.90168,3.29,0
2973509,K06300.01,6.62761199,132.5466377,6.15281,0
2998124,K06302.01,28.597880332,152.9842901,7.71925,0
3098194,K06303.01,30.476518853,136.972882,10.2264,0
4578594,K06429.01,252.1638623,191.470778,23.92,0
4587448,K06430.01,2.23416013,131.7973,2.12,0
4633434,K06431.01,22.271198511,134.7601462,4.58598,0
4661634,K06432.01,73.894163515,159.9005068,9.48995,0
4665989,K06433.01,1.124033822,131.62878,5.5728,0
4671584,K06434.01,2.796661168,134.032331,3.3781,0
4678171,K06435.01,15.288709179,132.8060911,5.00366,0
4681152,K06436.01,1.83592242,132.077813,5.9942,0
4725292,K06437.01,1.15495063,132.34528,2.31,0
5282656,K06551.01,1.516372183,131.83387,1.239,0
5284133,K06552.01,8.784575777,134.6752148,5.3022,0
5285607,K06553.01,1.949700508,132.4267375,4.35014,0
5286786,K06554.01,9.948701373,138.55412,3.2922,0
5288543,K06555.01,3.457078812,131.8058069,5.24058,0
5294739,K06556.01,3.735993484,135.062493,17.4877,0
5298620,K06558.01,12.4239677,141.676,16.01,0
5300878,K06559.01,0.639721284,131.8546732,2.69771,0
6292732,K06686.01,1.25338826,132.6307,3.828,0
6311637,K06688.01,1.620813697,132.727367,5.9968,0
6364126,K06690.01,5.2434664,132.7707,18.47,0
6364195,K06691.01,5.2439542,132.6525,9.82,0
6364200,K06692.01,5.2441517,132.6668,9.69,0
6364247,K06693.01,5.2443332,132.6164,11.268,0
7105574,K06820.01,20.726069913,143.201391,6.47393,0
7115200,K06821.01,0.566801447,131.79977,2.352,0
7115332,K06822.01,0.566794934,131.84569,4.399,0
7115463,K06823.01,0.566800287,131.815992,3.487,0
7115597,K06824.01,0.566791946,131.8145,2.77,0
7115878,K06825.01,0.566790294,131.83481,3.641,0
7116043,K06826.01,0.566799725,131.8211,4.097,0
7116226,K06827.01,0.566801325,131.82499,4.176,0
8008128,K06950.01,14.854415674,136.5597829,5.13753,0
8009500,K06951.01,38.47674409,150.5742128,5.10744,0
8013289,K06952.01,10.643110689,140.1691798,88.1118,0
8016214,K06953.01,1.587485742,132.138538,7.7489,0
8027902,K06955.01,1.79621807,131.54732,10.16,0
8039925,K06956.01,20.2594232,141.4275,19.27,0
8081389,K06958.01,1.489442254,132.0042975,5.51392,0
8750094,K07086.01,1.12679793,132.2757,12.079,0
8758161,K07087.01,0.998217563,131.8142317,3.90851,0
8767034,K07089.01,0.58640848,131.55583,2.616,0
8773948,K07090.01,33.46947449,154.008513,11.8874,0
8784288,K07091.01,1.827558898,132.26554,4.72808,0
8804358,K07092.01,62.519211,146.4454,2.523,0
8508493,K07890.01,349.85525,285.6453,5.42,0
9652632,K07217.01,2.488812012,132.1282609,5.94523,0
9655424,K07218.01,0.51811818,131.646,0.3969,0
9657636,K07219.01,542.52829,278.392,11.06,0
9665503,K07221.01,11.567974732,137.3409726,5.96595,0
9673173,K07222.01,21.294733865,147.0967696,7.60143,0
9711751,K07225.01,0.855763492,132.351325,3.64361,0
10619109,K07351.01,2.045166206,132.3655682,6.84312,0
10646620,K07352.01,2.41349123,133.5687,11.29,0
10649230,K07353.01,0.447820618,131.833123,0.4199,0
10661913,K07355.01,1.23133063,131.82495,3.7,0
10661976,K07356.01,0.61566096,131.8348,2.669,0
10662021,K07357.01,1.23140522,131.7715,3.338,0
8560927,K07897.01,31.9714488,133.8889,8.52,0
11817750,K07482.01,9.762550001,131.671965,4.87531,0
11855538,K07485.01,2.521265,132.848,2.69,0
11858541,K07486.01,5.674353343,135.7548264,4.17722,0
11873166,K07487.01,0.734426335,131.931739,2.7415,0
11873171,K07488.01,0.734426409,131.92972,1.569,0
3102024,K06304.01,13.782522208,139.480567,8.27762,0
3110937,K06305.01,1.89121656,132.7016,5.14,0
3115480,K06306.01,3.693702974,135.194906,3.37146,0
3120320,K06307.01,10.265613245,136.4886955,5.67553,0
3127817,K06308.01,2.163569702,132.936317,7.60963,0
3228740,K06309.01,0.730956716,132.21412,2.097,0
3230206,K06310.01,7.04715073,132.7471,1.434,0
3230227,K06311.01,7.047106212,132.75015,3.16223,0
4729553,K06438.01,0.961292561,121.4629897,4.64294,0
4736208,K06439.01,63.68192888,167.547736,12.6047,0
4737302,K06441.01,9.455586047,133.670388,8.42272,0
4739194,K06442.01,1.246585716,132.0206985,4.62051,0
4739565,K06443.01,0.898932836,131.81613,2.437,0
4740688,K06444.01,3.45423296,131.71294,2.965,0
4753988,K06445.01,7.304451735,135.0252768,4.09326,0
4757331,K06446.01,1.181046137,132.122922,2.6923,0
5301955,K06560.01,0.68396452,131.7130275,1.3,0
5306862,K06561.01,2.025580416,131.864175,4.48448,0
5307574,K06562.01,58.64379,156.9092,24.44,0
5308778,K06563.01,20.28281916,137.05176,36.048,0
5310435,K06564.01,4.931365987,133.153013,14.7088,0
5343976,K06565.01,4.331392455,134.7274476,3.7278,0
5347537,K06566.01,345.1846728,228.840845,6.5468,0
5347784,K06567.01,9.58405667,138.8710106,6.82752,0
6364294,K06694.01,5.2436612,132.7337,11.39,0
6367439,K06695.01,3.7789374,132.1163,10.767,0
6367628,K06696.01,1.88984957,131.910944,19.45,0
6384840,K06699.01,2.49904083,133.3698,2.651,0
6386784,K06700.01,1.99567242,132.87321,3.58,0
6390236,K06701.01,0.89879279,131.6716,1.031,0
6421188,K06702.01,16.434352831,136.2884989,5.15682,0
7116236,K06828.01,0.566793818,131.8298,4.929,0
7117513,K06829.01,0.566797474,131.8117,2.708,0
7117541,K06830.01,1.585673651,132.013007,3.20763,0
7118545,K06831.01,14.797219157,144.6959608,7.61037,0
7125636,K06832.01,6.49066214,132.0676273,3.47128,0
7128918,K06833.01,7.11879848,137.1575204,4.11282,0
7132015,K06834.01,6.99510404,136.6223392,1.7556,0
8088354,K06959.01,2.897829967,132.6047388,3.17788,0
8094140,K06961.01,0.706428634,132.1461749,1.75182,0
8094221,K06962.01,10.8632531,141.6569,37.68,0
8097825,K06963.01,1.46842648,132.165432,6.6666,0
8098300,K06964.01,4.305917719,132.3501939,5.61993,0
8098515,K06965.01,1.28659726,132.1114,3.53,0
8104436,K06967.01,2.535389624,133.38659,2.902,0
8822585,K07095.01,1.627538928,131.91531,5.583,0
8823397,K07096.01,1.506503686,132.9914262,5.02151,0
8841616,K07097.01,1.679585725,131.5600829,7.34648,0
8845221,K07098.01,5.40346248,133.7451943,7.6494,0
8848104,K07100.01,0.824851807,131.6271509,1.93637,0
8848115,K07101.01,0.82484293,131.6424,1.383,0
8868657,K07102.01,4.4473549,133.8362,18.99,0
9762514,K07227.01,7.51509713,138.09408,2.62,0
9762519,K07228.01,7.51514595,138.0800379,3.54486,0
9777062,K07229.01,19.230038188,132.5814956,7.04412,0
9786821,K07230.01,21.120005744,150.128392,2.05573,0
9790965,K07231.01,0.82206761,132.243022,3.8281,0
9818732,K07233.01,45.035589512,132.633531,9.8341,0
10685175,K07362.01,3.10197712,133.78902,7.083,0
10686876,K07363.01,2.618414643,134.044367,4.99923,0
10686930,K07364.01,2.61844178,134.03782,3.203,0
10711913,K07365.01,19.407958161,135.3915368,6.09676,0
10732401,K07366.01,0.933747375,131.5199,5.974,0
11906217,K07490.01,37.910213899,162.458419,3.11152,0
11913052,K07491.01,3.74785307,134.17465,3.444,0
11913071,K07492.01,3.747835042,134.1877331,5.28519,0
11918482,K07493.01,0.94754848,132.266431,1.7347,0
11922648,K07494.01,1.75643185,132.0575,2.397,0
11922782,K07495.01,1.756466865,132.030299,4.7781,0
11923819,K07496.01,33.159475806,159.8126411,9.01353,0
11959569,K07497.01,46.14869106,173.238091,19.092,0
11966557,K07498.01,60.2976774,161.854691,14.2561,0
3241619,K06312.01,1.703347524,132.4680448,3.3039,0
3241662,K06313.01,1.70332915,132.47294,1.663,0
3245000,K06314.01,20.413812,148.5092,5.806,0
3247294,K06316.01,67.41958542,133.431122,7.645,0
3248332,K06317.01,7.363572395,138.70442,5.7545,0
3323289,K06319.01,33.693201537,158.866724,7.44219,0
4758350,K06447.01,1.120997701,131.48486,11.243,0
4758368,K06448.01,1.874967748,132.701553,10.0159,0
4768756,K06451.01,2.40440112,133.1975,5.49,0
4769824,K06452.01,21.926779,135.5453,10.05,0
4773155,K06453.01,25.706001174,156.644215,10.969,0
4832273,K06455.01,501.90703,205.619,12.43,0
5359678,K06569.01,3.115304946,133.1240488,4.88748,0
5385469,K06571.01,12.422524,141.875,13.55,0
5385647,K06572.01,12.4269264,141.4499,21.826,0
5385667,K06573.01,12.4261809,141.5307,29.09,0
5388229,K06574.01,0.61810542,131.74488,6.666,0
5389184,K06575.01,1.06995136,132.30469,1.322,0
6421483,K06703.01,2.158398259,131.894054,8.1633,0
6421937,K06704.01,359.534371,218.68613,24.205,0
6428942,K06706.01,534.86668,209.0227,8.19,0
6437993,K06708.01,1.39797542,131.6767,9.06,0
6442246,K06709.01,2.2127498,132.7452,3.054,0
6443392,K06710.01,0.776976021,132.2745574,1.95401,0
7137798,K06836.01,2.25353739,132.486708,5.74622,0
7177553,K06837.01,17.99646148,139.5431461,4.65638,0
7177892,K06838.01,1.386249249,132.742206,2.99104,0
7185487,K06839.01,0.53482911,131.7369,0.996,0
7198648,K06840.01,0.566799833,131.64094,5.543,0
7199935,K06841.01,0.566795728,131.8148,2.79,0
7200102,K06842.01,14.665759784,139.5741023,3.65814,0
7200225,K06843.01,0.566780836,131.8749,4.937,0
8111622,K06968.01,15.44605962,145.5341274,4.5963,0
8112013,K06969.01,1.790518325,132.9384734,3.34624,0
8123170,K06972.01,1.03905082,132.5348,3.035,0
8123937,K06973.01,0.503201954,131.78436,0.167,0
8128965,K06974.01,7.140373046,138.008012,7.07032,0
8129189,K06975.01,53.647084859,152.97204,19.9499,0
8878681,K07103.01,2.496328637,132.2054088,2.73115,0
8879427,K07104.01,16.31328124,136.853981,4.45731,0
8879915,K07105.01,1.721313779,132.5318957,3.54768,0
8890996,K07107.01,1.50650745,132.98683,2.622,0
8906676,K07108.01,8.209514329,134.0632157,4.14104,0
8938628,K07109.01,3.431126546,133.593104,2.7986,0
8940961,K07110.01,1.583334941,132.377894,4.4854,0
9821078,K07234.01,8.429438192,132.2922535,3.94306,0
9848420,K07237.01,7.9320191,136.4321,8.18,0
9850387,K07238.01,1.374249107,131.662968,5.3181,0
9850912,K07239.01,8.4804737,135.834,6.157,0
9852050,K07240.01,0.94242156,132.1165604,1.89,0
9873869,K07241.01,4.994773558,136.1744922,4.48893,0
10736223,K07367.01,1.105094098,132.5461998,4.38191,0
10736489,K07368.01,6.842939,137.0596,2.8,1
10743600,K07369.01,0.8170226,132.022858,2.974,0
10753734,K07371.01,19.40669392,149.807826,5.27765,0
10794242,K07372.01,7.143708297,137.8041949,5.83451,0
10794405,K07373.01,0.952377862,132.335117,4.0869,0
10809677,K07374.01,3.521050679,134.218545,3.5323,0
11967004,K07499.01,1.941635737,133.1097354,2.46683,0
11968490,K07500.01,0.539445498,131.898299,2.2821,0
11970288,K07501.01,20.7106853,134.03192,42.737,0
12004679,K07502.01,2.521245368,132.8563627,4.24027,0
12004680,K07503.01,2.52122764,132.86973,2.249,0
12004689,K07504.01,2.5212708,132.8596,2.706,0
12013615,K07505.01,8.202869679,138.5109062,7.29811,0
12022517,K07507.01,3.442714533,132.3912568,3.36034,0
6307521,K01126.02,475.91706,588.8926,22.86,0
7037540,K01347.02,0.858285844,131.87904,1.799,0
4349442,K01803.03,6.238315363,134.3054225,2.501,0
3327980,K06321.01,2.115510941,131.99122,7.2877,0
3329643,K06322.01,1.015044104,131.56407,10.994,0
3335816,K06323.01,3.711013336,132.4882537,3.31024,0
3337438,K06324.01,2.97606298,132.9637,4.124,0
3337548,K06325.01,2.97586085,133.0352,4.513,0
3339538,K06326.01,14.658013949,140.4756141,3.03316,0
3341934,K06327.01,18.839487435,137.7695421,5.62797,0
3343866,K06328.01,0.555973803,131.96589,1.271,0
4839180,K06456.01,4.426344495,134.231165,5.84235,0
4840263,K06457.01,0.957823876,132.414882,3.7232,0
4840818,K06458.01,5.024768971,133.120142,3.82433,0
4847832,K06459.01,30.960216668,156.1595497,15.4308,0
4851217,K06460.01,2.470283788,133.251861,7.8391,0
4851338,K06461.01,1.23516416,131.99301,4.713,0
4851356,K06462.01,1.23513471,132.0046,5.44,0
4862332,K06463.01,0.8903331,131.5337,2.643,0
4862625,K06464.01,20.000242814,134.82021,5.0042,0
5393558,K06576.01,10.217121652,137.2457336,4.35647,0
5397905,K06577.01,0.618060842,131.63533,1.892,0
5444392,K06578.01,0.759764419,131.7927631,5.72501,0
5460835,K06580.01,21.539269242,144.1542761,5.32432,0
5462901,K06581.01,5.270733213,136.180853,2.7822,0
5471010,K06583.01,12.4232158,141.7294,17.67,0
6447326,K06711.01,4.3206933,131.8905,50.68,0
6448768,K06712.01,16.486796364,131.6041706,7.06797,0
6449291,K06713.01,5.7768734,133.6218,5.762,0
6449552,K06714.01,20.148807707,135.8116283,8.52557,0
6452742,K06715.01,0.687772143,131.8669185,2.56725,0
6464285,K06716.01,0.843651274,131.9478111,2.80468,0
6466939,K06717.01,1.142946648,131.9010021,3.40234,0
6468938,K06718.01,7.217010987,135.4523674,4.4215,0
8429014,K07885.01,9.72869627,140.71571,5.628,0
7200301,K06844.01,0.566791802,131.81736,2.2,0
7203179,K06845.01,2.245738777,133.2650421,8.61629,0
7203194,K06846.01,2.24572117,133.26678,3.88,0
7204073,K06847.01,0.566801906,131.79673,1.626,0
7212722,K06848.01,2.316171991,132.311636,4.03025,0
7280953,K06850.01,0.56680208,131.7056,1.22,0
7281217,K06851.01,0.566810701,131.80761,6.19,0
7281229,K06852.01,0.566813319,131.78768,3.752,0
8143170,K06976.01,28.787257509,137.094192,13.953,0
8145789,K06977.01,0.835315046,131.9570817,2.45449,0
8155584,K06979.01,26.0164225,157.37769,4.1768,0
8158324,K06981.01,593.19521,333.732,25.65,0
8162376,K06982.01,0.706430188,132.14208,1.301,0
8953281,K07112.01,0.78430061,132.23164,2.952,0
8953426,K07113.01,2.665875491,131.6187983,7.59461,0
8953475,K07114.01,2.6658312,131.627,5.771,0
8957572,K07115.01,1.5765874,132.4469,15.18,0
8973000,K07118.01,28.027891356,158.348172,17.3269,0
9881258,K07242.01,2.028512246,132.8392103,5.00309,0
9899153,K07243.01,1.33256167,132.0567,3.743,0
9899193,K07244.01,1.332567821,132.0544581,3.4844,0
9899410,K07245.01,1.332545609,132.05755,3.997,0
9899421,K07246.01,1.33256256,132.04698,3.088,0
9899577,K07247.01,1.33258981,132.0364,3.987,0
9899583,K07248.01,1.33258375,132.0362,4.081,0
9906489,K07249.01,8.9648813,137.5394,61.23,0
10816107,K07377.01,2.161583501,131.80273,4.0537,0
10843431,K07378.01,8.7396758,136.5829,3.866,1
10847907,K07379.01,0.535493486,131.743209,2.57,0
10849244,K07381.01,24.261683827,147.2417593,7.1617,0
10857589,K07382.01,32.532521502,147.077355,13.3991,0
12022718,K07508.01,4.627775175,133.390355,3.4079,0
12053823,K07509.01,28.7850347,145.7978,2.102,0
12071006,K07511.01,6.096030635,135.0308909,18.4531,0
12105785,K07512.01,31.953038766,142.708054,8.0461,0
12106875,K07513.01,5.9371708,135.957,4.954,0
12157983,K07514.01,0.577844035,131.88058,4.291,0
12164751,K07515.01,2.630090609,132.224741,13.6817,0
12217907,K07516.01,43.204596783,146.5978539,15.0402,0
10028352,K01957.02,1.75147897,132.47509,7.89,0
3352751,K06330.01,3.495457889,132.083941,6.9796,0
3427776,K06332.01,4.01668015,134.240703,2.2828,0
3437739,K06333.01,1.89134156,132.6518,5.891,0
3440230,K06334.01,2.881100027,134.238752,9.43866,0
3441340,K06335.01,0.806277023,131.78567,7.275,0
3448323,K06336.01,0.513482156,131.75477,2.732,0
4862625,K06464.02,225.66716,195.6621,16.6,0
4863369,K06465.01,4.24748886,132.0562,3.053,0
4863753,K06466.01,1.000012952,131.7614,1.221,0
4902030,K06467.01,0.878803439,132.267269,2.74503,0
4908495,K06468.01,1.560158562,132.368518,3.4248,0
4912589,K06469.01,34.188302705,132.1423013,3.01179,0
4914709,K06470.01,8.65303996,136.66798,1.091,0
4914737,K06471.01,8.65311903,134.30128,1.273,0
5471141,K06584.01,12.4253812,141.5493,19.781,0
5471328,K06585.01,12.42555999,133.96829,28.083,0
5471415,K06586.01,12.4257442,141.52382,29.122,0
5471480,K06587.01,12.4254241,141.5418,24.98,0
5475712,K06588.01,2.991884392,134.175892,7.5583,0
5479973,K06589.01,1.795273026,131.870391,7.3232,0
5513822,K06590.01,0.755109271,131.81838,2.619,0
5513833,K06591.01,0.755101141,131.8211,3.371,0
6471229,K06719.01,1.75251585,132.7544,3.489,0
6471230,K06720.01,1.752450163,132.8015023,3.0255,0
6521174,K06721.01,8.27923132,133.81711,2.355,0
6521542,K06722.01,2.212877035,132.682428,4.66961,0
6522353,K06723.01,0.845097627,132.12136,1.873,0
6522750,K06724.01,17.445640466,135.7462627,6.08966,0
6523216,K06725.01,14.313157391,138.2205171,8.90236,0
6531485,K06726.01,0.676990194,131.8017098,1.69459,0
6531801,K06727.01,0.515875396,131.7013,1.21,0
7281356,K06853.01,2.83401711,133.5005,5.938,0
7281399,K06854.01,0.566803996,131.80782,3.399,0
7281410,K06855.01,0.56681118,131.7883893,2.06,0
7281616,K06856.01,0.566799927,131.83464,4.71,0
7281699,K06857.01,0.566786121,131.8363,3.404,0
7282008,K06858.01,0.56679797,131.841,4.503,0
7285616,K06859.01,0.566802891,131.79487,1.861,0
8178616,K06984.01,1.01884975,132.0857,3.233,0
8183389,K06986.01,32.440339204,142.2555263,4.50984,0
8192861,K06987.01,0.552141897,131.77199,4.985,0
8193315,K06988.01,2.62387291,134.0049825,4.61248,0
8195877,K06989.01,0.75509861,131.962107,2.6423,0
8196180,K06990.01,3.671661096,132.0909174,4.29947,0
8210721,K06991.01,22.673145675,138.145641,6.6324,0
8977176,K07119.01,0.50948306,132.0386,3.14,0
9001468,K07120.01,17.329965871,142.727156,8.43812,0
9005854,K07121.01,1.890227354,131.678589,3.855,0
9007918,K07122.01,1.387206724,132.8469146,3.82527,0
9007953,K07123.01,1.38718209,132.8579,2.595,0
9024857,K07124.01,35.026564845,160.6019871,2.90121,0
9029486,K07126.01,3.138580493,132.330622,4.16343,0
9906802,K07250.01,9.26147679,135.1085808,1.77,0
9906841,K07251.01,581.0723,371.0249,15.81,0
9913481,K07253.01,3.50474265,133.319536,8.2852,0
9913798,K07254.01,2.14344093,133.497247,3.9741,0
9934208,K07256.01,9.058487716,137.3378842,4.14334,0
9936698,K07257.01,2.856085147,133.39298,4.5776,0
10867017,K07384.01,0.876941133,132.26899,1.296,0
10909274,K07385.01,39.238141571,148.651652,6.07183,0
10920813,K07386.01,53.7406575,209.294733,47.2475,0
10923260,K07387.01,7.436016459,136.518226,4.16284,0
10924400,K07388.01,0.750737313,131.82143,1.712,0
10936427,K07390.01,14.361021578,138.842986,13.2895,0
10937609,K07391.01,2.570431263,133.189517,5.49699,0
10965963,K07392.01,6.64024496,132.775862,6.03491,0
12251779,K07517.01,14.844240386,134.2337694,6.83577,0
12268220,K07518.01,4.42158021,134.395447,10.4532,0
12302391,K07519.01,25.321698729,139.687525,4.45367,0
12306808,K07521.01,37.878483588,138.128618,10.5972,0
12351927,K07522.01,10.116144515,139.9824969,2.70314,0
12353633,K07523.01,0.684496369,131.92125,2.263,0
12353720,K07524.01,1.953285321,133.1432,1.67598,0
8565912,K07898.01,1.012174295,131.90835,4.6617,0
2853828,K02896.02,346.36642,365.2864,14.94,0
7008149,K02918.02,0.51554111,131.6708765,0.87,0
3458919,K06337.01,0.892061734,131.815603,2.24307,0
3542573,K06338.01,3.471399214,133.7510303,5.07707,0
3543270,K06339.01,4.176929219,133.197382,5.2003,0
3544678,K06340.01,6.3762199,134.9584,2.24,0
3556742,K06344.01,0.823014905,132.160787,3.5426,0
4917014,K06472.01,0.796815149,131.9743416,1.0727,0
4931073,K06473.01,26.951237675,150.923211,8.27486,0
4932691,K06474.01,18.11208877,134.713916,6.7828,0
4940201,K06476.01,4.408295716,134.280413,3.62479,0
4946680,K06477.01,8.665259912,132.216249,3.1088,0
4947726,K06478.01,4.726086185,132.9230889,4.39793,0
4948863,K06479.01,8.643550046,139.8333977,3.1273,0
5529501,K06592.01,1.51945182,132.5975,2.95,0
5529560,K06593.01,0.759755409,131.79602,2.734,0
5530881,K06594.01,5.082523739,132.9614122,5.04732,0
5534476,K06595.01,1.02547271,131.6002,1.996,0
5534702,K06596.01,1.025465924,131.6091403,3.71841,0
5535280,K06597.01,74.985292949,146.1390004,6.23451,0
5553624,K06599.01,25.762056721,139.7346639,14.8694,0
6543682,K06728.01,1.195516859,132.302869,6.17216,0
6545018,K06729.01,1.995728294,132.839699,6.43532,0
6548447,K06730.01,10.768391927,137.679347,12.5252,0
6584167,K06732.01,0.733724504,132.02461,2.208,0
6591789,K06735.01,5.08840787,134.3553111,4.77204,0
6593363,K06736.01,18.527824075,139.2576071,5.88678,0
7336754,K06861.01,12.155241119,133.7671874,6.84353,0
7350067,K06863.01,4.48559215,135.43172,0.8161,1
7362534,K06864.01,0.566789763,131.81846,4.008,0
7362632,K06865.01,0.566811926,131.79708,4.181,0
7365447,K06866.01,2.525386934,133.913493,3.71613,0
7366036,K06867.01,0.566801506,131.7969,1.738,0
7366065,K06868.01,0.566803738,131.79343,1.8481,0
8211521,K06992.01,1.69421771,132.006,4.161,0
8229048,K06995.01,2.739477089,131.930634,3.18229,0
8231877,K06996.01,1.307761491,131.777769,2.22271,0
8234477,K06997.01,4.028671454,133.9542149,8.12253,0
8240109,K06998.01,2.30118753,132.193218,7.8216,0
8240861,K06999.01,0.449249224,1472.522306,4.7565,0
9049010,K07127.01,0.687004402,131.86316,3.829,0
9083503,K07128.01,0.91839938,131.6132,4.479,0
9093566,K07130.01,0.94356284,132.3272,5.721,0
9098590,K07131.01,2.243569483,133.7306188,4.14769,0
9098810,K07132.01,8.258181993,131.5010463,3.9122,0
9101208,K07134.01,1.81139053,132.9689,8.64,0
9944421,K07260.01,7.09520543,135.3715105,3.69044,0
9945280,K07261.01,0.651731691,131.751463,2.4602,0
9953736,K07262.01,0.50818743,131.63064,3.433,0
9958053,K07263.01,2.73398963,133.755464,1.52,0
9963009,K07265.01,40.069674617,153.018227,9.3564,0
8545603,K07893.01,55.884827,140.6478,2.283,0
10976412,K07393.01,3.75938475,134.13833,1.188,0
10979716,K07394.01,10.6840477,134.084445,3.515,0
10982373,K07395.01,2.00280845,132.06909,1.22,0
10987439,K07396.01,10.67459836,138.8847317,3.82706,0
10989032,K07397.01,2.305097141,133.705069,1.9378,0
10991989,K07398.01,0.974477904,132.370903,2.69834,0
10992733,K07399.01,18.525917446,144.1948764,5.9056,0
12356746,K07525.01,0.502454299,131.9221686,2.31547,0
12356914,K07526.01,27.308150159,143.504361,4.43906,0
12365000,K07527.01,1.262742487,132.19792,1.7433,0
12365015,K07528.01,0.59586463,131.9392,1.5,0
12367017,K07529.01,1.222127938,131.81559,2.2613,0
12367310,K07530.01,8.627475562,139.9908385,4.65505,0
12403968,K07531.01,0.589753355,131.83147,0.606,0
12418662,K07532.01,2.751566365,131.562267,5.2403,0
12418816,K07533.01,0.760935268,131.6357605,2.77023,0
9959492,K03051.02,1.33258772,132.0314,5.187,0
3558803,K06345.01,1.353414369,131.67312,13.416,0
3634169,K06346.01,2.9590637,133.9227,28.81,0
3644174,K06347.01,1.806631432,132.23663,1.102,0
3655326,K06348.01,15.066491533,140.655427,6.2852,0
3656322,K06349.01,1.831829703,132.53923,7.289,0
3656700,K06350.01,0.738527259,132.024142,1.2174,0
3659940,K06351.01,0.89627093,131.668052,2.2033,0
4949027,K06480.01,1.06100327,132.5257,1.675,0
4949214,K06481.01,0.922030594,132.076361,4.367,0
4950341,K06482.01,611.09299,134.3101,15.22,0
4950557,K06483.01,24.714790706,149.4927345,5.06776,0
5000179,K06485.01,3.6329347,131.88496,2.3,0
5017058,K06486.01,1.161947482,132.2121368,4.46886,0
5018787,K06487.01,0.607191908,132.0195301,1.30166,0
8345473,K07881.01,2.2502073,133.6127,2.203,0
5598639,K06602.01,0.648775795,131.7459799,4.34648,0
5610698,K06603.01,4.132521615,132.892463,12.4949,0
5616489,K06604.01,410.88527,202.8127,24.1,0
5621294,K06606.01,0.938905082,131.8411582,5.00453,0
5621299,K06607.01,0.93891532,131.83424,2.134,0
5622250,K06608.01,16.294213708,143.1937219,6.01687,0
5632781,K06609.01,11.02520205,131.715631,12.8097,0
6594972,K06737.01,10.819169459,132.9864665,5.50262,0
6595662,K06738.01,2.680514453,132.598382,3.21178,0
6606282,K06740.01,1.053573674,132.428012,1.70116,0
6606669,K06741.01,0.970085646,132.4088,1.129,0
6607610,K06742.01,63.52017525,162.163605,17.1759,0
6610219,K06743.01,11.300987626,801.4552005,10.5199,0
6610433,K06744.01,0.92098747,131.87056,2.04,0
7368103,K06869.01,2.182515126,132.354186,6.8413,0
7369523,K06870.01,2.659418888,133.3208183,6.98414,0
7376982,K06871.01,2.31610674,132.3383,3.347,0
7381695,K06873.01,0.948683571,131.88901,1.676,0
7385387,K06874.01,1.65546056,133.13661,3.52,0
7385478,K06875.01,1.655472351,133.126106,5.09197,0
7421876,K06876.01,4.50279037,134.1343,6.72,0
8243263,K07000.01,1.759276227,132.0750778,3.19585,0
8244295,K07001.01,1.09206792,132.1066,1.646,0
8262223,K07004.01,1.613014741,131.7482916,4.39594,0
8265520,K07005.01,6.2089181,136.6828,2.292,0
8265990,K07006.01,0.77996263,132.1472,3.369,0
9119405,K07135.01,18.646323091,139.0920079,8.853,0
9156957,K07137.01,3.6673005,133.1255,3.373,0
9159301,K07138.01,3.044771557,132.436907,11.0593,0
9163674,K07139.01,0.773144492,131.6393074,4.05643,0
9164788,K07140.01,2.66811113,133.5071,22.49,0
9172506,K07141.01,50.440285363,149.90838,12.2001,0
9179531,K07142.01,3.255385289,132.498277,5.9498,0
9963639,K07266.01,7.4185369,131.5282,1.451,0
9965691,K07267.01,15.68434493,133.03069,44.463,0
9971475,K07268.01,5.357409918,131.637601,4.28582,0
10000490,K07269.01,1.400991827,132.453975,4.8798,0
10014702,K07271.01,1.34062901,132.0803,3.076,0
10020423,K07273.01,7.448375935,137.694513,4.23892,0
11027270,K07401.01,0.533628226,132.00331,5.772,0
11027722,K07402.01,0.678137665,132.138369,1.00718,0
11029877,K07403.01,2.069415479,132.645356,5.71941,0
11071207,K07405.01,8.04963472,138.6541935,6.00488,0
11073223,K07406.01,11.578946873,131.7977742,4.6373,0
11076279,K07407.01,1.47258471,132.92769,4.76885,0
11124509,K07409.01,4.446459958,135.730111,2.558,0
12470530,K07536.01,8.207257515,135.8249178,4.23835,0
12504353,K07537.01,498.68845,556.5161,17.88,0
12506342,K07538.01,1.22775105,132.56346,1.602,0
12557713,K07541.01,7.214721393,132.498654,2.36464,0
9730163,K02704.03,8.15275885,134.19046,1.746,1
2437112,K03461.02,3.18740907,132.8032,6.19,0
8719324,K03716.02,10.23273611,139.5844258,1.55,0
5471690,K04006.02,0.962815183,132.21629,2.581,0
5078025,K04211.02,0.696290095,131.52676,3.839,0
3746248,K06354.01,0.62240698,131.68393,1.186,0
3757588,K06356.01,24.09002065,154.285323,11.0494,0
3764411,K06357.01,4.4158933,132.9738,1.155,0
3766353,K06359.01,2.666961614,133.719065,2.4774,0
5019567,K06488.01,1.17430183,131.7601,9.587,0
5021732,K06490.01,15.039464523,144.137252,5.39796,0
5022440,K06491.01,3.693951168,133.61052,2.2534,0
5022900,K06492.01,1.05680287,131.682,5.748,0
5024126,K06493.01,0.787122102,131.73687,3.0999,0
5024268,K06494.01,2.15045295,132.32499,4.453,0
5024372,K06495.01,0.561524348,131.79593,3.336,0
5647638,K06611.01,1.21607873,132.4476,4.686,0
5653126,K06612.01,38.49536985,152.84943,12.8716,0
5686974,K06613.01,4.18224416,134.0885,6.209,0
5696909,K06614.01,0.643002821,131.689685,1.02608,0
5697628,K06615.01,1.95119541,133.3951,1.907,0
5700330,K06616.01,53.220416998,138.5798799,17.7344,0
6629156,K06747.01,0.71538172,131.5505,5.0,0
6629588,K06748.01,2.264471713,131.518805,7.1803,0
6636020,K06749.01,18.3602239,143.4753,2.352,0
7431665,K06877.01,281.509095,171.52715,40.963,0
7455553,K06879.01,3.258249472,134.59656,2.6358,0
7456521,K06880.01,552.8295063,484.260879,16.0851,0
7461314,K06881.01,0.773595312,132.08776,0.781,0
7499571,K06883.01,533.6593,375.228,12.81,0
7541502,K06885.01,44.827323809,173.4103489,6.86103,0
8285254,K07008.01,7.535894184,137.781231,8.3059,0
8285970,K07009.01,0.562498925,131.750623,0.6743,0
8288719,K07010.01,0.755049082,132.1942347,2.09643,0
8294484,K07011.01,1.012694226,132.44896,3.6017,0
8296467,K07012.01,10.303356001,137.1682892,5.98633,0
8301013,K07013.01,2.214029545,133.1692046,5.64264,0
8302455,K07014.01,2.441988077,132.1323834,3.94526,0
8302473,K07015.01,2.44200193,132.1295,3.146,0
8311864,K07016.01,384.847556,314.97,9.969,1
9181340,K07143.01,2.131225773,133.29978,5.4932,0
9205993,K07145.01,1.219736039,132.12417,4.89465,0
9207508,K07146.01,2.015152464,132.1127635,8.17997,0
9210828,K07147.01,0.82820657,131.581313,2.70353,0
9236858,K07149.01,2.537081943,134.005172,4.80903,0
9243795,K07150.01,14.443127448,139.3903174,8.33598,0
9266285,K07151.01,5.61386908,132.572901,5.07753,0
10026136,K07274.01,9.080194398,136.8170208,8.18777,0
10026457,K07275.01,9.93442075,132.874989,7.8219,0
10031409,K07276.01,2.071939672,132.8368962,4.45367,0
10031526,K07277.01,8.5893644,132.0467,6.975,0
10031808,K07278.01,8.589644815,132.0206787,9.49469,0
10063044,K07280.01,1.009671584,131.5869372,4.37759,0
11134079,K07410.01,1.260575815,132.0569049,2.36064,0
11137061,K07411.01,1.88912273,132.953,4.219,0
11144439,K07412.01,0.609125246,132.08281,0.655,0
11147276,K07413.01,1.566528935,132.537255,3.2593,0
11154043,K07414.01,4.52977632,136.1237,26.752,0
4548011,K04288.03,4.32744048,132.7835,4.539,0
2852941,K04298.02,11.57958162,135.5195336,2.47,0
9597729,K04417.02,0.87630504,131.95622,1.11,0
3830820,K06360.01,15.582794732,135.112903,3.76683,0
3831523,K06361.01,1.529283907,131.4176092,14.0075,0
3834364,K06362.01,2.908454772,132.315694,2.6005,0
3836413,K06363.01,1.540396094,131.996172,2.8044,0
3836439,K06364.01,1.540395674,131.9963513,2.80168,0
3838004,K06365.01,2.344138713,131.57589,0.4495,0
3851134,K06366.01,0.91849333,131.8481,2.399,0
3851193,K06367.01,1.341078755,131.8392432,3.86492,0
9595956,K07604.01,316.950146,280.9211479,5.33,0
9655792,K07605.01,589.74851,241.6495,12.74,0
9970396,K07606.01,235.2976173,219.44696,87.013,0
10253638,K07608.01,7.4539297,137.33196,14.21,0
10267121,K07609.01,36.136968,137.0578,15.42,0
10341777,K07610.01,0.933746709,132.4539,3.435,0
10407271,K07611.01,0.93376738,132.4404,4.036,0
10471167,K07612.01,0.93374073,131.5337,4.296,0
10471174,K07613.01,0.93369659,131.5867,4.444,0
10471345,K07614.01,0.9337473,132.4461,3.446,0
11296798,K07615.01,677.35794,234.634,9.698,0
11463950,K07616.01,4.0551242,134.6871,12.0,0
11621897,K07618.01,21.6817115,137.009,7.18,0
12253534,K07619.01,466.08101,166.4321,23.69,0
12304202,K07620.01,0.66573903,131.6585795,1.27,0
9291039,K03230.02,3.796383639,135.2015074,8.6711,0
10155321,K04422.02,0.71059239,132.08465,4.92,0
4953173,K04676.02,3.36379289,132.9065,23.7,0
6363560,K05270.02,0.907818056,131.91608,1.679,0
7539174,K05397.02,297.71402,315.5437,13.413,0
7935997,K05447.02,3.87594316,134.84758,2.314,1
10535708,K05801.02,0.93373761,131.53,3.303,0
11453930,K05900.02,0.687739345,131.73999,0.1866,0
4737267,K06117.01,9.524076544,134.803805,10.4891,0
5955321,K06140.01,11.637858887,136.885517,11.8851,0
6182093,K06143.02,50.900813,150.314465,3.3,0
10621666,K01636.02,14.5862195,135.2746,2.733,0
5211470,K06541.02,0.938074536,132.26984,1.9618,0
6665064,K06751.02,0.698359996,131.7023,1.4959,0
3123418,K07542.01,563.94854,145.5541,15.631,0
3458687,K07543.01,0.98376204,132.28418,10.052,0
3749508,K07544.01,2.403704619,131.5641527,0.8927,0
3955867,K07545.01,33.65766894,178.48518,40.787,0
4074294,K07547.01,0.892988877,131.56303,2.4428,0
4380560,K07548.01,0.705816203,131.94499,5.55,0
4384652,K07549.01,374.51648,430.92524,6.088,0
7697568,K01829.02,10.3482112,136.63763,2.089,0
4483235,K07550.01,1.7609276,132.30263,5.189,0
4662363,K07551.01,321.24194284,451.2907139,10.16,0
4680745,K07552.01,1.463148937,132.34802,11.04,0
4851195,K07553.01,374.514471,430.92258,6.629,0
5024414,K07555.01,1.525924746,132.69258,1.955,0
5177065,K07556.01,1.25383162,132.6237,7.68,0
5268955,K07557.01,12.82252496,137.3868282,18.8,0
5598645,K07560.01,0.648772102,131.74503,2.614,0
5696518,K07561.01,0.96391996,132.3687769,3.01,0
5908086,K07563.01,0.93705132,132.0238,4.808,0
6307243,K07564.01,451.86579,254.8061,13.47,0
6350522,K07565.01,491.52571,248.9249,12.43,0
6385302,K07566.01,411.54039644,185.353922,17.33,0
6508734,K07568.01,480.03759,318.4745,16.25,0
6527050,K07569.01,0.87985197,131.7662713,1.3,0
6590362,K07570.01,0.592618966,132.09892,0.811,0
6628740,K07571.01,0.532854237,131.93754,3.231,0
7031126,K07573.01,0.566802672,131.81511,3.545,0
7031208,K07574.01,0.566796331,131.8335,5.194,0
7031742,K07575.01,0.566785459,131.82998,2.893,0
7032568,K07576.01,0.566792936,131.8166,2.846,0
7032687,K07577.01,0.5668004,131.81997,3.813,0
7115384,K07578.01,0.566793614,131.65376,5.723,0
7116282,K07579.01,0.566798676,131.81422,2.777,0
7116859,K07580.01,0.5667638,131.8674,1.73,0
7133286,K07581.01,38.51077573,155.594831,38.8558,0
7186259,K07582.01,4.23965309,132.9703967,3.29,0
7214090,K07583.01,0.577910513,131.79797,1.362,0
7281694,K07584.01,0.566807725,131.7888,2.16,0
7362450,K07585.01,0.566807422,131.81547,5.148,0
8007262,K07586.01,1.345078434,132.04218,10.19,0
8106973,K07588.01,439.1076969,222.7449,26.2259,0
8258103,K07590.01,0.594003994,132.07059,5.557,0
8579684,K07594.01,2.08802799,132.08475,24.017,0
8649876,K07595.01,10.4212788,140.6517,28.4832,0
8846809,K07597.01,0.778705577,131.64448,6.445,0
8868686,K07598.01,4.44709107,133.9044,16.79,0
9025662,K07599.01,293.70696,350.5928,11.03,0
8572936,K02459.01,27.795762425,136.179877,15.5056,0
9837578,K02937.01,20.733748565,132.8465918,6.28773,0
7821010,K02938.01,24.238241803,136.6165689,4.16665,0
5473556,K02939.01,11.258825027,134.7384085,8.9592,0
6504534,K03152.01,28.162612575,143.7174718,3.19576,0
6307062,K03153.01,75.378956896,167.1066034,7.70352,0
5652983,K00371.02,9.0584662,133.2317,6.376,0
9092897,K07600.01,3.9169155,132.2130377,2.11,0
9246715,K07601.01,342.55315723,337.516722,73.8068,0
9292130,K07602.01,362.747593,368.2357,16.45,0
9541144,K07603.01,0.536650344,131.7073,2.878,0
8757213,K07911.01,328.0485,301.5126,13.75,0
8880003,K07914.01,1.72128752,132.5489,2.366,0
8953296,K07916.01,0.784294574,132.2265109,4.18831,0
8749844,K07909.01,361.51099,249.7333,4.868,0
8962007,K07917.01,1.41435861,132.69838,2.285,0
8703491,K07906.01,0.616343903,132.086508,0.7656,0
9079587,K07921.01,364.33929,183.3173,13.486,0
8703506,K07907.01,352.710091,251.1931,2.901,0
8590776,K07900.01,33.8938177,135.3496,2.012,0
8761550,K07912.01,224.591055,208.7904,3.232,0
8686761,K07904.01,374.93999098,137.9851608,17.0849,0
8873450,K07913.01,24.2783801,154.51325,4.564,1
8750503,K07910.01,11.9283194,142.127,6.69,0
8639155,K07902.01,0.603351522,131.98902,0.8358,0
9021047,K07919.01,31.97280045,261.76713,4.9,0
8587439,K07899.01,8.39140024,139.02864,1.193,0
8712863,K07908.01,0.532493086,131.90244,2.145,0
9079915,K07922.01,0.812678859,132.20817,0.841,0
10208894,K08199.01,183.836254,149.3728,13.088,0
10214873,K08200.01,5.959695593,135.2739557,1.8383,0
10268714,K08202.01,452.65206,495.317,19.87,0
10281311,K08203.01,234.66319186,166.0293811,7.627,0
10341876,K08204.01,351.204993,184.9276,22.414,0
10219288,K07993.01,3.381607,132.92656,7.627,0
10226343,K07994.01,0.660655454,131.6909,7.111,0
10263598,K07995.01,145.750554,199.6247,13.999,0
10266860,K07996.01,2.17813954,132.02972,2.063,0
4763020,K08097.01,384.09781,418.6723,12.55,0
5128966,K08098.01,0.505322676,131.542732,5.2727,0
5288744,K08099.01,333.71634048,336.7917544,4.8236,0
5305225,K08100.01,322.50741,350.3646,20.688,0
5598216,K08101.01,373.8716,186.6688,16.78,0
5637036,K08102.01,171.046664,293.02637,2.438,0
5647008,K08103.01,0.799868354,131.997209,6.613,0
10385708,K08206.01,345.7671,320.3812,15.38,0
10404545,K08207.01,350.34114,184.81,16.97,0
10425070,K08208.01,363.97165,198.9835,5.702,0
10425070,K08208.02,395.23753,186.536,18.494,0
10461045,K08209.01,385.97241,315.6247,12.167,0
10493253,K08210.01,89.667675,183.036,3.726,0
10321927,K07997.01,321.02094,179.7137,7.51,0
10322797,K07999.01,1.213742728,131.74123,3.596,0
10338529,K08002.01,366.74866,308.3136,12.446,0
10340212,K08003.01,0.93374894,131.526,4.637,0
10383729,K08004.01,0.734548624,132.16826,2.207,0
5709226,K08104.01,317.99484,393.0306,7.28,0
5775090,K08105.01,432.96732,173.2686,10.85,0
5791705,K08106.01,614.39054,332.5045,9.312,0
5812648,K08108.01,238.561202,273.2378,11.9,0
5872139,K08110.01,375.17737,260.4516,20.52,0
10519701,K08212.01,334.87402,426.2844,35.42,0
10664150,K08213.01,370.2402,307.3322,31.46,0
10735575,K08214.01,1.6749812,131.79288,2.707,0
10753394,K08215.01,288.678554,143.8403,9.197,0
10875937,K08216.01,307.94735718,316.0192261,15.0,0
11087662,K08218.01,264.63654,190.9169,42.77,0
10389280,K08005.01,375.408923,364.4869,11.438,0
10397315,K08006.01,2.17812769,132.02922,1.645,0
10405224,K08008.01,0.93378068,132.4123,3.706,0
10405482,K08009.01,0.93373895,132.4707,4.156,0
10405546,K08010.01,0.93373718,132.4634,2.582,0
5955427,K08112.01,213.201978,309.9395,15.396,0
5956977,K08113.01,77.773042,168.8387,2.285,0
6043574,K08114.01,381.782641,241.1226,4.52,0
6049470,K08115.01,354.7897,434.394,12.62,0
6105359,K08116.01,235.544698,191.2774,8.93,0
11099109,K08219.01,115.28415,219.612,11.39,0
11124353,K08220.01,423.73074,548.9392,19.4,0
11400356,K08222.01,677.56282,214.2391,10.53,0
11449696,K08224.01,371.21205,307.6693,19.95,0
11456839,K08225.01,190.783023,213.6601,4.069,0
10462462,K08013.01,0.85581563,132.1452541,10.27,0
10470882,K08014.01,0.9337491,132.449,3.842,0
10470993,K08015.01,0.93374417,132.44559,3.385,0
10471005,K08016.01,0.93374635,131.5163,3.074,0
10471055,K08017.01,0.9337465,131.5267,3.629,0
10471204,K08018.01,0.93371631,131.5435,4.344,0
6119605,K08118.01,260.02265,329.8262,12.009,0
6230649,K08119.01,443.66,523.348,7.99,0
6286633,K08120.01,366.28999,460.2423,10.869,0
6451125,K08121.01,72.6549842,170.59195,5.503,0
6516529,K08123.01,379.42818,358.9906,11.24,0
6521526,K08124.01,103.039788,164.9409,14.197,0
11501492,K08226.01,371.90464,308.9957,25.36,0
11558217,K08227.01,362.85801,152.6104,17.03,0
11649292,K08228.01,384.558321,160.73276,4.76,0
11760931,K08229.01,397.72733,264.7499,11.683,0
11854061,K08230.01,504.88419,357.6471,20.18,0
11868122,K08231.01,384.92275,238.6778,9.98,0
10471243,K08019.01,0.93376131,132.4342,3.747,0
10471296,K08020.01,0.93377253,132.429,2.544,0
10535886,K08021.01,0.93376021,132.4413,3.182,0
10535897,K08022.01,0.93372008,131.544,2.591,0
10535926,K08023.01,0.93373591,132.46,4.517,0
10535991,K08024.01,0.93374911,132.4534,3.504,0
10536177,K08025.01,0.93372261,131.5423,3.052,0
6600492,K08125.01,312.61007,325.3776,14.85,0
6685403,K08126.01,429.60143,269.5261,18.11,0
6846544,K08127.01,499.88159,319.3109,13.39,0
6848529,K08128.01,197.37704,306.7686,18.71,0
6887321,K08129.01,1.65746034,131.6967,4.572,0
6953281,K08130.01,0.566799395,131.79717,1.5368,0
7020168,K08131.01,203.8406,250.6264,9.33,0
12012872,K08233.01,14.395425,140.977,5.12,0
12069319,K08234.01,231.157554,346.94896,8.489,0
12121118,K08235.01,495.06538,245.567,21.09,0
12252732,K08236.01,595.78152,363.7685,15.97,0
12554051,K08237.01,365.709623,183.4903,13.553,0
12555140,K08239.01,655.25732,185.9927,20.05,0
10614845,K08027.01,0.573762943,131.80193,2.196,0
10616829,K08028.01,1.072934147,132.293066,4.50475,0
10686909,K08029.01,2.61854596,133.9991,4.866,0
10730250,K08030.01,13.667809025,134.6559996,2.7993,0
10801951,K08032.01,1.105123883,132.51976,3.001,0
7049771,K08132.01,381.85852,458.813,16.121,0
7053328,K08133.01,455.77076435,338.7923743,5.1149,0
7106437,K08134.01,212.760495,254.4527,3.703,0
7117050,K08135.01,73.836858,174.0088,19.722,0
7185710,K08136.01,160.243128,162.4736,5.393,0
7282872,K08137.01,402.41511,512.3896,5.156,0
7340624,K08138.01,369.28177,233.4368,26.96,0
12647110,K08240.01,462.463589,583.10723,5.007,0
3662635,K08243.01,0.939375593,132.016859,2.8424,0
3734501,K08244.01,31.1911468,142.5078,7.003,0
4169315,K08245.01,30.9587224,263.3166,4.411,0
10862284,K08034.01,9.1447861,139.2816,5.422,0
10877024,K08036.01,0.786483923,131.84261,7.035,0
10920420,K08038.01,0.9438885,132.2865,2.592,0
7622473,K08139.01,40.244826,161.3679,4.303,0
7662744,K08140.01,135.428746,168.5064,7.394,0
7686191,K08141.01,380.03903,387.6494,18.5,0
7690521,K08142.01,380.294204,355.6712,12.351,0
7747835,K08143.01,373.74691,259.9281,28.37,0
7762886,K08144.01,315.81065,172.543,23.66,0
7811537,K08145.01,16.9341628,145.9902,3.94,0
4566999,K08247.01,527.68601,176.6176,4.817,0
4569942,K08248.01,267.911652,160.2278,4.124,0
4772095,K08250.01,99.299502,138.7153,3.631,0
4847801,K08251.01,371.47786,341.9634,12.3,0
5026023,K08252.01,1.99638423,131.5598,2.4,0
9101271,K07926.01,29.3657204,135.07289,8.7303,0
9118340,K07927.01,1.035329922,132.3319,3.8022,0
9159198,K07929.01,3.04463691,132.4477,6.656,0
11098004,K08041.01,7.508818,138.655,6.5,0
11135119,K08042.01,383.937324,299.28884,2.884,0
11145726,K08044.01,0.619618218,131.7585541,1.2517,0
11152950,K08045.01,4.17363793,134.20036,2.738,0
7811537,K08145.02,244.58323,159.3552,12.822,0
7874976,K08146.01,185.83013,295.002,10.14,0
7888957,K08147.01,363.346158,175.9438,4.911,0
7900114,K08148.01,303.91225,277.1238,15.37,0
7936194,K08149.01,536.52197,379.6146,4.458,0
7959310,K08150.01,350.514,210.8168,19.53,0
8012732,K08151.01,431.51734,391.69732,16.42,0
5391407,K08254.01,0.638697833,131.7556646,5.1609,0
5468555,K08255.01,539.214259,439.5039,3.464,0
5638699,K08256.01,343.56446,203.9865,18.94,0
5871116,K08258.01,54.432903,154.9178,3.554,0
6032318,K08260.01,235.20613,291.0893,6.989,0
9347066,K07933.01,20.004714,139.0639,2.952,0
9392016,K07935.01,350.65158,208.7904,7.976,0
9429631,K07937.01,4.18587282,132.41733,1.998,0
9518558,K07939.01,2.178142613,132.03328,0.906,0
11348086,K08049.01,391.420272,470.44301,3.84,0
11357185,K08051.01,185.243906,177.2769,3.276,0
8028465,K08152.01,261.684363,247.3986,3.892,0
8129641,K08153.01,0.808106001,131.69026,3.9174,0
8226720,K08154.01,391.33068,186.7266,12.37,0
8307354,K08155.01,320.56794551,279.6247569,15.3614,0
8588982,K08158.01,116.025744,206.39348,3.539,0
6182508,K08261.01,85.9770426,159.3127,1.919,0
6195669,K08262.01,370.94353,261.1772,16.64,0
6583107,K08264.01,30.6261927,157.94613,1.107,0
6681618,K08265.01,364.42189,303.9267,38.14,0
6946985,K08266.01,440.584562,564.12806,10.534,0
7106438,K08267.01,269.331027,232.6164,4.891,0
9529148,K07942.01,25.3428696,132.6844,1.51,0
9531850,K07943.01,0.66234265,131.714,1.049,0
9541094,K07944.01,0.536654028,131.70663,2.783,0
9579753,K07945.01,1.08908149,132.0192,2.262,0
9588880,K07946.01,77.97621155,175.35495,2.0,0
9592831,K07947.01,0.609668222,131.934,2.836,0
9602658,K07948.01,3.55650403,133.5416,6.862,0
11560397,K08056.01,0.527673051,131.82042,1.631,0
11565903,K08057.01,117.140785,245.0828,3.401,0
11601597,K08058.01,0.590281548,131.69127,2.72,0
11612241,K08059.01,4.5647147,133.0763,13.395,0
11661803,K08060.01,372.086704,404.89901,3.686,0
11661803,K08060.02,363.448167,411.19336,6.013,0
8608544,K08159.01,348.68162,343.821,10.959,0
8618147,K08160.01,345.128277,218.662,15.925,0
8630840,K08161.01,370.38642,263.3823,23.94,0
8683144,K08162.01,267.970682,267.9789,11.48,0
8740744,K08164.01,417.829033,138.8786,15.05,0
7451315,K08268.01,368.5224,177.454,36.29,0
7751294,K08269.01,371.4589776,309.8187992,10.0734,0
8008913,K08271.01,34.9989085,160.32308,1.764,0
8108450,K08273.01,386.78734,354.9326,15.51,0
8293631,K08274.01,449.557346,142.8226,17.227,0
9639021,K07950.01,2.21568076,132.26619,1.515,0
9643210,K07952.01,3.850304552,132.1063696,1.5337,0
9651155,K07955.01,1.07383154,132.0326,4.846,0
11709006,K08061.01,0.719741,131.898,2.628,0
11724094,K08064.01,1.47623061,131.603,2.032,0
11774383,K08065.01,0.520227316,131.83796,1.7939,0
11804952,K08066.01,36.3192885,155.94476,2.601,0
11819135,K08067.01,1.901655058,132.83364,4.6545,0
8742735,K08165.01,331.92622,289.5792,10.84,0
8743244,K08166.01,346.31688,247.1069,21.92,0
8743244,K08166.02,365.61087,185.4567,16.102,0
8748435,K08167.01,259.85736,291.1798,24.04,0
8766268,K08168.01,5.29731736,135.5479,3.341,0
8808064,K08169.01,447.97028,559.6455,10.857,0
8813404,K08170.01,374.80095,457.3021,10.691,0
8873674,K08278.01,172.280975,216.0303,12.24,0
9209808,K08281.01,244.547128,133.3618,3.59,0
9656547,K07956.01,1.27228771,132.49945,2.099,0
9658192,K07957.01,1.886002102,131.74153,1.021,0
9710611,K07958.01,386.35444,359.0914,9.594,0
9710626,K07959.01,371.21454,497.5266,19.4,0
9710792,K07960.01,365.5435,132.6904,14.78,0
9770983,K07961.01,7.02932339,134.66434,2.853,0
9777089,K07962.01,19.229478,132.5889,4.68,0
11918793,K08069.01,38.35312,167.6337,2.9,0
11922290,K08070.01,114.661733,237.2307,2.784,0
11966668,K08071.01,313.19875,340.9372,8.603,0
11967872,K08072.01,134.370692,249.3136,8.73,0
12004656,K08073.01,2.52123022,132.8709,4.739,0
12008916,K08074.01,47.4314857,174.6547,4.511,0
12021943,K08075.01,6.0962602,134.9875,10.4,0
8815031,K08171.01,472.6038,515.577,12.15,0
8821936,K08172.01,371.51852,317.6836,30.94,0
8832676,K08173.01,323.66542,204.2147,20.37,0
9075882,K08175.01,367.01607,181.8404,15.48,0
9084832,K08176.01,568.08251,254.65449,13.608,0
9093859,K08177.01,3.0447752,132.3975,7.35,0
9239670,K08282.01,456.55308,527.3529,4.435,0
9388557,K08283.01,209.941369,268.5679,2.97,0
9532997,K08284.01,49.763624,135.0312,2.749,0
9536836,K08285.01,320.347208,406.2309,7.159,0
10010452,K08287.01,358.74318,150.554,19.76,0
10226420,K08288.01,0.660663034,131.68417,2.81,0
9777990,K07963.01,14.3400358,140.9329,5.7,0
9813678,K07964.01,0.505079006,131.930776,1.36737,0
9826551,K07965.01,7.19680984,136.63955,1.683,0
9838537,K07966.01,1.33257715,132.0367,5.158,0
9838761,K07967.01,1.33254428,132.06788,3.122,0
9839062,K07968.01,424.623345,218.25955,9.666,0
9851983,K07969.01,1.456383399,132.71661,11.838,0
12419303,K08079.01,0.608074963,131.66689,0.879,0
12453855,K08080.01,0.559643825,131.517134,0.677,0
12459808,K08081.01,0.502446098,131.9359,1.803,0
9114508,K08178.01,256.45616,141.7586,35.35,0
9216810,K08179.01,138.62902498,235.3730333,4.93,0
9340460,K08181.01,388.519605,352.2898,10.613,0
9409493,K08182.01,60.049737,158.5226,20.17,0
9649205,K08184.01,237.26601,315.9446,8.74,0
10341781,K08289.01,0.93371211,131.5372,4.76,0
10459805,K08290.01,461.13781,187.0978,12.91,0
10471090,K08291.01,0.93376089,132.4263,3.027,0
10532751,K08292.01,367.761848,194.7697,4.891,0
10585887,K08293.01,378.65484,288.2584,11.3,0
11867733,K08294.01,384.356448,298.90354,3.872,0
11923074,K08295.01,1.75647084,132.02757,2.538,0
9899216,K07971.01,1.33259003,132.0133,3.962,0
9899256,K07972.01,1.33254024,132.0784,3.16,0
9899621,K07974.01,1.33255492,132.048,3.63,0
9899623,K07975.01,1.33259095,132.0329,4.947,0
12644020,K08083.01,234.524445,346.4227,3.9,0
2010152,K08084.01,317.74527,205.9582,17.54,0
2712825,K08086.01,18.384953,133.39,5.92,0
3443582,K08087.01,1.085965104,132.006611,10.716,0
3533483,K08088.01,308.185801,306.2132,3.689,0
9771576,K08185.01,398.71694,481.1929,21.6,0
9827094,K08186.01,241.8591,248.7902,12.77,0
9837720,K08187.01,353.04037,258.7443,14.102,0
9873604,K08188.01,522.33888,344.6934,13.53,0
9874581,K08189.01,473.56314,222.9281,5.087,0
9899449,K08190.01,1.332565736,132.049815,6.0828,0
9962731,K08191.01,385.39743,340.6913,21.69,0
12117215,K08296.01,272.54288087,349.7527344,3.0246,0
9912977,K07977.01,0.9439372,131.8207372,7.27446,0
9941425,K07979.01,1.075158342,131.7092,1.295,0
9959368,K07980.01,1.33255801,132.0631,4.74,0
9959765,K07981.01,1.33250451,132.1018,4.143,0
10014875,K07983.01,453.64875,296.6153,18.34,0
3954211,K08090.01,0.594274521,131.839508,2.162,0
4056579,K08091.01,239.179477,188.47092,2.93,0
4276445,K08092.01,405.65377,266.3288,11.02,0
4371172,K08093.01,73.992267,143.4283,5.692,0
4557341,K08094.01,361.901618,405.3021,4.984,0
4645492,K08095.01,508.04103,361.7222,5.398,0
4738095,K08096.01,309.933134,141.9846,7.165,0
10023069,K08192.01,266.977677,240.84342,8.59,0
10079317,K08194.01,236.25776888,153.9570927,3.3549,0
10079481,K08195.01,330.80879,281.1568,21.669,0
10081899,K08196.01,522.64613,190.3389,17.77,0
10199817,K08197.01,392.94247,383.673,11.055,0
10205598,K08198.01,373.89398,261.4968,27.66,0
10031643,K07984.01,8.5898708,132.0161,4.806,0
10090151,K07985.01,0.527698548,131.705093,3.2221,0
10147276,K07987.01,0.681401611,132.18175,0.865,0
10156110,K07989.01,4.85603482,135.9933,3.078,0
